ISO-10303-21;
HEADER;
FILE_DESCRIPTION (( 'STEP AP214' ),
    '1' );
FILE_NAME ('ECS-.327-12.5-49-TR.STEP',
    '2020-06-15T08:21:09',
    ( '' ),
    ( '' ),
    'SwSTEP 2.0',
    'SolidWorks 2017',
    '' );
FILE_SCHEMA (( 'AUTOMOTIVE_DESIGN' ));
ENDSEC;

DATA;
#1 = ORIENTED_EDGE ( 'NONE', *, *, #782, .T. ) ;
#2 = EDGE_CURVE ( 'NONE', #1271, #1155, #1307, .T. ) ;
#3 = CARTESIAN_POINT ( 'NONE',  ( -2.049999999999999800, 0.7900000000000000400, 0.5999999999999998700 ) ) ;
#4 = ORIENTED_EDGE ( 'NONE', *, *, #1692, .F. ) ;
#5 = ORIENTED_EDGE ( 'NONE', *, *, #1235, .F. ) ;
#6 = ORIENTED_EDGE ( 'NONE', *, *, #2168, .T. ) ;
#7 = CARTESIAN_POINT ( 'NONE',  ( -1.899999999999999700, 0.8000000000000000400, -0.7500000000000002200 ) ) ;
#8 = DIRECTION ( 'NONE',  ( -4.565061778886335000E-016, 0.0000000000000000000, -1.000000000000000000 ) ) ;
#9 = MECHANICAL_DESIGN_GEOMETRIC_PRESENTATION_REPRESENTATION (  '', ( #947 ), #691 ) ;
#10 = DIRECTION ( 'NONE',  ( 0.0000000000000000000, 0.0000000000000000000, -1.000000000000000000 ) ) ;
#11 = MANIFOLD_SOLID_BREP ( 'Boss-Extrude2', #1814 ) ;
#12 = AXIS2_PLACEMENT_3D ( 'NONE', #433, #999, #2154 ) ;
#13 = PLANE ( 'NONE',  #739 ) ;
#14 = VERTEX_POINT ( 'NONE', #1929 ) ;
#15 = CARTESIAN_POINT ( 'NONE',  ( 8.047349223364833000E-017, 0.2000000000000000100, 0.3800000000000000000 ) ) ;
#16 = ORIENTED_EDGE ( 'NONE', *, *, #1657, .T. ) ;
#17 = EDGE_CURVE ( 'NONE', #658, #1878, #1134, .T. ) ;
#18 = VECTOR ( 'NONE', #2053, 1000.000000000000000 ) ;
#19 = COLOUR_RGB ( '',0.7921568627450980000, 0.8196078431372548800, 0.9333333333333333500 ) ;
#20 = DIRECTION ( 'NONE',  ( -1.057758217059028900E-016, 0.0000000000000000000, -1.000000000000000000 ) ) ;
#21 = ADVANCED_FACE ( 'NONE', ( #962 ), #108, .F. ) ;
#22 = PLANE ( 'NONE',  #1390 ) ;
#23 = FACE_OUTER_BOUND ( 'NONE', #2039, .T. ) ;
#24 = DIRECTION ( 'NONE',  ( 0.0000000000000000000, -1.000000000000000000, 0.0000000000000000000 ) ) ;
#25 = VECTOR ( 'NONE', #849, 1000.000000000000000 ) ;
#26 = CARTESIAN_POINT ( 'NONE',  ( 1.349999999999999900, 1.855294535724685900, 0.6750000000000007100 ) ) ;
#27 = VECTOR ( 'NONE', #502, 1000.000000000000000 ) ;
#28 = DIRECTION ( 'NONE',  ( -0.0000000000000000000, -1.000000000000000000, -0.0000000000000000000 ) ) ;
#29 = AXIS2_PLACEMENT_3D ( 'NONE', #733, #1104, #747 ) ;
#30 = DIRECTION ( 'NONE',  ( 0.0000000000000000000, 0.0000000000000000000, 1.000000000000000000 ) ) ;
#31 = ORIENTED_EDGE ( 'NONE', *, *, #1692, .T. ) ;
#32 = ORIENTED_EDGE ( 'NONE', *, *, #1482, .T. ) ;
#33 = ORIENTED_EDGE ( 'NONE', *, *, #553, .F. ) ;
#34 = DIRECTION ( 'NONE',  ( 0.7071067811865485700, 0.0000000000000000000, -0.7071067811865465700 ) ) ;
#35 = EDGE_CURVE ( 'NONE', #38, #1034, #885, .T. ) ;
#36 = EDGE_LOOP ( 'NONE', ( #387, #1388, #630, #1454 ) ) ;
#37 = ORIENTED_EDGE ( 'NONE', *, *, #49, .F. ) ;
#38 = VERTEX_POINT ( 'NONE', #976 ) ;
#39 = EDGE_LOOP ( 'NONE', ( #1480, #727, #932, #2456 ) ) ;
#40 =( NAMED_UNIT ( * ) SI_UNIT ( $, .STERADIAN. ) SOLID_ANGLE_UNIT ( ) );
#41 = CARTESIAN_POINT ( 'NONE',  ( -2.049999999999999800, 1.855294535724685900, -0.6000000000000006400 ) ) ;
#42 = PRESENTATION_LAYER_ASSIGNMENT (  '', '', ( #947 ) ) ;
#43 = LINE ( 'NONE', #1978, #1877 ) ;
#44 = CARTESIAN_POINT ( 'NONE',  ( -1.349999999999999900, 0.0000000000000000000, 0.6750000000000007100 ) ) ;
#45 = DIRECTION ( 'NONE',  ( 1.141265444721583800E-016, -0.0000000000000000000, 1.000000000000000000 ) ) ;
#46 = ORIENTED_EDGE ( 'NONE', *, *, #1125, .F. ) ;
#47 = FACE_OUTER_BOUND ( 'NONE', #349, .T. ) ;
#48 = AXIS2_PLACEMENT_3D ( 'NONE', #1220, #1409, #1416 ) ;
#49 = EDGE_CURVE ( 'NONE', #1476, #868, #1823, .T. ) ;
#50 = DIRECTION ( 'NONE',  ( -0.0000000000000000000, -1.000000000000000000, -0.0000000000000000000 ) ) ;
#51 =( LENGTH_UNIT ( ) NAMED_UNIT ( * ) SI_UNIT ( .MILLI., .METRE. ) );
#52 = FACE_OUTER_BOUND ( 'NONE', #1707, .T. ) ;
#53 = SURFACE_SIDE_STYLE ('',( #2153 ) ) ;
#54 = EDGE_CURVE ( 'NONE', #1153, #1807, #761, .T. ) ;
#55 = LINE ( 'NONE', #74, #891 ) ;
#56 = CARTESIAN_POINT ( 'NONE',  ( 2.049999999999999800, 0.7900000000000000400, 0.5999999999999994200 ) ) ;
#57 = DIRECTION ( 'NONE',  ( -0.0000000000000000000, -1.000000000000000000, -0.0000000000000000000 ) ) ;
#58 = VECTOR ( 'NONE', #324, 1000.000000000000000 ) ;
#59 =( LENGTH_UNIT ( ) NAMED_UNIT ( * ) SI_UNIT ( .MILLI., .METRE. ) );
#60 = CARTESIAN_POINT ( 'NONE',  ( -1.975000000000000100, 0.8000000000000000400, 0.5249999999999999100 ) ) ;
#61 = CARTESIAN_POINT ( 'NONE',  ( -1.349999999999999900, -0.0000000000000000000, -0.6750000000000007100 ) ) ;
#62 = VECTOR ( 'NONE', #1962, 1000.000000000000000 ) ;
#63 = ORIENTED_EDGE ( 'NONE', *, *, #229, .F. ) ;
#64 = PLANE ( 'NONE',  #1093 ) ;
#65 = EDGE_LOOP ( 'NONE', ( #875, #2224, #1654, #552 ) ) ;
#66 = AXIS2_PLACEMENT_3D ( 'NONE', #1116, #1288, #1479 ) ;
#67 = VERTEX_POINT ( 'NONE', #298 ) ;
#68 = ORIENTED_EDGE ( 'NONE', *, *, #1469, .T. ) ;
#69 = PLANE ( 'NONE',  #1956 ) ;
#70 = VERTEX_POINT ( 'NONE', #225 ) ;
#71 = EDGE_LOOP ( 'NONE', ( #1337, #931, #1920, #1367, #97, #830, #254, #1099, #31, #1389 ) ) ;
#72 = EDGE_CURVE ( 'NONE', #754, #491, #169, .T. ) ;
#73 = VERTEX_POINT ( 'NONE', #1020 ) ;
#74 = CARTESIAN_POINT ( 'NONE',  ( 1.974999999999999900, 1.855294535724685900, 0.5250000000000008000 ) ) ;
#75 = CARTESIAN_POINT ( 'NONE',  ( 1.899999999999999700, 0.0000000000000000000, 0.7500000000000006700 ) ) ;
#76 = DIRECTION ( 'NONE',  ( -0.0000000000000000000, -1.000000000000000000, -0.0000000000000000000 ) ) ;
#77 = AXIS2_PLACEMENT_3D ( 'NONE', #897, #913, #1249 ) ;
#78 = CARTESIAN_POINT ( 'NONE',  ( -1.824999999999999500, 0.8000000000000000400, -0.6750000000000003800 ) ) ;
#79 = DIRECTION ( 'NONE',  ( 4.565061778886335000E-016, 0.0000000000000000000, -1.000000000000000000 ) ) ;
#80 = PLANE ( 'NONE',  #134 ) ;
#81 = ORIENTED_EDGE ( 'NONE', *, *, #135, .T. ) ;
#82 = LINE ( 'NONE', #2264, #1695 ) ;
#83 = LINE ( 'NONE', #1857, #714 ) ;
#84 = EDGE_CURVE ( 'NONE', #866, #305, #581, .T. ) ;
#85 = CARTESIAN_POINT ( 'NONE',  ( 1.824999999999999700, 0.8000000000000000400, -0.5250000000000006900 ) ) ;
#86 = DIRECTION ( 'NONE',  ( -1.000000000000000000, 0.0000000000000000000, 1.188166764367676300E-016 ) ) ;
#87 = LINE ( 'NONE', #955, #1027 ) ;
#88 = FACE_OUTER_BOUND ( 'NONE', #2442, .T. ) ;
#89 = CARTESIAN_POINT ( 'NONE',  ( -2.049999999999999800, 0.0000000000000000000, -0.7500000000000002200 ) ) ;
#90 = CARTESIAN_POINT ( 'NONE',  ( -1.824999999999999700, 0.2000000000000000900, -0.6750000000000010400 ) ) ;
#91 = PRODUCT_DEFINITION_CONTEXT ( 'detailed design', #1902, 'design' ) ;
#92 = ORIENTED_EDGE ( 'NONE', *, *, #2256, .T. ) ;
#93 = ORIENTED_EDGE ( 'NONE', *, *, #989, .F. ) ;
#94 = EDGE_CURVE ( 'NONE', #1100, #282, #641, .T. ) ;
#95 = ORIENTED_EDGE ( 'NONE', *, *, #1485, .F. ) ;
#96 = ORIENTED_EDGE ( 'NONE', *, *, #1136, .F. ) ;
#97 = ORIENTED_EDGE ( 'NONE', *, *, #204, .T. ) ;
#98 = AXIS2_PLACEMENT_3D ( 'NONE', #1701, #2292, #381 ) ;
#99 = ORIENTED_EDGE ( 'NONE', *, *, #578, .T. ) ;
#100 = ADVANCED_FACE ( 'NONE', ( #1926 ), #1802, .F. ) ;
#101 = ORIENTED_EDGE ( 'NONE', *, *, #352, .T. ) ;
#102 = EDGE_CURVE ( 'NONE', #321, #1241, #2026, .T. ) ;
#103 = CARTESIAN_POINT ( 'NONE',  ( 2.049999999999999800, 0.8000000000000000400, 0.5999999999999994200 ) ) ;
#104 = DIRECTION ( 'NONE',  ( -4.130293990420968900E-016, 0.0000000000000000000, 1.000000000000000000 ) ) ;
#105 = VECTOR ( 'NONE', #1057, 1000.000000000000000 ) ;
#106 = DIRECTION ( 'NONE',  ( -0.0000000000000000000, 0.0000000000000000000, -1.000000000000000000 ) ) ;
#107 = ADVANCED_FACE ( 'NONE', ( #532 ), #1458, .T. ) ;
#108 = CYLINDRICAL_SURFACE ( 'NONE', #1314, 0.1499999999999999900 ) ;
#109 = CIRCLE ( 'NONE', #1575, 0.1500000000000000800 ) ;
#110 = LINE ( 'NONE', #164, #646 ) ;
#111 = SURFACE_STYLE_FILL_AREA ( #787 ) ;
#112 = AXIS2_PLACEMENT_3D ( 'NONE', #1579, #640, #1947 ) ;
#113 = PLANE ( 'NONE',  #1776 ) ;
#114 = LINE ( 'NONE', #968, #1119 ) ;
#115 = EDGE_CURVE ( 'NONE', #1319, #2263, #2076, .T. ) ;
#116 = DIRECTION ( 'NONE',  ( -0.7071067811865486800, 0.0000000000000000000, 0.7071067811865464600 ) ) ;
#117 = DIRECTION ( 'NONE',  ( 0.0000000000000000000, -1.000000000000000000, 0.0000000000000000000 ) ) ;
#118 = VECTOR ( 'NONE', #1002, 1000.000000000000000 ) ;
#119 = CARTESIAN_POINT ( 'NONE',  ( -1.824999999999999700, 0.8999999999999998000, 0.6749999999999998200 ) ) ;
#120 = ADVANCED_FACE ( 'NONE', ( #1545 ), #2238, .F. ) ;
#121 = DIRECTION ( 'NONE',  ( 0.0000000000000000000, -0.0000000000000000000, -1.000000000000000000 ) ) ;
#122 = EDGE_LOOP ( 'NONE', ( #1393, #1944, #33, #1213 ) ) ;
#123 = ORIENTED_EDGE ( 'NONE', *, *, #1068, .T. ) ;
#124 = CARTESIAN_POINT ( 'NONE',  ( -1.974999999999999900, 0.8000000000000000400, -0.5250000000000002400 ) ) ;
#125 = ORIENTED_EDGE ( 'NONE', *, *, #1357, .F. ) ;
#126 = EDGE_LOOP ( 'NONE', ( #597, #548, #1159, #758 ) ) ;
#127 = AXIS2_PLACEMENT_3D ( 'NONE', #89, #278, #466 ) ;
#128 = ORIENTED_EDGE ( 'NONE', *, *, #1149, .T. ) ;
#129 = ORIENTED_EDGE ( 'NONE', *, *, #1247, .F. ) ;
#130 = CARTESIAN_POINT ( 'NONE',  ( 2.049999999999999800, 0.0000000000000000000, 0.6000000000000006400 ) ) ;
#131 = CARTESIAN_POINT ( 'NONE',  ( 1.349999999999999900, 0.2000000000000000900, 0.6750000000000007100 ) ) ;
#132 = ORIENTED_EDGE ( 'NONE', *, *, #566, .T. ) ;
#133 = ADVANCED_FACE ( 'NONE', ( #1851 ), #264, .F. ) ;
#134 = AXIS2_PLACEMENT_3D ( 'NONE', #880, #695, #317 ) ;
#135 = EDGE_CURVE ( 'NONE', #1325, #2325, #43, .T. ) ;
#136 = DIRECTION ( 'NONE',  ( 0.7071067811865485700, 0.0000000000000000000, -0.7071067811865465700 ) ) ;
#137 = EDGE_CURVE ( 'NONE', #1155, #1358, #1280, .T. ) ;
#138 = CARTESIAN_POINT ( 'NONE',  ( 2.049999999999999800, 0.7900000000000000400, -0.6000000000000007500 ) ) ;
#139 = CARTESIAN_POINT ( 'NONE',  ( -1.824999999999999700, 0.0000000000000000000, 0.6750000000000009300 ) ) ;
#140 = ORIENTED_EDGE ( 'NONE', *, *, #662, .F. ) ;
#141 = VERTEX_POINT ( 'NONE', #649 ) ;
#142 = VECTOR ( 'NONE', #439, 1000.000000000000000 ) ;
#143 = CARTESIAN_POINT ( 'NONE',  ( 1.899999999999999700, 0.2000000000000000100, -0.7500000000000006700 ) ) ;
#144 = LINE ( 'NONE', #1112, #173 ) ;
#145 = LINE ( 'NONE', #297, #2056 ) ;
#146 = CARTESIAN_POINT ( 'NONE',  ( -1.899999999999999700, 0.2000000000000000100, 0.7500000000000006700 ) ) ;
#147 = CARTESIAN_POINT ( 'NONE',  ( -1.974999999999999900, 0.8999999999999998000, -0.5250000000000002400 ) ) ;
#148 = PRESENTATION_STYLE_ASSIGNMENT (( #1362 ) ) ;
#149 = LINE ( 'NONE', #212, #542 ) ;
#150 = EDGE_CURVE ( 'NONE', #1604, #1319, #2363, .T. ) ;
#151 = CARTESIAN_POINT ( 'NONE',  ( 0.0000000000000000000, 0.9000000000000000200, 0.0000000000000000000 ) ) ;
#152 = LINE ( 'NONE', #677, #1318 ) ;
#153 = ORIENTED_EDGE ( 'NONE', *, *, #262, .F. ) ;
#154 = CARTESIAN_POINT ( 'NONE',  ( 1.824999999999999500, 0.8000000000000000400, 0.5249999999999994700 ) ) ;
#155 = VERTEX_POINT ( 'NONE', #855 ) ;
#156 = DIRECTION ( 'NONE',  ( -0.0000000000000000000, -1.000000000000000000, -0.0000000000000000000 ) ) ;
#157 = VERTEX_POINT ( 'NONE', #1958 ) ;
#158 = EDGE_LOOP ( 'NONE', ( #101, #1009, #209, #2286 ) ) ;
#159 = VERTEX_POINT ( 'NONE', #75 ) ;
#160 = VERTEX_POINT ( 'NONE', #2365 ) ;
#161 = ORIENTED_EDGE ( 'NONE', *, *, #1000, .T. ) ;
#162 = PRESENTATION_LAYER_ASSIGNMENT (  '', '', ( #199 ) ) ;
#163 = CARTESIAN_POINT ( 'NONE',  ( 2.049999999999999800, 0.2000000000000000100, -0.6000000000000006400 ) ) ;
#164 = CARTESIAN_POINT ( 'NONE',  ( -2.049999999999999800, 0.0000000000000000000, 0.5999999999999997600 ) ) ;
#165 = EDGE_CURVE ( 'NONE', #1878, #1325, #230, .T. ) ;
#166 = PLANE ( 'NONE',  #1465 ) ;
#167 = VECTOR ( 'NONE', #2226, 1000.000000000000000 ) ;
#168 = FILL_AREA_STYLE_COLOUR ( '', #1425 ) ;
#169 = LINE ( 'NONE', #824, #2331 ) ;
#170 = VECTOR ( 'NONE', #1475, 1000.000000000000000 ) ;
#171 = CARTESIAN_POINT ( 'NONE',  ( -1.824999999999999700, 0.2000000000000000100, -0.6750000000000009300 ) ) ;
#172 = CARTESIAN_POINT ( 'NONE',  ( -1.899999999999999700, 0.8000000000000000400, 0.7499999999999997800 ) ) ;
#173 = VECTOR ( 'NONE', #1306, 1000.000000000000000 ) ;
#174 = LINE ( 'NONE', #1541, #2119 ) ;
#175 = CARTESIAN_POINT ( 'NONE',  ( 1.975000000000000100, 0.8000000000000000400, -0.5250000000000006900 ) ) ;
#176 = LINE ( 'NONE', #1791, #1382 ) ;
#177 = AXIS2_PLACEMENT_3D ( 'NONE', #2105, #527, #2277 ) ;
#178 = EDGE_CURVE ( 'NONE', #788, #418, #1221, .T. ) ;
#179 = DIRECTION ( 'NONE',  ( 4.565061778886335000E-016, 0.0000000000000000000, -1.000000000000000000 ) ) ;
#180 = EDGE_CURVE ( 'NONE', #1604, #160, #938, .T. ) ;
#181 = VECTOR ( 'NONE', #1955, 1000.000000000000000 ) ;
#182 = DIRECTION ( 'NONE',  ( 0.0000000000000000000, 1.000000000000000000, -0.0000000000000000000 ) ) ;
#183 = VERTEX_POINT ( 'NONE', #2014 ) ;
#184 = ORIENTED_EDGE ( 'NONE', *, *, #492, .T. ) ;
#185 = ORIENTED_EDGE ( 'NONE', *, *, #867, .F. ) ;
#186 = VERTEX_POINT ( 'NONE', #2155 ) ;
#187 = DIRECTION ( 'NONE',  ( -1.000000000000000000, 0.0000000000000000000, 4.565061778886335000E-016 ) ) ;
#188 = VERTEX_POINT ( 'NONE', #1239 ) ;
#189 = EDGE_CURVE ( 'NONE', #1127, #2423, #738, .T. ) ;
#190 = DIRECTION ( 'NONE',  ( 0.0000000000000000000, 0.0000000000000000000, -1.000000000000000000 ) ) ;
#191 = UNCERTAINTY_MEASURE_WITH_UNIT (LENGTH_MEASURE( 1.000000000000000100E-005 ), #2007, 'distance_accuracy_value', 'NONE');
#192 = VERTEX_POINT ( 'NONE', #1623 ) ;
#193 = VECTOR ( 'NONE', #805, 1000.000000000000000 ) ;
#194 = VECTOR ( 'NONE', #600, 1000.000000000000000 ) ;
#195 = FACE_OUTER_BOUND ( 'NONE', #249, .T. ) ;
#196 = CARTESIAN_POINT ( 'NONE',  ( 1.824999999999999700, 1.855294535724685900, -0.6750000000000009300 ) ) ;
#197 = DIRECTION ( 'NONE',  ( -1.000000000000000000, 0.0000000000000000000, 4.565061778886335000E-016 ) ) ;
#198 = VECTOR ( 'NONE', #1190, 999.9999999999998900 ) ;
#199 = STYLED_ITEM ( 'NONE', ( #2115 ), #724 ) ;
#200 = LINE ( 'NONE', #800, #1147 ) ;
#201 = DIRECTION ( 'NONE',  ( 0.0000000000000000000, 0.0000000000000000000, 1.000000000000000000 ) ) ;
#202 = CYLINDRICAL_SURFACE ( 'NONE', #344, 0.1499999999999999700 ) ;
#203 = CARTESIAN_POINT ( 'NONE',  ( 1.349999999999999900, 0.0000000000000000000, -0.6750000000000007100 ) ) ;
#204 = EDGE_CURVE ( 'NONE', #1745, #1726, #848, .T. ) ;
#205 = ORIENTED_EDGE ( 'NONE', *, *, #1114, .T. ) ;
#206 = ADVANCED_FACE ( 'NONE', ( #1609 ), #721, .T. ) ;
#207 = CARTESIAN_POINT ( 'NONE',  ( -1.349999999999999900, 0.2000000000000000900, 0.6750000000000007100 ) ) ;
#208 = CARTESIAN_POINT ( 'NONE',  ( -1.899999999999999700, 0.0000000000000000000, -0.7500000000000002200 ) ) ;
#209 = ORIENTED_EDGE ( 'NONE', *, *, #2282, .F. ) ;
#210 = ORIENTED_EDGE ( 'NONE', *, *, #327, .F. ) ;
#211 = ORIENTED_EDGE ( 'NONE', *, *, #793, .F. ) ;
#212 = CARTESIAN_POINT ( 'NONE',  ( -1.349999999999999900, 0.2000000000000000900, 0.6750000000000007100 ) ) ;
#213 = EDGE_LOOP ( 'NONE', ( #749, #1451, #1788, #534, #1105, #1866, #2095, #1193 ) ) ;
#214 =( NAMED_UNIT ( * ) PLANE_ANGLE_UNIT ( ) SI_UNIT ( $, .RADIAN. ) );
#215 = VERTEX_POINT ( 'NONE', #318 ) ;
#216 = CARTESIAN_POINT ( 'NONE',  ( -2.049999999999999800, 0.7900000000000000400, -0.6000000000000003100 ) ) ;
#217 = ORIENTED_EDGE ( 'NONE', *, *, #1235, .T. ) ;
#218 = DIRECTION ( 'NONE',  ( 0.0000000000000000000, -1.000000000000000000, 0.0000000000000000000 ) ) ;
#219 = ORIENTED_EDGE ( 'NONE', *, *, #2211, .T. ) ;
#220 = DIRECTION ( 'NONE',  ( 0.0000000000000000000, 0.0000000000000000000, -1.000000000000000000 ) ) ;
#221 = DIRECTION ( 'NONE',  ( 0.0000000000000000000, 0.0000000000000000000, -1.000000000000000000 ) ) ;
#222 = EDGE_CURVE ( 'NONE', #2254, #804, #2330, .T. ) ;
#223 = CARTESIAN_POINT ( 'NONE',  ( 0.0000000000000000000, 0.0000000000000000000, 0.0000000000000000000 ) ) ;
#224 = CARTESIAN_POINT ( 'NONE',  ( -1.349999999999999900, 0.2000000000000000100, -0.6750000000000007100 ) ) ;
#225 = CARTESIAN_POINT ( 'NONE',  ( -1.974999999999999900, 0.8000000000000000400, -0.5250000000000002400 ) ) ;
#226 = VECTOR ( 'NONE', #1578, 1000.000000000000000 ) ;
#227 = DIRECTION ( 'NONE',  ( -0.0000000000000000000, 0.0000000000000000000, 1.000000000000000000 ) ) ;
#228 = ORIENTED_EDGE ( 'NONE', *, *, #652, .T. ) ;
#229 = EDGE_CURVE ( 'NONE', #2262, #1241, #2446, .T. ) ;
#230 = CIRCLE ( 'NONE', #430, 0.1499999999999999700 ) ;
#231 = CARTESIAN_POINT ( 'NONE',  ( -2.049999999999999800, 0.2000000000000000100, 0.7500000000000006700 ) ) ;
#232 = DIRECTION ( 'NONE',  ( -0.7071067811865486800, 0.0000000000000000000, 0.7071067811865464600 ) ) ;
#233 = VECTOR ( 'NONE', #1840, 1000.000000000000000 ) ;
#234 = VECTOR ( 'NONE', #258, 1000.000000000000000 ) ;
#235 = DIRECTION ( 'NONE',  ( -0.0000000000000000000, -1.000000000000000000, -0.0000000000000000000 ) ) ;
#236 = VECTOR ( 'NONE', #443, 1000.000000000000000 ) ;
#237 = CARTESIAN_POINT ( 'NONE',  ( -2.049999999999999800, 0.8000000000000000400, 0.7499999999999997800 ) ) ;
#238 = DIRECTION ( 'NONE',  ( 0.7071067811865465700, -0.0000000000000000000, 0.7071067811865485700 ) ) ;
#239 = VECTOR ( 'NONE', #1970, 1000.000000000000000 ) ;
#240 = DIRECTION ( 'NONE',  ( -0.0000000000000000000, -0.0000000000000000000, -1.000000000000000000 ) ) ;
#241 = DIRECTION ( 'NONE',  ( -0.0000000000000000000, -1.000000000000000000, -0.0000000000000000000 ) ) ;
#242 = DIRECTION ( 'NONE',  ( 0.0000000000000000000, 1.000000000000000000, 0.0000000000000000000 ) ) ;
#243 = VERTEX_POINT ( 'NONE', #530 ) ;
#244 = EDGE_LOOP ( 'NONE', ( #161, #310, #1012, #2017 ) ) ;
#245 = CARTESIAN_POINT ( 'NONE',  ( -2.049999999999999800, 0.8000000000000000400, -0.7500000000000002200 ) ) ;
#246 = VERTEX_POINT ( 'NONE', #1646 ) ;
#247 =( LENGTH_UNIT ( ) NAMED_UNIT ( * ) SI_UNIT ( .MILLI., .METRE. ) );
#248 = EDGE_CURVE ( 'NONE', #1325, #2018, #2180, .T. ) ;
#249 = EDGE_LOOP ( 'NONE', ( #966, #217, #2166, #1356 ) ) ;
#250 = EDGE_LOOP ( 'NONE', ( #1598, #950, #2199, #1532 ) ) ;
#251 = ORIENTED_EDGE ( 'NONE', *, *, #2360, .F. ) ;
#252 = DIRECTION ( 'NONE',  ( 0.0000000000000000000, 1.000000000000000000, 0.0000000000000000000 ) ) ;
#253 = CARTESIAN_POINT ( 'NONE',  ( 2.049999999999999800, 0.0000000000000000000, -0.7500000000000006700 ) ) ;
#254 = ORIENTED_EDGE ( 'NONE', *, *, #2421, .T. ) ;
#255 = CARTESIAN_POINT ( 'NONE',  ( 1.899999999999999700, 0.8000000000000000400, -0.7500000000000006700 ) ) ;
#256 = CARTESIAN_POINT ( 'NONE',  ( -2.049999999999999800, 0.2000000000000000100, 0.6000000000000006400 ) ) ;
#257 = AXIS2_PLACEMENT_3D ( 'NONE', #1202, #2353, #990 ) ;
#258 = DIRECTION ( 'NONE',  ( 0.0000000000000000000, -1.000000000000000000, 0.0000000000000000000 ) ) ;
#259 = DIRECTION ( 'NONE',  ( -0.0000000000000000000, 1.000000000000000000, -0.0000000000000000000 ) ) ;
#260 = ORIENTED_EDGE ( 'NONE', *, *, #1738, .T. ) ;
#261 = PRODUCT_RELATED_PRODUCT_CATEGORY ( 'part', '', ( #1292 ) ) ;
#262 = EDGE_CURVE ( 'NONE', #70, #1530, #2049, .T. ) ;
#263 = CARTESIAN_POINT ( 'NONE',  ( 1.824999999999999700, 1.855294535724685900, -0.6750000000000009300 ) ) ;
#264 = PLANE ( 'NONE',  #980 ) ;
#265 = LINE ( 'NONE', #617, #2270 ) ;
#266 = CARTESIAN_POINT ( 'NONE',  ( 1.899999999999999700, 0.0000000000000000000, 0.7499999999999993300 ) ) ;
#267 = EDGE_CURVE ( 'NONE', #788, #2254, #852, .T. ) ;
#268 = LINE ( 'NONE', #621, #998 ) ;
#269 = CIRCLE ( 'NONE', #2173, 0.1499999999999999700 ) ;
#270 = DIRECTION ( 'NONE',  ( 4.130293990420968900E-016, 0.0000000000000000000, -1.000000000000000000 ) ) ;
#271 = CARTESIAN_POINT ( 'NONE',  ( 9.884319422085862400E-017, 1.855294535724685900, 0.5300000000000000300 ) ) ;
#272 = DIRECTION ( 'NONE',  ( 0.0000000000000000000, -1.000000000000000000, 0.0000000000000000000 ) ) ;
#273 = LINE ( 'NONE', #2382, #2372 ) ;
#274 = EDGE_CURVE ( 'NONE', #757, #1478, #556, .T. ) ;
#275 = VECTOR ( 'NONE', #991, 1000.000000000000000 ) ;
#276 = DIRECTION ( 'NONE',  ( -0.0000000000000000000, 1.000000000000000000, -0.0000000000000000000 ) ) ;
#277 = VERTEX_POINT ( 'NONE', #2021 ) ;
#278 = DIRECTION ( 'NONE',  ( -0.0000000000000000000, 1.000000000000000000, -0.0000000000000000000 ) ) ;
#279 = PLANE ( 'NONE',  #1335 ) ;
#280 = AXIS2_PLACEMENT_3D ( 'NONE', #1588, #1189, #1757 ) ;
#281 = ORIENTED_EDGE ( 'NONE', *, *, #2429, .T. ) ;
#282 = VERTEX_POINT ( 'NONE', #1812 ) ;
#283 = DIRECTION ( 'NONE',  ( 0.0000000000000000000, 1.000000000000000000, 0.0000000000000000000 ) ) ;
#284 = UNCERTAINTY_MEASURE_WITH_UNIT (LENGTH_MEASURE( 1.000000000000000100E-005 ), #59, 'distance_accuracy_value', 'NONE');
#285 = ORIENTED_EDGE ( 'NONE', *, *, #1083, .T. ) ;
#286 = ORIENTED_EDGE ( 'NONE', *, *, #1217, .T. ) ;
#287 = EDGE_CURVE ( 'NONE', #1899, #754, #350, .T. ) ;
#288 = VERTEX_POINT ( 'NONE', #143 ) ;
#289 = DIRECTION ( 'NONE',  ( -0.0000000000000000000, -1.000000000000000000, -0.0000000000000000000 ) ) ;
#290 = LINE ( 'NONE', #1067, #1727 ) ;
#291 = STYLED_ITEM ( 'NONE', ( #2246 ), #904 ) ;
#292 = CARTESIAN_POINT ( 'NONE',  ( 2.049999999999999800, 0.7900000000000000400, -0.7500000000000006700 ) ) ;
#293 = CARTESIAN_POINT ( 'NONE',  ( 1.349999999999999900, 0.2000000000000000100, -0.6750000000000007100 ) ) ;
#294 = PRESENTATION_STYLE_ASSIGNMENT (( #2047 ) ) ;
#295 = VECTOR ( 'NONE', #707, 1000.000000000000000 ) ;
#296 = EDGE_CURVE ( 'NONE', #1414, #1780, #290, .T. ) ;
#297 = CARTESIAN_POINT ( 'NONE',  ( 2.049999999999999800, 0.8000000000000000400, 0.5999999999999994200 ) ) ;
#298 = CARTESIAN_POINT ( 'NONE',  ( -1.899999999999999700, 0.2000000000000000100, 0.7500000000000006700 ) ) ;
#299 = FACE_OUTER_BOUND ( 'NONE', #644, .T. ) ;
#300 = LINE ( 'NONE', #762, #923 ) ;
#301 = DIRECTION ( 'NONE',  ( 0.0000000000000000000, 0.0000000000000000000, -1.000000000000000000 ) ) ;
#302 = CARTESIAN_POINT ( 'NONE',  ( 8.047349223364833000E-017, 0.2000000000000000100, 0.3800000000000000000 ) ) ;
#303 = ADVANCED_FACE ( 'NONE', ( #1111 ), #1234, .F. ) ;
#304 = CARTESIAN_POINT ( 'NONE',  ( -1.824999999999999500, 5.974326292948360300, -0.6750000000000003800 ) ) ;
#305 = VERTEX_POINT ( 'NONE', #699 ) ;
#306 = VERTEX_POINT ( 'NONE', #1638 ) ;
#307 = AXIS2_PLACEMENT_3D ( 'NONE', #549, #746, #736 ) ;
#308 = ORIENTED_EDGE ( 'NONE', *, *, #1305, .F. ) ;
#309 = DIRECTION ( 'NONE',  ( 0.0000000000000000000, 0.0000000000000000000, 1.000000000000000000 ) ) ;
#310 = ORIENTED_EDGE ( 'NONE', *, *, #531, .F. ) ;
#311 = CARTESIAN_POINT ( 'NONE',  ( 1.824999999999999700, 5.974326292948360300, -0.6750000000000007100 ) ) ;
#312 = VERTEX_POINT ( 'NONE', #911 ) ;
#313 = ORIENTED_EDGE ( 'NONE', *, *, #1125, .T. ) ;
#314 = ORIENTED_EDGE ( 'NONE', *, *, #352, .F. ) ;
#315 = EDGE_CURVE ( 'NONE', #1013, #282, #608, .T. ) ;
#316 = ADVANCED_FACE ( 'NONE', ( #1334 ), #2004, .F. ) ;
#317 = DIRECTION ( 'NONE',  ( 0.0000000000000000000, 0.0000000000000000000, -1.000000000000000000 ) ) ;
#318 = CARTESIAN_POINT ( 'NONE',  ( 1.899999999999999700, 0.0000000000000000000, -0.7500000000000006700 ) ) ;
#319 = COLOUR_RGB ( '',0.9686274509803921600, 0.8784313725490196000, 0.5999999999999999800 ) ;
#320 = ADVANCED_FACE ( 'NONE', ( #914 ), #2033, .T. ) ;
#321 = VERTEX_POINT ( 'NONE', #2234 ) ;
#322 = LINE ( 'NONE', #1919, #645 ) ;
#323 = AXIS2_PLACEMENT_3D ( 'NONE', #1584, #869, #674 ) ;
#324 = DIRECTION ( 'NONE',  ( 0.0000000000000000000, 0.0000000000000000000, 1.000000000000000000 ) ) ;
#325 = CARTESIAN_POINT ( 'NONE',  ( 1.975000000000000100, 0.8999999999999998000, -0.5250000000000009100 ) ) ;
#326 = LINE ( 'NONE', #2311, #946 ) ;
#327 = EDGE_CURVE ( 'NONE', #698, #2378, #434, .T. ) ;
#328 = DIRECTION ( 'NONE',  ( -0.0000000000000000000, -1.000000000000000000, -0.0000000000000000000 ) ) ;
#329 = CYLINDRICAL_SURFACE ( 'NONE', #2356, 0.1499999999999999700 ) ;
#330 = DIRECTION ( 'NONE',  ( -0.7071067811865465700, 0.0000000000000000000, 0.7071067811865485700 ) ) ;
#331 = CARTESIAN_POINT ( 'NONE',  ( -2.049999999999999800, 0.2000000000000000100, 0.7500000000000006700 ) ) ;
#332 =( NAMED_UNIT ( * ) SI_UNIT ( $, .STERADIAN. ) SOLID_ANGLE_UNIT ( ) );
#333 = VECTOR ( 'NONE', #686, 1000.000000000000000 ) ;
#334 = ORIENTED_EDGE ( 'NONE', *, *, #180, .T. ) ;
#335 = ORIENTED_EDGE ( 'NONE', *, *, #1357, .T. ) ;
#336 = CARTESIAN_POINT ( 'NONE',  ( -1.349999999999999900, 0.2000000000000000100, 0.6750000000000007100 ) ) ;
#337 = ORIENTED_EDGE ( 'NONE', *, *, #1064, .F. ) ;
#338 = ORIENTED_EDGE ( 'NONE', *, *, #1599, .F. ) ;
#339 = AXIS2_PLACEMENT_3D ( 'NONE', #231, #419, #2327 ) ;
#340 = ORIENTED_EDGE ( 'NONE', *, *, #453, .T. ) ;
#341 = EDGE_LOOP ( 'NONE', ( #184, #1161, #1686, #2130, #2201, #2068, #335, #1631, #661, #1918 ) ) ;
#342 = CARTESIAN_POINT ( 'NONE',  ( 1.824999999999999700, 5.974326292948360300, -0.5250000000000006900 ) ) ;
#343 = ORIENTED_EDGE ( 'NONE', *, *, #578, .F. ) ;
#344 = AXIS2_PLACEMENT_3D ( 'NONE', #1204, #2161, #1605 ) ;
#345 = DIRECTION ( 'NONE',  ( -0.7071067811865485700, 0.0000000000000000000, 0.7071067811865465700 ) ) ;
#346 = PLANE ( 'NONE',  #1819 ) ;
#347 = VECTOR ( 'NONE', #892, 1000.000000000000000 ) ;
#348 = DIRECTION ( 'NONE',  ( 0.0000000000000000000, -0.0000000000000000000, -1.000000000000000000 ) ) ;
#349 = EDGE_LOOP ( 'NONE', ( #840, #550, #2355, #663, #343, #153, #2433, #395 ) ) ;
#350 = LINE ( 'NONE', #524, #498 ) ;
#351 = CARTESIAN_POINT ( 'NONE',  ( -1.824999999999999700, 0.0000000000000000000, 0.6750000000000009300 ) ) ;
#352 = EDGE_CURVE ( 'NONE', #868, #703, #1724, .T. ) ;
#353 = CARTESIAN_POINT ( 'NONE',  ( 1.899999999999999700, 0.7900000000000000400, -0.7500000000000006700 ) ) ;
#354 = CYLINDRICAL_SURFACE ( 'NONE', #2387, 0.1499999999999999900 ) ;
#355 = DIRECTION ( 'NONE',  ( 0.0000000000000000000, 0.0000000000000000000, 1.000000000000000000 ) ) ;
#356 = CARTESIAN_POINT ( 'NONE',  ( 9.884319422085862400E-017, 0.2000000000000000900, 0.5300000000000000300 ) ) ;
#357 = LINE ( 'NONE', #1296, #1906 ) ;
#358 = EDGE_CURVE ( 'NONE', #417, #2422, #1668, .T. ) ;
#359 = CARTESIAN_POINT ( 'NONE',  ( -1.824999999999999500, 0.8000000000000000400, -0.5250000000000002400 ) ) ;
#360 = CARTESIAN_POINT ( 'NONE',  ( -2.049999999999999800, 0.2000000000000000900, 0.7500000000000006700 ) ) ;
#361 = ORIENTED_EDGE ( 'NONE', *, *, #900, .T. ) ;
#362 = ORIENTED_EDGE ( 'NONE', *, *, #72, .F. ) ;
#363 = DIRECTION ( 'NONE',  ( 0.7071067811865486800, 0.0000000000000000000, -0.7071067811865464600 ) ) ;
#364 = ORIENTED_EDGE ( 'NONE', *, *, #1391, .F. ) ;
#365 = ORIENTED_EDGE ( 'NONE', *, *, #369, .T. ) ;
#366 = ORIENTED_EDGE ( 'NONE', *, *, #2209, .T. ) ;
#367 = VERTEX_POINT ( 'NONE', #351 ) ;
#368 = STYLED_ITEM ( 'NONE', ( #148 ), #1501 ) ;
#369 = EDGE_CURVE ( 'NONE', #1372, #188, #1995, .T. ) ;
#370 = CARTESIAN_POINT ( 'NONE',  ( 1.899999999999999700, 1.855294535724685900, 0.7500000000000006700 ) ) ;
#371 = VECTOR ( 'NONE', #136, 1000.000000000000000 ) ;
#372 = EDGE_LOOP ( 'NONE', ( #2094, #388, #486, #1413 ) ) ;
#373 = CYLINDRICAL_SURFACE ( 'NONE', #1133, 0.1500000000000000800 ) ;
#374 = ORIENTED_EDGE ( 'NONE', *, *, #150, .T. ) ;
#375 = LINE ( 'NONE', #1587, #853 ) ;
#376 = LINE ( 'NONE', #631, #1583 ) ;
#377 =( GEOMETRIC_REPRESENTATION_CONTEXT ( 3 ) GLOBAL_UNCERTAINTY_ASSIGNED_CONTEXT ( ( #191 ) ) GLOBAL_UNIT_ASSIGNED_CONTEXT ( ( #2007, #2206, #332 ) ) REPRESENTATION_CONTEXT ( 'NONE', 'WORKASPACE' ) );
#378 = UNCERTAINTY_MEASURE_WITH_UNIT (LENGTH_MEASURE( 1.000000000000000100E-005 ), #247, 'distance_accuracy_value', 'NONE');
#379 = AXIS2_PLACEMENT_3D ( 'NONE', #995, #1932, #1364 ) ;
#380 = EDGE_CURVE ( 'NONE', #596, #277, #2109, .T. ) ;
#381 = DIRECTION ( 'NONE',  ( 0.0000000000000000000, -0.0000000000000000000, -1.000000000000000000 ) ) ;
#382 = CIRCLE ( 'NONE', #1755, 0.1499999999999999900 ) ;
#383 = CARTESIAN_POINT ( 'NONE',  ( -1.824999999999999700, 1.855294535724685900, 0.6750000000000009300 ) ) ;
#384 = CIRCLE ( 'NONE', #984, 0.1499999999999999700 ) ;
#385 = LINE ( 'NONE', #628, #2276 ) ;
#386 = CARTESIAN_POINT ( 'NONE',  ( 2.049999999999999800, 0.0000000000000000000, -0.6000000000000006400 ) ) ;
#387 = ORIENTED_EDGE ( 'NONE', *, *, #2103, .T. ) ;
#388 = ORIENTED_EDGE ( 'NONE', *, *, #759, .F. ) ;
#389 = CARTESIAN_POINT ( 'NONE',  ( 2.049999999999999800, 0.8000000000000000400, -0.7500000000000006700 ) ) ;
#390 = CLOSED_SHELL ( 'NONE', ( #2398, #504, #500, #2216, #870, #2022, #1267, #1085, #1665, #1886, #2221, #2205 ) ) ;
#391 = EDGE_LOOP ( 'NONE', ( #903, #1038, #1580, #779 ) ) ;
#392 = DIRECTION ( 'NONE',  ( 0.7071067811865486800, 0.0000000000000000000, -0.7071067811865464600 ) ) ;
#393 = ORIENTED_EDGE ( 'NONE', *, *, #2370, .F. ) ;
#394 = EDGE_CURVE ( 'NONE', #730, #757, #993, .T. ) ;
#395 = ORIENTED_EDGE ( 'NONE', *, *, #1420, .F. ) ;
#396 = DIRECTION ( 'NONE',  ( 0.0000000000000000000, -1.000000000000000000, 0.0000000000000000000 ) ) ;
#397 = AXIS2_PLACEMENT_3D ( 'NONE', #263, #1768, #1571 ) ;
#398 = DIRECTION ( 'NONE',  ( -0.0000000000000000000, -1.000000000000000000, -0.0000000000000000000 ) ) ;
#399 = DIRECTION ( 'NONE',  ( 4.565061778886335000E-016, 0.0000000000000000000, 1.000000000000000000 ) ) ;
#400 = CARTESIAN_POINT ( 'NONE',  ( -1.974999999999999900, 0.0000000000000000000, 0.5250000000000008000 ) ) ;
#401 = DIRECTION ( 'NONE',  ( 1.000000000000000000, 0.0000000000000000000, -4.565061778886335000E-016 ) ) ;
#402 = DIRECTION ( 'NONE',  ( 0.7071067811865486800, 0.0000000000000000000, 0.7071067811865464600 ) ) ;
#403 = EDGE_CURVE ( 'NONE', #2202, #666, #678, .T. ) ;
#404 = LINE ( 'NONE', #609, #1581 ) ;
#405 = VECTOR ( 'NONE', #831, 1000.000000000000000 ) ;
#406 = CARTESIAN_POINT ( 'NONE',  ( -1.824999999999999500, 5.974326292948360300, -0.5250000000000002400 ) ) ;
#407 = CARTESIAN_POINT ( 'NONE',  ( -1.824999999999999700, 0.8000000000000000400, 0.6749999999999998200 ) ) ;
#408 = VECTOR ( 'NONE', #1383, 1000.000000000000000 ) ;
#409 = DIRECTION ( 'NONE',  ( 4.565061778886335000E-016, -0.0000000000000000000, 1.000000000000000000 ) ) ;
#410 = AXIS2_PLACEMENT_3D ( 'NONE', #15, #1336, #221 ) ;
#411 = VECTOR ( 'NONE', #949, 1000.000000000000000 ) ;
#412 = DIRECTION ( 'NONE',  ( -0.0000000000000000000, 1.000000000000000000, -0.0000000000000000000 ) ) ;
#413 = DIRECTION ( 'NONE',  ( 1.000000000000000000, 0.0000000000000000000, -1.057758217059028900E-016 ) ) ;
#414 = CARTESIAN_POINT ( 'NONE',  ( 2.049999999999999800, 0.0000000000000000000, 0.5999999999999993100 ) ) ;
#415 = EDGE_CURVE ( 'NONE', #2263, #1192, #2391, .T. ) ;
#416 = SURFACE_STYLE_USAGE ( .BOTH. , #2104 ) ;
#417 = VERTEX_POINT ( 'NONE', #1660 ) ;
#418 = VERTEX_POINT ( 'NONE', #2036 ) ;
#419 = DIRECTION ( 'NONE',  ( 0.0000000000000000000, -1.000000000000000000, 0.0000000000000000000 ) ) ;
#420 = ORIENTED_EDGE ( 'NONE', *, *, #900, .F. ) ;
#421 = DIRECTION ( 'NONE',  ( -0.0000000000000000000, -1.000000000000000000, -0.0000000000000000000 ) ) ;
#422 = ORIENTED_EDGE ( 'NONE', *, *, #1188, .T. ) ;
#423 = SURFACE_SIDE_STYLE ('',( #895 ) ) ;
#424 = ORIENTED_EDGE ( 'NONE', *, *, #1810, .T. ) ;
#425 = PLANE ( 'NONE',  #1135 ) ;
#426 = SURFACE_STYLE_USAGE ( .BOTH. , #1904 ) ;
#427 = ORIENTED_EDGE ( 'NONE', *, *, #1618, .T. ) ;
#428 = CARTESIAN_POINT ( 'NONE',  ( 1.349999999999999900, 1.855294535724685900, 0.6750000000000007100 ) ) ;
#429 = ORIENTED_EDGE ( 'NONE', *, *, #165, .F. ) ;
#430 = AXIS2_PLACEMENT_3D ( 'NONE', #1607, #488, #680 ) ;
#431 = DIRECTION ( 'NONE',  ( -0.0000000000000000000, 1.000000000000000000, -0.0000000000000000000 ) ) ;
#432 = PRESENTATION_LAYER_ASSIGNMENT (  '', '', ( #2118 ) ) ;
#433 = CARTESIAN_POINT ( 'NONE',  ( 2.049999999999999800, 1.855294535724685900, 0.6000000000000006400 ) ) ;
#434 = LINE ( 'NONE', #1655, #2177 ) ;
#435 = DIRECTION ( 'NONE',  ( 0.0000000000000000000, 0.0000000000000000000, -1.000000000000000000 ) ) ;
#436 = VERTEX_POINT ( 'NONE', #2439 ) ;
#437 = EDGE_CURVE ( 'NONE', #67, #73, #1363, .T. ) ;
#438 = CYLINDRICAL_SURFACE ( 'NONE', #1673, 0.1500000000000000800 ) ;
#439 = DIRECTION ( 'NONE',  ( -0.7071067811865485700, -0.0000000000000000000, -0.7071067811865465700 ) ) ;
#440 = COLOUR_RGB ( '',0.9686274509803921600, 0.8784313725490196000, 0.5999999999999999800 ) ;
#441 = FILL_AREA_STYLE ('',( #1556 ) ) ;
#442 = CYLINDRICAL_SURFACE ( 'NONE', #2038, 0.1499999999999999700 ) ;
#443 = DIRECTION ( 'NONE',  ( 0.0000000000000000000, 0.0000000000000000000, -1.000000000000000000 ) ) ;
#444 = CARTESIAN_POINT ( 'NONE',  ( 1.899999999999999700, 0.7900000000000000400, -0.7500000000000006700 ) ) ;
#445 = VECTOR ( 'NONE', #2132, 1000.000000000000000 ) ;
#446 = CARTESIAN_POINT ( 'NONE',  ( 2.049999999999999800, 1.855294535724685900, -0.6000000000000006400 ) ) ;
#447 = AXIS2_PLACEMENT_3D ( 'NONE', #331, #2214, #1089 ) ;
#448 = ORIENTED_EDGE ( 'NONE', *, *, #2124, .F. ) ;
#449 = DIRECTION ( 'NONE',  ( 1.000000000000000000, 0.0000000000000000000, -4.565061778886335000E-016 ) ) ;
#450 = CARTESIAN_POINT ( 'NONE',  ( 2.049999999999999800, 0.8000000000000000400, 0.7499999999999993300 ) ) ;
#451 = CARTESIAN_POINT ( 'NONE',  ( -1.974999999999999900, 5.974326292948360300, -0.5250000000000002400 ) ) ;
#452 = CARTESIAN_POINT ( 'NONE',  ( -2.049999999999999800, 0.2000000000000000100, -0.6000000000000006400 ) ) ;
#453 = EDGE_CURVE ( 'NONE', #73, #159, #2295, .T. ) ;
#454 = EDGE_LOOP ( 'NONE', ( #96, #140, #2227, #1784 ) ) ;
#455 = VERTEX_POINT ( 'NONE', #2220 ) ;
#456 = DIRECTION ( 'NONE',  ( 0.0000000000000000000, -1.000000000000000000, 0.0000000000000000000 ) ) ;
#457 = DIRECTION ( 'NONE',  ( 0.0000000000000000000, -1.000000000000000000, 0.0000000000000000000 ) ) ;
#458 = ORIENTED_EDGE ( 'NONE', *, *, #734, .T. ) ;
#459 = VERTEX_POINT ( 'NONE', #725 ) ;
#460 = DIRECTION ( 'NONE',  ( 0.0000000000000000000, 0.0000000000000000000, 1.000000000000000000 ) ) ;
#461 = CARTESIAN_POINT ( 'NONE',  ( 1.974999999999999900, 0.8999999999999998000, 0.5249999999999994700 ) ) ;
#462 = MANIFOLD_SOLID_BREP ( 'Cut-Extrude3', #522 ) ;
#463 = DIRECTION ( 'NONE',  ( -0.0000000000000000000, 1.000000000000000000, -0.0000000000000000000 ) ) ;
#464 = AXIS2_PLACEMENT_3D ( 'NONE', #2258, #179, #1490 ) ;
#465 = DIRECTION ( 'NONE',  ( -0.0000000000000000000, -1.000000000000000000, -0.0000000000000000000 ) ) ;
#466 = DIRECTION ( 'NONE',  ( 0.0000000000000000000, 0.0000000000000000000, 1.000000000000000000 ) ) ;
#467 = CARTESIAN_POINT ( 'NONE',  ( -2.049999999999999800, 0.8000000000000000400, -0.6000000000000003100 ) ) ;
#468 = VERTEX_POINT ( 'NONE', #353 ) ;
#469 = AXIS2_PLACEMENT_3D ( 'NONE', #2343, #457, #834 ) ;
#470 = EDGE_CURVE ( 'NONE', #38, #186, #2266, .T. ) ;
#471 = CARTESIAN_POINT ( 'NONE',  ( -1.899999999999999700, 0.2000000000000000900, -0.7500000000000006700 ) ) ;
#472 = ORIENTED_EDGE ( 'NONE', *, *, #2120, .F. ) ;
#473 = VECTOR ( 'NONE', #750, 1000.000000000000000 ) ;
#474 = LINE ( 'NONE', #544, #1999 ) ;
#475 =( NAMED_UNIT ( * ) PLANE_ANGLE_UNIT ( ) SI_UNIT ( $, .RADIAN. ) );
#476 = CARTESIAN_POINT ( 'NONE',  ( -1.349999999999999900, 0.2000000000000000900, -0.6750000000000007100 ) ) ;
#477 = VECTOR ( 'NONE', #1186, 1000.000000000000000 ) ;
#478 = CARTESIAN_POINT ( 'NONE',  ( -2.049999999999999800, 0.8000000000000000400, 0.7499999999999997800 ) ) ;
#479 = CARTESIAN_POINT ( 'NONE',  ( -1.349999999999999900, 0.0000000000000000000, 0.6750000000000007100 ) ) ;
#480 = LINE ( 'NONE', #1804, #1290 ) ;
#481 = EDGE_CURVE ( 'NONE', #160, #1151, #109, .T. ) ;
#482 = DIRECTION ( 'NONE',  ( -0.0000000000000000000, -1.000000000000000000, -0.0000000000000000000 ) ) ;
#483 = VERTEX_POINT ( 'NONE', #2444 ) ;
#484 = DIRECTION ( 'NONE',  ( 0.0000000000000000000, 0.0000000000000000000, 1.000000000000000000 ) ) ;
#485 = AXIS2_PLACEMENT_3D ( 'NONE', #589, #1343, #1170 ) ;
#486 = ORIENTED_EDGE ( 'NONE', *, *, #2, .F. ) ;
#487 = EDGE_LOOP ( 'NONE', ( #2381, #334, #2457, #2041 ) ) ;
#488 = DIRECTION ( 'NONE',  ( 0.0000000000000000000, -1.000000000000000000, 0.0000000000000000000 ) ) ;
#489 = ADVANCED_FACE ( 'NONE', ( #47 ), #1102, .F. ) ;
#490 = ORIENTED_EDGE ( 'NONE', *, *, #607, .T. ) ;
#491 = VERTEX_POINT ( 'NONE', #906 ) ;
#492 = EDGE_CURVE ( 'NONE', #2378, #2242, #2112, .T. ) ;
#493 = ORIENTED_EDGE ( 'NONE', *, *, #1420, .T. ) ;
#494 = ADVANCED_FACE ( 'NONE', ( #1398 ), #1086, .F. ) ;
#495 = VERTEX_POINT ( 'NONE', #138 ) ;
#496 = CARTESIAN_POINT ( 'NONE',  ( 1.899999999999999700, 0.7900000000000000400, -0.7500000000000006700 ) ) ;
#497 = CARTESIAN_POINT ( 'NONE',  ( 1.899999999999999700, 0.2000000000000000900, 0.7500000000000006700 ) ) ;
#498 = VECTOR ( 'NONE', #117, 1000.000000000000000 ) ;
#499 = DIRECTION ( 'NONE',  ( 0.0000000000000000000, 0.0000000000000000000, 1.000000000000000000 ) ) ;
#500 = ADVANCED_FACE ( 'NONE', ( #940 ), #1836, .T. ) ;
#501 = AXIS2_PLACEMENT_3D ( 'NONE', #1407, #463, #309 ) ;
#502 = DIRECTION ( 'NONE',  ( -0.0000000000000000000, 0.0000000000000000000, 1.000000000000000000 ) ) ;
#503 = VECTOR ( 'NONE', #2237, 1000.000000000000000 ) ;
#504 = ADVANCED_FACE ( 'NONE', ( #1612 ), #1676, .T. ) ;
#505 = CYLINDRICAL_SURFACE ( 'NONE', #1853, 0.1500000000000001900 ) ;
#506 = VECTOR ( 'NONE', #456, 1000.000000000000000 ) ;
#507 = EDGE_CURVE ( 'NONE', #1915, #1154, #1252, .T. ) ;
#508 = CARTESIAN_POINT ( 'NONE',  ( -1.824999999999999700, 0.2000000000000000100, -0.6750000000000009300 ) ) ;
#509 = FACE_OUTER_BOUND ( 'NONE', #2413, .T. ) ;
#510 = CARTESIAN_POINT ( 'NONE',  ( -2.049999999999999800, 0.7900000000000000400, 0.7499999999999997800 ) ) ;
#511 = LINE ( 'NONE', #266, #2339 ) ;
#512 = DIRECTION ( 'NONE',  ( 0.0000000000000000000, -0.0000000000000000000, 1.000000000000000000 ) ) ;
#513 = ADVANCED_FACE ( 'NONE', ( #1054 ), #438, .T. ) ;
#514 = DIRECTION ( 'NONE',  ( -4.130293990420968900E-016, 0.0000000000000000000, 1.000000000000000000 ) ) ;
#515 = FACE_OUTER_BOUND ( 'NONE', #244, .T. ) ;
#516 = ORIENTED_EDGE ( 'NONE', *, *, #72, .T. ) ;
#517 =( GEOMETRIC_REPRESENTATION_CONTEXT ( 3 ) GLOBAL_UNCERTAINTY_ASSIGNED_CONTEXT ( ( #1942 ) ) GLOBAL_UNIT_ASSIGNED_CONTEXT ( ( #2315, #1158, #1172 ) ) REPRESENTATION_CONTEXT ( 'NONE', 'WORKASPACE' ) );
#518 = ORIENTED_EDGE ( 'NONE', *, *, #972, .T. ) ;
#519 = DIRECTION ( 'NONE',  ( 0.0000000000000000000, 1.000000000000000000, 0.0000000000000000000 ) ) ;
#520 = ORIENTED_EDGE ( 'NONE', *, *, #1582, .F. ) ;
#521 = EDGE_CURVE ( 'NONE', #926, #459, #559, .T. ) ;
#522 = CLOSED_SHELL ( 'NONE', ( #21, #964, #1805, #1260, #538, #2240, #2027, #1991, #1232, #689, #1989, #1144, #1699, #2001, #2082, #100, #2267, #1852, #1061, #526, #1520, #2420, #1509, #1648, #884, #1047, #1818, #494, #954, #303, #1459, #1132, #744 ) ) ;
#523 = VERTEX_POINT ( 'NONE', #2052 ) ;
#524 = CARTESIAN_POINT ( 'NONE',  ( 1.974999999999999900, 1.855294535724685900, -0.5250000000000008000 ) ) ;
#525 = ORIENTED_EDGE ( 'NONE', *, *, #1015, .F. ) ;
#526 = ADVANCED_FACE ( 'NONE', ( #2448 ), #2445, .F. ) ;
#527 = DIRECTION ( 'NONE',  ( 0.0000000000000000000, 1.000000000000000000, 0.0000000000000000000 ) ) ;
#528 = CARTESIAN_POINT ( 'NONE',  ( 1.974999999999999900, 0.2000000000000000100, 0.5250000000000008000 ) ) ;
#529 = CARTESIAN_POINT ( 'NONE',  ( -1.899999999999999700, 0.8000000000000000400, -0.7500000000000002200 ) ) ;
#530 = CARTESIAN_POINT ( 'NONE',  ( 1.974999999999999900, 0.0000000000000000000, -0.5250000000000008000 ) ) ;
#531 = EDGE_CURVE ( 'NONE', #2283, #367, #2395, .T. ) ;
#532 = FACE_OUTER_BOUND ( 'NONE', #1813, .T. ) ;
#533 = DIRECTION ( 'NONE',  ( 0.7071067811865485700, 0.0000000000000000000, 0.7071067811865465700 ) ) ;
#534 = ORIENTED_EDGE ( 'NONE', *, *, #1485, .T. ) ;
#535 = CIRCLE ( 'NONE', #2149, 0.1499999999999999700 ) ;
#536 = AXIS2_PLACEMENT_3D ( 'NONE', #1987, #2183, #1056 ) ;
#537 = CARTESIAN_POINT ( 'NONE',  ( 2.049999999999999800, 0.7900000000000000400, -0.7500000000000006700 ) ) ;
#538 = ADVANCED_FACE ( 'NONE', ( #1167 ), #373, .F. ) ;
#539 = LINE ( 'NONE', #172, #18 ) ;
#540 = EDGE_CURVE ( 'NONE', #926, #495, #1115, .T. ) ;
#541 = FACE_OUTER_BOUND ( 'NONE', #773, .T. ) ;
#542 = VECTOR ( 'NONE', #2077, 1000.000000000000000 ) ;
#543 = CARTESIAN_POINT ( 'NONE',  ( -2.049999999999999800, 0.0000000000000000000, 0.5999999999999997600 ) ) ;
#544 = CARTESIAN_POINT ( 'NONE',  ( -2.049999999999999800, 0.2000000000000000100, -0.6000000000000006400 ) ) ;
#545 = FACE_OUTER_BOUND ( 'NONE', #341, .T. ) ;
#546 = ORIENTED_EDGE ( 'NONE', *, *, #1136, .T. ) ;
#547 = ORIENTED_EDGE ( 'NONE', *, *, #84, .F. ) ;
#548 = ORIENTED_EDGE ( 'NONE', *, *, #1482, .F. ) ;
#549 = CARTESIAN_POINT ( 'NONE',  ( 1.824999999999999700, 0.8000000000000000400, -0.5250000000000006900 ) ) ;
#550 = ORIENTED_EDGE ( 'NONE', *, *, #1976, .F. ) ;
#551 = ORIENTED_EDGE ( 'NONE', *, *, #1528, .F. ) ;
#552 = ORIENTED_EDGE ( 'NONE', *, *, #759, .T. ) ;
#553 = EDGE_CURVE ( 'NONE', #751, #1745, #886, .T. ) ;
#554 = CARTESIAN_POINT ( 'NONE',  ( 2.049999999999999800, 0.2000000000000000100, 0.6000000000000006400 ) ) ;
#555 = SURFACE_SIDE_STYLE ('',( #1283 ) ) ;
#556 = LINE ( 'NONE', #1263, #371 ) ;
#557 = DIRECTION ( 'NONE',  ( 0.0000000000000000000, 0.0000000000000000000, -1.000000000000000000 ) ) ;
#558 = VECTOR ( 'NONE', #1589, 1000.000000000000000 ) ;
#559 = CIRCLE ( 'NONE', #29, 0.1499999999999999700 ) ;
#560 = DIRECTION ( 'NONE',  ( 0.0000000000000000000, 0.0000000000000000000, -1.000000000000000000 ) ) ;
#561 = PRODUCT_DEFINITION ( 'UNKNOWN', '', #697, #91 ) ;
#562 = VECTOR ( 'NONE', #1198, 1000.000000000000000 ) ;
#563 = DIRECTION ( 'NONE',  ( 0.0000000000000000000, 0.0000000000000000000, -1.000000000000000000 ) ) ;
#564 = CARTESIAN_POINT ( 'NONE',  ( 1.349999999999999900, 0.2000000000000000100, -0.6750000000000007100 ) ) ;
#565 = LINE ( 'NONE', #2222, #58 ) ;
#566 = EDGE_CURVE ( 'NONE', #495, #1569, #1824, .T. ) ;
#567 = CYLINDRICAL_SURFACE ( 'NONE', #1935, 0.1499999999999999700 ) ;
#568 = ORIENTED_EDGE ( 'NONE', *, *, #1554, .T. ) ;
#569 = DIRECTION ( 'NONE',  ( -0.0000000000000000000, -1.000000000000000000, -0.0000000000000000000 ) ) ;
#570 = ORIENTED_EDGE ( 'NONE', *, *, #1875, .F. ) ;
#571 = ORIENTED_EDGE ( 'NONE', *, *, #1308, .T. ) ;
#572 = CARTESIAN_POINT ( 'NONE',  ( -1.349999999999999900, 0.2000000000000000100, -0.6750000000000007100 ) ) ;
#573 = ADVANCED_FACE ( 'NONE', ( #2332 ), #667, .F. ) ;
#574 = ORIENTED_EDGE ( 'NONE', *, *, #222, .T. ) ;
#575 = ORIENTED_EDGE ( 'NONE', *, *, #662, .T. ) ;
#576 = EDGE_LOOP ( 'NONE', ( #1138, #839 ) ) ;
#577 = PLANE ( 'NONE',  #2064 ) ;
#578 = EDGE_CURVE ( 'NONE', #1530, #1780, #1309, .T. ) ;
#579 = DIRECTION ( 'NONE',  ( -0.7071067811865485700, -0.0000000000000000000, -0.7071067811865465700 ) ) ;
#580 = DIRECTION ( 'NONE',  ( -0.0000000000000000000, -1.000000000000000000, -0.0000000000000000000 ) ) ;
#581 = LINE ( 'NONE', #673, #1639 ) ;
#582 = ADVANCED_FACE ( 'NONE', ( #611 ), #1800, .F. ) ;
#583 = DIRECTION ( 'NONE',  ( -0.0000000000000000000, 1.000000000000000000, -0.0000000000000000000 ) ) ;
#584 = ORIENTED_EDGE ( 'NONE', *, *, #1496, .F. ) ;
#585 = FACE_OUTER_BOUND ( 'NONE', #1714, .T. ) ;
#586 = LINE ( 'NONE', #1663, #740 ) ;
#587 = DIRECTION ( 'NONE',  ( -1.000000000000000000, 0.0000000000000000000, 1.057758217059028900E-016 ) ) ;
#588 = DIRECTION ( 'NONE',  ( -0.0000000000000000000, -1.000000000000000000, -0.0000000000000000000 ) ) ;
#589 = CARTESIAN_POINT ( 'NONE',  ( -1.824999999999999500, 0.8999999999999998000, -0.5250000000000002400 ) ) ;
#590 = EDGE_CURVE ( 'NONE', #523, #1689, #969, .T. ) ;
#591 = LINE ( 'NONE', #1783, #2219 ) ;
#592 = DIRECTION ( 'NONE',  ( 0.0000000000000000000, 0.0000000000000000000, -1.000000000000000000 ) ) ;
#593 = FACE_OUTER_BOUND ( 'NONE', #2317, .T. ) ;
#594 = PRODUCT_CONTEXT ( 'NONE', #1366, 'mechanical' ) ;
#595 = ORIENTED_EDGE ( 'NONE', *, *, #1677, .T. ) ;
#596 = VERTEX_POINT ( 'NONE', #1586 ) ;
#597 = ORIENTED_EDGE ( 'NONE', *, *, #2421, .F. ) ;
#598 = CARTESIAN_POINT ( 'NONE',  ( 1.349999999999999900, 0.2000000000000000100, 0.6750000000000007100 ) ) ;
#599 = ORIENTED_EDGE ( 'NONE', *, *, #248, .F. ) ;
#600 = DIRECTION ( 'NONE',  ( -0.0000000000000000000, 1.000000000000000000, -0.0000000000000000000 ) ) ;
#601 = ORIENTED_EDGE ( 'NONE', *, *, #274, .F. ) ;
#602 = EDGE_CURVE ( 'NONE', #277, #2378, #2449, .T. ) ;
#603 = ORIENTED_EDGE ( 'NONE', *, *, #1278, .T. ) ;
#604 = PLANE ( 'NONE',  #177 ) ;
#605 = ORIENTED_EDGE ( 'NONE', *, *, #2034, .T. ) ;
#606 = AXIS2_PLACEMENT_3D ( 'NONE', #776, #20, #587 ) ;
#607 = EDGE_CURVE ( 'NONE', #14, #1127, #1140, .T. ) ;
#608 = LINE ( 'NONE', #336, #1856 ) ;
#609 = CARTESIAN_POINT ( 'NONE',  ( -1.974999999999999900, -0.0000000000000000000, -0.5250000000000008000 ) ) ;
#610 = ORIENTED_EDGE ( 'NONE', *, *, #2044, .F. ) ;
#611 = FACE_OUTER_BOUND ( 'NONE', #2443, .T. ) ;
#612 = DIRECTION ( 'NONE',  ( 0.0000000000000000000, 1.000000000000000000, 0.0000000000000000000 ) ) ;
#613 = VECTOR ( 'NONE', #1691, 1000.000000000000000 ) ;
#614 = VECTOR ( 'NONE', #655, 1000.000000000000000 ) ;
#615 = DIRECTION ( 'NONE',  ( 0.0000000000000000000, -1.000000000000000000, 0.0000000000000000000 ) ) ;
#616 = LINE ( 'NONE', #1928, #562 ) ;
#617 = CARTESIAN_POINT ( 'NONE',  ( 2.049999999999999800, 0.7900000000000000400, 0.5999999999999993100 ) ) ;
#618 = CARTESIAN_POINT ( 'NONE',  ( -1.899999999999999700, 0.7900000000000000400, 0.7499999999999997800 ) ) ;
#619 = VECTOR ( 'NONE', #1837, 1000.000000000000000 ) ;
#620 = CARTESIAN_POINT ( 'NONE',  ( -2.049999999999999800, 0.2000000000000000900, -0.6000000000000006400 ) ) ;
#621 = CARTESIAN_POINT ( 'NONE',  ( -1.974999999999999900, 0.8999999999999998000, -0.5250000000000002400 ) ) ;
#622 = FACE_OUTER_BOUND ( 'NONE', #2358, .T. ) ;
#623 = CARTESIAN_POINT ( 'NONE',  ( 2.049999999999999800, 1.855294535724685900, -0.7500000000000006700 ) ) ;
#624 = EDGE_CURVE ( 'NONE', #455, #1844, #2366, .T. ) ;
#625 = LINE ( 'NONE', #1764, #2344 ) ;
#626 = ORIENTED_EDGE ( 'NONE', *, *, #1308, .F. ) ;
#627 = CARTESIAN_POINT ( 'NONE',  ( -1.974999999999999900, 0.2000000000000000100, 0.5250000000000008000 ) ) ;
#628 = CARTESIAN_POINT ( 'NONE',  ( 1.824999999999999700, 0.2000000000000000900, -0.6750000000000009300 ) ) ;
#629 = ORIENTED_EDGE ( 'NONE', *, *, #17, .F. ) ;
#630 = ORIENTED_EDGE ( 'NONE', *, *, #1455, .F. ) ;
#631 = CARTESIAN_POINT ( 'NONE',  ( 2.049999999999999800, 1.855294535724685900, -0.6000000000000006400 ) ) ;
#632 = CARTESIAN_POINT ( 'NONE',  ( -1.899999999999999700, 0.8000000000000000400, 0.7499999999999997800 ) ) ;
#633 = VERTEX_POINT ( 'NONE', #78 ) ;
#634 = DIRECTION ( 'NONE',  ( 0.7071067811865485700, 0.0000000000000000000, 0.7071067811865465700 ) ) ;
#635 = ORIENTED_EDGE ( 'NONE', *, *, #652, .F. ) ;
#636 = AXIS2_PLACEMENT_3D ( 'NONE', #1025, #1214, #1830 ) ;
#637 = CARTESIAN_POINT ( 'NONE',  ( -2.049999999999999800, 1.855294535724685900, -0.6000000000000006400 ) ) ;
#638 = CARTESIAN_POINT ( 'NONE',  ( 2.049999999999999800, 0.0000000000000000000, 0.6000000000000007500 ) ) ;
#639 = DIRECTION ( 'NONE',  ( 0.0000000000000000000, 0.0000000000000000000, -1.000000000000000000 ) ) ;
#640 = DIRECTION ( 'NONE',  ( 0.0000000000000000000, -1.000000000000000000, 0.0000000000000000000 ) ) ;
#641 = LINE ( 'NONE', #479, #558 ) ;
#642 = DIRECTION ( 'NONE',  ( -0.7071067811865486800, 0.0000000000000000000, -0.7071067811865464600 ) ) ;
#643 = CARTESIAN_POINT ( 'NONE',  ( -1.349999999999999900, 0.2000000000000000100, -0.6750000000000007100 ) ) ;
#644 = EDGE_LOOP ( 'NONE', ( #1184, #1690, #1036, #129, #1632, #1664, #1394, #671, #2167, #314, #799, #1963 ) ) ;
#645 = VECTOR ( 'NONE', #1567, 1000.000000000000000 ) ;
#646 = VECTOR ( 'NONE', #935, 1000.000000000000000 ) ;
#647 = VECTOR ( 'NONE', #792, 1000.000000000000000 ) ;
#648 = CARTESIAN_POINT ( 'NONE',  ( -1.899999999999999700, 0.0000000000000000000, -0.7500000000000006700 ) ) ;
#649 = CARTESIAN_POINT ( 'NONE',  ( 1.824999999999999700, 0.8999999999999998000, -0.6750000000000007100 ) ) ;
#650 = CARTESIAN_POINT ( 'NONE',  ( -1.899999999999999700, 0.0000000000000000000, -0.7500000000000006700 ) ) ;
#651 = VECTOR ( 'NONE', #1560, 1000.000000000000000 ) ;
#652 = EDGE_CURVE ( 'NONE', #1224, #468, #2029, .T. ) ;
#653 = DIRECTION ( 'NONE',  ( 0.7071067811865485700, -0.0000000000000000000, 0.7071067811865465700 ) ) ;
#654 = LINE ( 'NONE', #414, #2030 ) ;
#655 = DIRECTION ( 'NONE',  ( -0.0000000000000000000, -1.000000000000000000, -0.0000000000000000000 ) ) ;
#656 = AXIS2_PLACEMENT_3D ( 'NONE', #2418, #1821, #402 ) ;
#657 = VECTOR ( 'NONE', #1909, 1000.000000000000000 ) ;
#658 = VERTEX_POINT ( 'NONE', #2150 ) ;
#659 = PLANE ( 'NONE',  #1838 ) ;
#660 = DIRECTION ( 'NONE',  ( -0.0000000000000000000, -1.000000000000000000, -0.0000000000000000000 ) ) ;
#661 = ORIENTED_EDGE ( 'NONE', *, *, #1614, .T. ) ;
#662 = EDGE_CURVE ( 'NONE', #2383, #67, #1729, .T. ) ;
#663 = ORIENTED_EDGE ( 'NONE', *, *, #945, .F. ) ;
#664 = ORIENTED_EDGE ( 'NONE', *, *, #972, .F. ) ;
#665 = DIRECTION ( 'NONE',  ( -0.0000000000000000000, -1.000000000000000000, -0.0000000000000000000 ) ) ;
#666 = VERTEX_POINT ( 'NONE', #879 ) ;
#667 = PLANE ( 'NONE',  #1593 ) ;
#668 = CARTESIAN_POINT ( 'NONE',  ( -1.349999999999999900, 1.855294535724685900, 0.6750000000000007100 ) ) ;
#669 = DIRECTION ( 'NONE',  ( -1.000000000000000000, 0.0000000000000000000, -4.565061778886335000E-016 ) ) ;
#670 = ORIENTED_EDGE ( 'NONE', *, *, #1528, .T. ) ;
#671 = ORIENTED_EDGE ( 'NONE', *, *, #1565, .F. ) ;
#672 = EDGE_LOOP ( 'NONE', ( #1661, #902, #1981, #1592 ) ) ;
#673 = CARTESIAN_POINT ( 'NONE',  ( 1.349999999999999900, 0.0000000000000000000, -0.6750000000000007100 ) ) ;
#674 = DIRECTION ( 'NONE',  ( -1.000000000000000000, 0.0000000000000000000, 4.565061778886335000E-016 ) ) ;
#675 = AXIS2_PLACEMENT_3D ( 'NONE', #676, #2189, #1051 ) ;
#676 = CARTESIAN_POINT ( 'NONE',  ( -2.049999999999999800, 0.2000000000000000100, 0.7500000000000006700 ) ) ;
#677 = CARTESIAN_POINT ( 'NONE',  ( 1.349999999999999900, 1.855294535724685900, -0.6750000000000007100 ) ) ;
#678 = LINE ( 'NONE', #1870, #1924 ) ;
#679 = EDGE_CURVE ( 'NONE', #2070, #14, #474, .T. ) ;
#680 = DIRECTION ( 'NONE',  ( 0.0000000000000000000, 0.0000000000000000000, -1.000000000000000000 ) ) ;
#681 = ORIENTED_EDGE ( 'NONE', *, *, #793, .T. ) ;
#682 = LINE ( 'NONE', #208, #194 ) ;
#683 = LINE ( 'NONE', #1321, #2080 ) ;
#684 = LINE ( 'NONE', #1974, #614 ) ;
#685 = DIRECTION ( 'NONE',  ( -1.000000000000000000, 0.0000000000000000000, 1.057758217059028900E-016 ) ) ;
#686 = DIRECTION ( 'NONE',  ( -1.000000000000000000, 0.0000000000000000000, 1.188166764367676300E-016 ) ) ;
#687 = FACE_OUTER_BOUND ( 'NONE', #2231, .T. ) ;
#688 = PLANE ( 'NONE',  #1662 ) ;
#689 = ADVANCED_FACE ( 'NONE', ( #1965 ), #346, .F. ) ;
#690 = FACE_OUTER_BOUND ( 'NONE', #1597, .T. ) ;
#691 =( GEOMETRIC_REPRESENTATION_CONTEXT ( 3 ) GLOBAL_UNCERTAINTY_ASSIGNED_CONTEXT ( ( #1145 ) ) GLOBAL_UNIT_ASSIGNED_CONTEXT ( ( #51, #1551, #817 ) ) REPRESENTATION_CONTEXT ( 'NONE', 'WORKASPACE' ) );
#692 = LINE ( 'NONE', #2310, #1178 ) ;
#693 = DIRECTION ( 'NONE',  ( -1.000000000000000000, -0.0000000000000000000, -4.565061778886335000E-016 ) ) ;
#694 = CARTESIAN_POINT ( 'NONE',  ( 1.899999999999999700, 0.0000000000000000000, -0.7500000000000006700 ) ) ;
#695 = DIRECTION ( 'NONE',  ( 1.000000000000000000, 0.0000000000000000000, 0.0000000000000000000 ) ) ;
#696 = VECTOR ( 'NONE', #872, 1000.000000000000000 ) ;
#697 = PRODUCT_DEFINITION_FORMATION_WITH_SPECIFIED_SOURCE ( 'ANY', '', #1292, .NOT_KNOWN. ) ;
#698 = VERTEX_POINT ( 'NONE', #139 ) ;
#699 = CARTESIAN_POINT ( 'NONE',  ( 1.824999999999999700, 0.0000000000000000000, -0.6750000000000009300 ) ) ;
#700 = VERTEX_POINT ( 'NONE', #1453 ) ;
#701 = ORIENTED_EDGE ( 'NONE', *, *, #1618, .F. ) ;
#702 = EDGE_CURVE ( 'NONE', #2377, #1601, #586, .T. ) ;
#703 = VERTEX_POINT ( 'NONE', #694 ) ;
#704 = ORIENTED_EDGE ( 'NONE', *, *, #1558, .T. ) ;
#705 = CARTESIAN_POINT ( 'NONE',  ( 2.049999999999999800, 0.8000000000000000400, 0.7499999999999993300 ) ) ;
#706 = AXIS2_PLACEMENT_3D ( 'NONE', #85, #283, #460 ) ;
#707 = DIRECTION ( 'NONE',  ( 0.7071067811865485700, -0.0000000000000000000, 0.7071067811865465700 ) ) ;
#708 = CARTESIAN_POINT ( 'NONE',  ( 1.349999999999999900, 0.2000000000000000900, 0.6750000000000007100 ) ) ;
#709 = ADVANCED_FACE ( 'NONE', ( #1615 ), #505, .T. ) ;
#710 = ORIENTED_EDGE ( 'NONE', *, *, #1558, .F. ) ;
#711 = LINE ( 'NONE', #1744, #1514 ) ;
#712 = EDGE_CURVE ( 'NONE', #2438, #2202, #1858, .T. ) ;
#713 = CARTESIAN_POINT ( 'NONE',  ( 8.047349223364833000E-017, 1.855294535724685900, 0.2300000000000000400 ) ) ;
#714 = VECTOR ( 'NONE', #569, 1000.000000000000000 ) ;
#715 = FACE_OUTER_BOUND ( 'NONE', #2098, .T. ) ;
#716 = PLANE ( 'NONE',  #447 ) ;
#717 = VECTOR ( 'NONE', #615, 1000.000000000000000 ) ;
#718 = DIRECTION ( 'NONE',  ( 0.0000000000000000000, -1.000000000000000000, 0.0000000000000000000 ) ) ;
#719 = CARTESIAN_POINT ( 'NONE',  ( 2.049999999999999800, 0.2000000000000000100, -0.6000000000000006400 ) ) ;
#720 = LINE ( 'NONE', #2373, #1702 ) ;
#721 = PLANE ( 'NONE',  #937 ) ;
#722 = LINE ( 'NONE', #1043, #62 ) ;
#723 = EDGE_LOOP ( 'NONE', ( #1653, #1874, #1843, #1945 ) ) ;
#724 = MANIFOLD_SOLID_BREP ( 'Boss-Extrude4[3]', #2409 ) ;
#725 = CARTESIAN_POINT ( 'NONE',  ( 1.899999999999999700, 0.8000000000000000400, -0.7500000000000006700 ) ) ;
#726 = ORIENTED_EDGE ( 'NONE', *, *, #102, .F. ) ;
#727 = ORIENTED_EDGE ( 'NONE', *, *, #54, .F. ) ;
#728 = ORIENTED_EDGE ( 'NONE', *, *, #1068, .F. ) ;
#729 = ORIENTED_EDGE ( 'NONE', *, *, #929, .F. ) ;
#730 = VERTEX_POINT ( 'NONE', #1636 ) ;
#731 = VERTEX_POINT ( 'NONE', #1073 ) ;
#732 = FILL_AREA_STYLE ('',( #168 ) ) ;
#733 = CARTESIAN_POINT ( 'NONE',  ( 2.049999999999999800, 0.8000000000000000400, -0.7500000000000006700 ) ) ;
#734 = EDGE_CURVE ( 'NONE', #491, #2325, #1696, .T. ) ;
#735 = VECTOR ( 'NONE', #1248, 1000.000000000000000 ) ;
#736 = DIRECTION ( 'NONE',  ( 0.0000000000000000000, -0.0000000000000000000, 1.000000000000000000 ) ) ;
#737 = EDGE_LOOP ( 'NONE', ( #1563, #1765, #2012, #1911 ) ) ;
#738 = LINE ( 'NONE', #508, #167 ) ;
#739 = AXIS2_PLACEMENT_3D ( 'NONE', #1728, #2107, #1524 ) ;
#740 = VECTOR ( 'NONE', #156, 1000.000000000000000 ) ;
#741 = VECTOR ( 'NONE', #1916, 1000.000000000000000 ) ;
#742 = EDGE_CURVE ( 'NONE', #1726, #312, #2245, .T. ) ;
#743 = VECTOR ( 'NONE', #1748, 1000.000000000000000 ) ;
#744 = ADVANCED_FACE ( 'NONE', ( #1196 ), #1651, .T. ) ;
#745 = LINE ( 'NONE', #2057, #2309 ) ;
#746 = DIRECTION ( 'NONE',  ( 0.0000000000000000000, 1.000000000000000000, 0.0000000000000000000 ) ) ;
#747 = DIRECTION ( 'NONE',  ( 0.0000000000000000000, 0.0000000000000000000, 1.000000000000000000 ) ) ;
#748 = FACE_OUTER_BOUND ( 'NONE', #65, .T. ) ;
#749 = ORIENTED_EDGE ( 'NONE', *, *, #1845, .T. ) ;
#750 = DIRECTION ( 'NONE',  ( -0.0000000000000000000, 1.000000000000000000, -0.0000000000000000000 ) ) ;
#751 = VERTEX_POINT ( 'NONE', #719 ) ;
#752 = ORIENTED_EDGE ( 'NONE', *, *, #1323, .T. ) ;
#753 = AXIS2_PLACEMENT_3D ( 'NONE', #452, #1759, #634 ) ;
#754 = VERTEX_POINT ( 'NONE', #2223 ) ;
#755 = ORIENTED_EDGE ( 'NONE', *, *, #2084, .T. ) ;
#756 = DIRECTION ( 'NONE',  ( 0.7071067811865464600, 0.0000000000000000000, 0.7071067811865486800 ) ) ;
#757 = VERTEX_POINT ( 'NONE', #1259 ) ;
#758 = ORIENTED_EDGE ( 'NONE', *, *, #845, .F. ) ;
#759 = EDGE_CURVE ( 'NONE', #1155, #246, #1798, .T. ) ;
#760 = DIRECTION ( 'NONE',  ( -0.0000000000000000000, -1.000000000000000000, -0.0000000000000000000 ) ) ;
#761 = LINE ( 'NONE', #2302, #1053 ) ;
#762 = CARTESIAN_POINT ( 'NONE',  ( 2.049999999999999800, 0.0000000000000000000, -0.6000000000000006400 ) ) ;
#763 = EDGE_LOOP ( 'NONE', ( #629, #838, #337, #2046 ) ) ;
#764 = VECTOR ( 'NONE', #1304, 1000.000000000000000 ) ;
#765 = VECTOR ( 'NONE', #1515, 1000.000000000000000 ) ;
#766 = DIRECTION ( 'NONE',  ( -1.000000000000000000, 0.0000000000000000000, 4.565061778886335000E-016 ) ) ;
#767 = DIRECTION ( 'NONE',  ( -0.7071067811865485700, -0.0000000000000000000, -0.7071067811865465700 ) ) ;
#768 = LINE ( 'NONE', #451, #477 ) ;
#769 = CIRCLE ( 'NONE', #1481, 0.1499999999999999700 ) ;
#770 = DIRECTION ( 'NONE',  ( -0.0000000000000000000, -1.000000000000000000, -0.0000000000000000000 ) ) ;
#771 = LINE ( 'NONE', #1052, #275 ) ;
#772 = ORIENTED_EDGE ( 'NONE', *, *, #2326, .T. ) ;
#773 = EDGE_LOOP ( 'NONE', ( #1075, #1869, #1359, #1087, #516, #458, #1815, #1097, #1298, #1527 ) ) ;
#774 = EDGE_LOOP ( 'NONE', ( #1747, #211, #960, #46 ) ) ;
#775 = ORIENTED_EDGE ( 'NONE', *, *, #2340, .F. ) ;
#776 = CARTESIAN_POINT ( 'NONE',  ( 2.049999999999999800, 0.8000000000000000400, 0.7499999999999993300 ) ) ;
#777 = ORIENTED_EDGE ( 'NONE', *, *, #2455, .T. ) ;
#778 = ORIENTED_EDGE ( 'NONE', *, *, #1796, .F. ) ;
#779 = ORIENTED_EDGE ( 'NONE', *, *, #1939, .F. ) ;
#780 = ADVANCED_FACE ( 'NONE', ( #2181 ), #2233, .F. ) ;
#781 = PLANE ( 'NONE',  #790 ) ;
#782 = EDGE_CURVE ( 'NONE', #1716, #1322, #1463, .T. ) ;
#783 = APPLICATION_PROTOCOL_DEFINITION ( 'draft international standard', 'automotive_design', 1998, #1902 ) ;
#784 = CARTESIAN_POINT ( 'NONE',  ( -2.049999999999999800, 0.2000000000000000900, -0.7500000000000006700 ) ) ;
#785 = CARTESIAN_POINT ( 'NONE',  ( 1.824999999999999700, 0.2000000000000000900, 0.6750000000000009300 ) ) ;
#786 = FILL_AREA_STYLE ('',( #2304 ) ) ;
#787 = FILL_AREA_STYLE ('',( #1703 ) ) ;
#788 = VERTEX_POINT ( 'NONE', #356 ) ;
#789 = VECTOR ( 'NONE', #1674, 1000.000000000000000 ) ;
#790 = AXIS2_PLACEMENT_3D ( 'NONE', #2092, #1723, #2293 ) ;
#791 = DIRECTION ( 'NONE',  ( -1.000000000000000000, 0.0000000000000000000, 0.0000000000000000000 ) ) ;
#792 = DIRECTION ( 'NONE',  ( 0.0000000000000000000, 0.0000000000000000000, -1.000000000000000000 ) ) ;
#793 = EDGE_CURVE ( 'NONE', #2423, #483, #83, .T. ) ;
#794 = LINE ( 'NONE', #1952, #2250 ) ;
#795 = DIRECTION ( 'NONE',  ( 0.0000000000000000000, -1.000000000000000000, 0.0000000000000000000 ) ) ;
#796 = CARTESIAN_POINT ( 'NONE',  ( -1.349999999999999900, 0.2000000000000000100, 0.6750000000000007100 ) ) ;
#797 = DIRECTION ( 'NONE',  ( 1.000000000000000000, 0.0000000000000000000, -1.188166764367676300E-016 ) ) ;
#798 = ORIENTED_EDGE ( 'NONE', *, *, #540, .T. ) ;
#799 = ORIENTED_EDGE ( 'NONE', *, *, #1554, .F. ) ;
#800 = CARTESIAN_POINT ( 'NONE',  ( -1.349999999999999900, 0.2000000000000000100, -0.6750000000000007100 ) ) ;
#801 = ORIENTED_EDGE ( 'NONE', *, *, #1634, .T. ) ;
#802 = ORIENTED_EDGE ( 'NONE', *, *, #845, .T. ) ;
#803 = EDGE_CURVE ( 'NONE', #757, #38, #110, .T. ) ;
#804 = VERTEX_POINT ( 'NONE', #957 ) ;
#805 = DIRECTION ( 'NONE',  ( 0.0000000000000000000, -1.000000000000000000, 0.0000000000000000000 ) ) ;
#806 = CARTESIAN_POINT ( 'NONE',  ( 1.824999999999999700, 0.2000000000000000100, -0.6750000000000009300 ) ) ;
#807 = ORIENTED_EDGE ( 'NONE', *, *, #959, .T. ) ;
#808 = DIRECTION ( 'NONE',  ( 0.0000000000000000000, 0.0000000000000000000, 1.000000000000000000 ) ) ;
#809 = AXIS2_PLACEMENT_3D ( 'NONE', #223, #2289, #1746 ) ;
#810 = EDGE_CURVE ( 'NONE', #1013, #2283, #2146, .T. ) ;
#811 = EDGE_CURVE ( 'NONE', #2099, #523, #683, .T. ) ;
#812 = CARTESIAN_POINT ( 'NONE',  ( 1.899999999999999700, 0.0000000000000000000, -0.7500000000000006700 ) ) ;
#813 = DIRECTION ( 'NONE',  ( 1.000000000000000000, 0.0000000000000000000, -4.565061778886335000E-016 ) ) ;
#814 = SURFACE_STYLE_USAGE ( .BOTH. , #423 ) ;
#815 = ORIENTED_EDGE ( 'NONE', *, *, #1760, .F. ) ;
#816 = DIRECTION ( 'NONE',  ( -0.0000000000000000000, -1.000000000000000000, -0.0000000000000000000 ) ) ;
#817 =( NAMED_UNIT ( * ) SI_UNIT ( $, .STERADIAN. ) SOLID_ANGLE_UNIT ( ) );
#818 = CARTESIAN_POINT ( 'NONE',  ( 1.824999999999999700, 0.0000000000000000000, 0.6750000000000009300 ) ) ;
#819 = CIRCLE ( 'NONE', #1276, 0.1499999999999999700 ) ;
#820 = CARTESIAN_POINT ( 'NONE',  ( 2.049999999999999800, 0.7900000000000000400, 0.5999999999999994200 ) ) ;
#821 = AXIS2_PLACEMENT_3D ( 'NONE', #2392, #889, #878 ) ;
#822 = VECTOR ( 'NONE', #1905, 1000.000000000000000 ) ;
#823 = CARTESIAN_POINT ( 'NONE',  ( 1.974999999999999900, 0.2000000000000000100, 0.5250000000000008000 ) ) ;
#824 = CARTESIAN_POINT ( 'NONE',  ( 1.974999999999999900, 0.0000000000000000000, -0.5250000000000008000 ) ) ;
#825 = CARTESIAN_POINT ( 'NONE',  ( 1.349999999999999900, 0.2000000000000000100, 0.6750000000000007100 ) ) ;
#826 = VECTOR ( 'NONE', #2079, 1000.000000000000000 ) ;
#827 = EDGE_CURVE ( 'NONE', #2070, #1887, #1023, .T. ) ;
#828 = LINE ( 'NONE', #806, #1121 ) ;
#829 = CARTESIAN_POINT ( 'NONE',  ( -1.349999999999999900, -0.0000000000000000000, -0.6750000000000007100 ) ) ;
#830 = ORIENTED_EDGE ( 'NONE', *, *, #1110, .T. ) ;
#831 = DIRECTION ( 'NONE',  ( -0.0000000000000000000, -1.000000000000000000, -0.0000000000000000000 ) ) ;
#832 = DIRECTION ( 'NONE',  ( -1.000000000000000000, 0.0000000000000000000, 4.565061778886335000E-016 ) ) ;
#833 = ORIENTED_EDGE ( 'NONE', *, *, #1645, .F. ) ;
#834 = DIRECTION ( 'NONE',  ( 0.0000000000000000000, -0.0000000000000000000, -1.000000000000000000 ) ) ;
#835 = ORIENTED_EDGE ( 'NONE', *, *, #803, .F. ) ;
#836 = ORIENTED_EDGE ( 'NONE', *, *, #2256, .F. ) ;
#837 = CARTESIAN_POINT ( 'NONE',  ( 8.047349223364833000E-017, 1.855294535724685900, 0.3800000000000000000 ) ) ;
#838 = ORIENTED_EDGE ( 'NONE', *, *, #1305, .T. ) ;
#839 = ORIENTED_EDGE ( 'NONE', *, *, #2211, .F. ) ;
#840 = ORIENTED_EDGE ( 'NONE', *, *, #1790, .F. ) ;
#841 = CARTESIAN_POINT ( 'NONE',  ( 1.824999999999999700, 0.8000000000000000400, -0.6750000000000007100 ) ) ;
#842 = FILL_AREA_STYLE ('',( #1961 ) ) ;
#843 = DIRECTION ( 'NONE',  ( 0.0000000000000000000, -0.0000000000000000000, -1.000000000000000000 ) ) ;
#844 = AXIS2_PLACEMENT_3D ( 'NONE', #1787, #1032, #104 ) ;
#845 = EDGE_CURVE ( 'NONE', #2099, #1071, #144, .T. ) ;
#846 = CARTESIAN_POINT ( 'NONE',  ( -1.975000000000000100, 0.8999999999999998000, 0.5249999999999999100 ) ) ;
#847 = CARTESIAN_POINT ( 'NONE',  ( 1.824999999999999500, 0.8999999999999998000, 0.5249999999999994700 ) ) ;
#848 = LINE ( 'NONE', #2210, #347 ) ;
#849 = DIRECTION ( 'NONE',  ( 1.000000000000000000, -0.0000000000000000000, 4.565061778886335000E-016 ) ) ;
#850 = PLANE ( 'NONE',  #844 ) ;
#851 = ORIENTED_EDGE ( 'NONE', *, *, #1294, .F. ) ;
#852 = CIRCLE ( 'NONE', #1107, 0.1499999999999999900 ) ;
#853 = VECTOR ( 'NONE', #1026, 1000.000000000000000 ) ;
#854 = CARTESIAN_POINT ( 'NONE',  ( -2.049999999999999800, 0.8000000000000000400, 0.5999999999999998700 ) ) ;
#855 = CARTESIAN_POINT ( 'NONE',  ( -2.049999999999999800, 0.7900000000000000400, -0.6000000000000003100 ) ) ;
#856 = FACE_OUTER_BOUND ( 'NONE', #2102, .T. ) ;
#857 = EDGE_CURVE ( 'NONE', #1241, #866, #1055, .T. ) ;
#858 = DIRECTION ( 'NONE',  ( 0.0000000000000000000, 0.0000000000000000000, -1.000000000000000000 ) ) ;
#859 = LINE ( 'NONE', #1396, #1029 ) ;
#860 = DIRECTION ( 'NONE',  ( 1.188166764367676300E-016, -0.0000000000000000000, 1.000000000000000000 ) ) ;
#861 = DIRECTION ( 'NONE',  ( 0.0000000000000000000, 0.0000000000000000000, -1.000000000000000000 ) ) ;
#862 = AXIS2_PLACEMENT_3D ( 'NONE', #890, #519, #512 ) ;
#863 = EDGE_CURVE ( 'NONE', #277, #2436, #1671, .T. ) ;
#864 = DIRECTION ( 'NONE',  ( 1.000000000000000000, 0.0000000000000000000, 4.565061778886335000E-016 ) ) ;
#865 = CARTESIAN_POINT ( 'NONE',  ( 1.349999999999999900, 0.0000000000000000000, 0.6750000000000007100 ) ) ;
#866 = VERTEX_POINT ( 'NONE', #2059 ) ;
#867 = EDGE_CURVE ( 'NONE', #1271, #1658, #539, .T. ) ;
#868 = VERTEX_POINT ( 'NONE', #1484 ) ;
#869 = DIRECTION ( 'NONE',  ( -4.565061778886335000E-016, 0.0000000000000000000, -1.000000000000000000 ) ) ;
#870 = ADVANCED_FACE ( 'NONE', ( #52 ), #2268, .T. ) ;
#871 = ORIENTED_EDGE ( 'NONE', *, *, #1845, .F. ) ;
#872 = DIRECTION ( 'NONE',  ( -0.7071067811865485700, 0.0000000000000000000, 0.7071067811865465700 ) ) ;
#873 = ORIENTED_EDGE ( 'NONE', *, *, #2225, .T. ) ;
#874 = EDGE_LOOP ( 'NONE', ( #1951, #1885, #281, #1311, #228, #205, #2111, #1890 ) ) ;
#875 = ORIENTED_EDGE ( 'NONE', *, *, #2071, .T. ) ;
#876 = CARTESIAN_POINT ( 'NONE',  ( -2.049999999999999800, 1.855294535724685900, 0.6000000000000006400 ) ) ;
#877 = CARTESIAN_POINT ( 'NONE',  ( -1.899999999999999700, 0.8000000000000000400, 0.7499999999999997800 ) ) ;
#878 = DIRECTION ( 'NONE',  ( 0.0000000000000000000, 0.0000000000000000000, 1.000000000000000000 ) ) ;
#879 = CARTESIAN_POINT ( 'NONE',  ( -1.974999999999999900, -0.0000000000000000000, -0.5250000000000008000 ) ) ;
#880 = CARTESIAN_POINT ( 'NONE',  ( -1.349999999999999900, 1.855294535724685900, 0.6750000000000007100 ) ) ;
#881 = VECTOR ( 'NONE', #2175, 1000.000000000000000 ) ;
#882 = EDGE_CURVE ( 'NONE', #2436, #698, #1927, .T. ) ;
#883 = DIRECTION ( 'NONE',  ( -1.141265444721583800E-016, 0.0000000000000000000, -1.000000000000000000 ) ) ;
#884 = ADVANCED_FACE ( 'NONE', ( #2243 ), #577, .F. ) ;
#885 = LINE ( 'NONE', #1361, #1084 ) ;
#886 = LINE ( 'NONE', #163, #170 ) ;
#887 = EDGE_LOOP ( 'NONE', ( #251, #1242, #1855, #939 ) ) ;
#888 = FACE_OUTER_BOUND ( 'NONE', #39, .T. ) ;
#889 = DIRECTION ( 'NONE',  ( -1.000000000000000000, 0.0000000000000000000, 0.0000000000000000000 ) ) ;
#890 = CARTESIAN_POINT ( 'NONE',  ( 0.0000000000000000000, 0.0000000000000000000, 0.0000000000000000000 ) ) ;
#891 = VECTOR ( 'NONE', #2346, 1000.000000000000000 ) ;
#892 = DIRECTION ( 'NONE',  ( 0.0000000000000000000, 0.0000000000000000000, 1.000000000000000000 ) ) ;
#893 = VECTOR ( 'NONE', #1510, 1000.000000000000000 ) ;
#894 = LINE ( 'NONE', #829, #25 ) ;
#895 = SURFACE_STYLE_FILL_AREA ( #441 ) ;
#896 = DIRECTION ( 'NONE',  ( 0.0000000000000000000, 0.0000000000000000000, -1.000000000000000000 ) ) ;
#897 = CARTESIAN_POINT ( 'NONE',  ( -2.049999999999999800, -0.0000000000000000000, -0.7500000000000006700 ) ) ;
#898 = LINE ( 'NONE', #708, #1834 ) ;
#899 = AXIS2_PLACEMENT_3D ( 'NONE', #255, #45, #2128 ) ;
#900 = EDGE_CURVE ( 'NONE', #1127, #1917, #682, .T. ) ;
#901 = ORIENTED_EDGE ( 'NONE', *, *, #2124, .T. ) ;
#902 = ORIENTED_EDGE ( 'NONE', *, *, #590, .F. ) ;
#903 = ORIENTED_EDGE ( 'NONE', *, *, #1994, .F. ) ;
#904 = MANIFOLD_SOLID_BREP ( 'Boss-Extrude3', #928 ) ;
#905 = ORIENTED_EDGE ( 'NONE', *, *, #189, .T. ) ;
#906 = CARTESIAN_POINT ( 'NONE',  ( 1.974999999999999900, 0.0000000000000000000, 0.5250000000000008000 ) ) ;
#907 = ORIENTED_EDGE ( 'NONE', *, *, #380, .T. ) ;
#908 = CARTESIAN_POINT ( 'NONE',  ( -2.049999999999999800, 0.0000000000000000000, -0.6000000000000002000 ) ) ;
#909 = VERTEX_POINT ( 'NONE', #1683 ) ;
#910 = ADVANCED_FACE ( 'NONE', ( #1966 ), #2305, .T. ) ;
#911 = CARTESIAN_POINT ( 'NONE',  ( 1.974999999999999900, 0.0000000000000000000, 0.5250000000000008000 ) ) ;
#912 = AXIS2_PLACEMENT_3D ( 'NONE', #1045, #1410, #1222 ) ;
#913 = DIRECTION ( 'NONE',  ( -0.0000000000000000000, 1.000000000000000000, -0.0000000000000000000 ) ) ;
#914 = FACE_OUTER_BOUND ( 'NONE', #1124, .T. ) ;
#915 = ORIENTED_EDGE ( 'NONE', *, *, #863, .T. ) ;
#916 = LINE ( 'NONE', #1539, #142 ) ;
#917 = EDGE_CURVE ( 'NONE', #1689, #1601, #2397, .T. ) ;
#918 = DIRECTION ( 'NONE',  ( 0.0000000000000000000, 1.000000000000000000, 0.0000000000000000000 ) ) ;
#919 = ADVANCED_FACE ( 'NONE', ( #970 ), #2182, .T. ) ;
#920 = DIRECTION ( 'NONE',  ( 0.0000000000000000000, 0.0000000000000000000, -1.000000000000000000 ) ) ;
#921 = CIRCLE ( 'NONE', #2006, 0.1499999999999999700 ) ;
#922 = CARTESIAN_POINT ( 'NONE',  ( -2.049999999999999800, 0.8000000000000000400, 0.5999999999999998700 ) ) ;
#923 = VECTOR ( 'NONE', #2072, 1000.000000000000000 ) ;
#924 = DIRECTION ( 'NONE',  ( -0.7071067811865465700, 0.0000000000000000000, -0.7071067811865485700 ) ) ;
#925 =( LENGTH_UNIT ( ) NAMED_UNIT ( * ) SI_UNIT ( .MILLI., .METRE. ) );
#926 = VERTEX_POINT ( 'NONE', #1526 ) ;
#927 = ORIENTED_EDGE ( 'NONE', *, *, #2209, .F. ) ;
#928 = CLOSED_SHELL ( 'NONE', ( #709, #573, #1627, #1820, #919, #133, #513, #2194, #489, #320 ) ) ;
#929 = EDGE_CURVE ( 'NONE', #1450, #192, #2367, .T. ) ;
#930 = EDGE_LOOP ( 'NONE', ( #2285, #2408, #1685, #1076, #313, #361 ) ) ;
#931 = ORIENTED_EDGE ( 'NONE', *, *, #2282, .T. ) ;
#932 = ORIENTED_EDGE ( 'NONE', *, *, #1110, .F. ) ;
#933 = ORIENTED_EDGE ( 'NONE', *, *, #1872, .T. ) ;
#934 = DIRECTION ( 'NONE',  ( -0.0000000000000000000, 1.000000000000000000, -0.0000000000000000000 ) ) ;
#935 = DIRECTION ( 'NONE',  ( -0.0000000000000000000, 1.000000000000000000, -0.0000000000000000000 ) ) ;
#936 = CARTESIAN_POINT ( 'NONE',  ( 1.974999999999999900, 0.8000000000000000400, 0.5249999999999994700 ) ) ;
#937 = AXIS2_PLACEMENT_3D ( 'NONE', #1635, #2415, #106 ) ;
#938 = LINE ( 'NONE', #1988, #226 ) ;
#939 = ORIENTED_EDGE ( 'NONE', *, *, #180, .F. ) ;
#940 = FACE_OUTER_BOUND ( 'NONE', #2139, .T. ) ;
#941 = AXIS2_PLACEMENT_3D ( 'NONE', #245, #398, #1710 ) ;
#942 = EDGE_CURVE ( 'NONE', #804, #418, #1859, .T. ) ;
#943 = ORIENTED_EDGE ( 'NONE', *, *, #2388, .T. ) ;
#944 = LINE ( 'NONE', #1753, #1373 ) ;
#945 = EDGE_CURVE ( 'NONE', #1780, #160, #2116, .T. ) ;
#946 = VECTOR ( 'NONE', #1353, 1000.000000000000000 ) ;
#947 = STYLED_ITEM ( 'NONE', ( #994 ), #11 ) ;
#948 = LINE ( 'NONE', #982, #2129 ) ;
#949 = DIRECTION ( 'NONE',  ( 0.0000000000000000000, -1.000000000000000000, 0.0000000000000000000 ) ) ;
#950 = ORIENTED_EDGE ( 'NONE', *, *, #437, .F. ) ;
#951 = AXIS2_PLACEMENT_3D ( 'NONE', #256, #1562, #1938 ) ;
#952 = ORIENTED_EDGE ( 'NONE', *, *, #267, .F. ) ;
#953 = ORIENTED_EDGE ( 'NONE', *, *, #2192, .F. ) ;
#954 = ADVANCED_FACE ( 'NONE', ( #888 ), #781, .F. ) ;
#955 = CARTESIAN_POINT ( 'NONE',  ( -1.349999999999999900, 0.0000000000000000000, 0.6750000000000007100 ) ) ;
#956 = ORIENTED_EDGE ( 'NONE', *, *, #942, .F. ) ;
#957 = CARTESIAN_POINT ( 'NONE',  ( 8.047349223364833000E-017, 0.0000000000000000000, 0.2300000000000000400 ) ) ;
#958 = ORIENTED_EDGE ( 'NONE', *, *, #1391, .T. ) ;
#959 = EDGE_CURVE ( 'NONE', #459, #1569, #684, .T. ) ;
#960 = ORIENTED_EDGE ( 'NONE', *, *, #189, .F. ) ;
#961 = CARTESIAN_POINT ( 'NONE',  ( 1.974999999999999900, 0.2000000000000000900, 0.5250000000000008000 ) ) ;
#962 = FACE_OUTER_BOUND ( 'NONE', #2396, .T. ) ;
#963 = DIRECTION ( 'NONE',  ( -0.0000000000000000000, -1.000000000000000000, -0.0000000000000000000 ) ) ;
#964 = ADVANCED_FACE ( 'NONE', ( #1799 ), #2054, .F. ) ;
#965 =( LENGTH_UNIT ( ) NAMED_UNIT ( * ) SI_UNIT ( .MILLI., .METRE. ) );
#966 = ORIENTED_EDGE ( 'NONE', *, *, #1278, .F. ) ;
#967 = LINE ( 'NONE', #2261, #2424 ) ;
#968 = CARTESIAN_POINT ( 'NONE',  ( 8.047349223364833000E-017, 0.2000000000000000100, 0.2300000000000000400 ) ) ;
#969 = LINE ( 'NONE', #1953, #405 ) ;
#970 = FACE_OUTER_BOUND ( 'NONE', #1008, .T. ) ;
#971 = CARTESIAN_POINT ( 'NONE',  ( 9.884319422085862400E-017, 0.2000000000000000100, 0.5300000000000000300 ) ) ;
#972 = EDGE_CURVE ( 'NONE', #1428, #700, #375, .T. ) ;
#973 = MANIFOLD_SOLID_BREP ( 'Boss-Extrude4[2]', #390 ) ;
#974 = VECTOR ( 'NONE', #1330, 1000.000000000000000 ) ;
#975 = CARTESIAN_POINT ( 'NONE',  ( 1.824999999999999700, 0.8999999999999998000, -0.5250000000000006900 ) ) ;
#976 = CARTESIAN_POINT ( 'NONE',  ( -2.049999999999999800, 0.2000000000000000100, 0.6000000000000006400 ) ) ;
#977 = VECTOR ( 'NONE', #484, 1000.000000000000000 ) ;
#978 = ORIENTED_EDGE ( 'NONE', *, *, #1469, .F. ) ;
#979 = ORIENTED_EDGE ( 'NONE', *, *, #1261, .F. ) ;
#980 = AXIS2_PLACEMENT_3D ( 'NONE', #1411, #1397, #86 ) ;
#981 = ORIENTED_EDGE ( 'NONE', *, *, #358, .F. ) ;
#982 = CARTESIAN_POINT ( 'NONE',  ( 1.974999999999999900, 0.2000000000000000100, -0.5250000000000008000 ) ) ;
#983 = EDGE_LOOP ( 'NONE', ( #429, #422, #1709, #1418 ) ) ;
#984 = AXIS2_PLACEMENT_3D ( 'NONE', #2296, #28, #1377 ) ;
#985 = EDGE_CURVE ( 'NONE', #1888, #1011, #996, .T. ) ;
#986 = ORIENTED_EDGE ( 'NONE', *, *, #929, .T. ) ;
#987 = ORIENTED_EDGE ( 'NONE', *, *, #507, .T. ) ;
#988 = CARTESIAN_POINT ( 'NONE',  ( -1.824999999999999700, 5.974326292948360300, 0.5249999999999999100 ) ) ;
#989 = EDGE_CURVE ( 'NONE', #700, #666, #1405, .T. ) ;
#990 = DIRECTION ( 'NONE',  ( 0.0000000000000000000, 0.0000000000000000000, 1.000000000000000000 ) ) ;
#991 = DIRECTION ( 'NONE',  ( -0.0000000000000000000, 1.000000000000000000, -0.0000000000000000000 ) ) ;
#992 = DIRECTION ( 'NONE',  ( 0.0000000000000000000, -1.000000000000000000, 0.0000000000000000000 ) ) ;
#993 = LINE ( 'NONE', #1098, #1048 ) ;
#994 = PRESENTATION_STYLE_ASSIGNMENT (( #426 ) ) ;
#995 = CARTESIAN_POINT ( 'NONE',  ( -2.049999999999999800, 1.855294535724685900, 0.7500000000000006700 ) ) ;
#996 = LINE ( 'NONE', #668, #234 ) ;
#997 = AXIS2_PLACEMENT_3D ( 'NONE', #1331, #2273, #2083 ) ;
#998 = VECTOR ( 'NONE', #1019, 1000.000000000000000 ) ;
#999 = DIRECTION ( 'NONE',  ( 0.7071067811865464600, 0.0000000000000000000, -0.7071067811865486800 ) ) ;
#1000 = EDGE_CURVE ( 'NONE', #282, #367, #944, .T. ) ;
#1001 = CIRCLE ( 'NONE', #1109, 0.1499999999999999700 ) ;
#1002 = DIRECTION ( 'NONE',  ( -0.0000000000000000000, -1.000000000000000000, -0.0000000000000000000 ) ) ;
#1003 = FACE_OUTER_BOUND ( 'NONE', #1986, .T. ) ;
#1004 = VERTEX_POINT ( 'NONE', #820 ) ;
#1005 = DIRECTION ( 'NONE',  ( 0.0000000000000000000, 0.0000000000000000000, 1.000000000000000000 ) ) ;
#1006 = CARTESIAN_POINT ( 'NONE',  ( 1.824999999999999700, 0.0000000000000000000, -0.6750000000000009300 ) ) ;
#1007 = PLANE ( 'NONE',  #656 ) ;
#1008 = EDGE_LOOP ( 'NONE', ( #1448, #571, #99, #1185 ) ) ;
#1009 = ORIENTED_EDGE ( 'NONE', *, *, #2380, .F. ) ;
#1010 = AXIS2_PLACEMENT_3D ( 'NONE', #292, #482, #1973 ) ;
#1011 = VERTEX_POINT ( 'NONE', #44 ) ;
#1012 = ORIENTED_EDGE ( 'NONE', *, *, #810, .F. ) ;
#1013 = VERTEX_POINT ( 'NONE', #796 ) ;
#1014 = AXIS2_PLACEMENT_3D ( 'NONE', #1540, #1734, #1018 ) ;
#1015 = EDGE_CURVE ( 'NONE', #468, #288, #1491, .T. ) ;
#1016 = PLANE ( 'NONE',  #397 ) ;
#1017 = DIRECTION ( 'NONE',  ( 0.0000000000000000000, 1.000000000000000000, -0.0000000000000000000 ) ) ;
#1018 = DIRECTION ( 'NONE',  ( 0.0000000000000000000, 0.0000000000000000000, 1.000000000000000000 ) ) ;
#1019 = DIRECTION ( 'NONE',  ( -4.130293990420968900E-016, 0.0000000000000000000, 1.000000000000000000 ) ) ;
#1020 = CARTESIAN_POINT ( 'NONE',  ( -1.899999999999999700, 0.0000000000000000000, 0.7500000000000006700 ) ) ;
#1021 = ORIENTED_EDGE ( 'NONE', *, *, #2013, .T. ) ;
#1022 = EDGE_CURVE ( 'NONE', #1034, #1478, #711, .T. ) ;
#1023 = LINE ( 'NONE', #1123, #613 ) ;
#1024 = DIRECTION ( 'NONE',  ( -1.000000000000000000, 0.0000000000000000000, 1.188166764367676300E-016 ) ) ;
#1025 = CARTESIAN_POINT ( 'NONE',  ( -2.049999999999999800, 0.2000000000000000100, -0.7500000000000006700 ) ) ;
#1026 = DIRECTION ( 'NONE',  ( 0.0000000000000000000, -1.000000000000000000, 0.0000000000000000000 ) ) ;
#1027 = VECTOR ( 'NONE', #766, 1000.000000000000000 ) ;
#1028 = CARTESIAN_POINT ( 'NONE',  ( -1.974999999999999900, 5.974326292948360300, -0.5250000000000002400 ) ) ;
#1029 = VECTOR ( 'NONE', #76, 1000.000000000000000 ) ;
#1030 = EDGE_CURVE ( 'NONE', #1074, #1224, #265, .T. ) ;
#1031 = EDGE_LOOP ( 'NONE', ( #2269, #2348, #95, #1419 ) ) ;
#1032 = DIRECTION ( 'NONE',  ( -1.000000000000000000, 0.0000000000000000000, -4.130293990420968900E-016 ) ) ;
#1033 = ORIENTED_EDGE ( 'NONE', *, *, #521, .F. ) ;
#1034 = VERTEX_POINT ( 'NONE', #627 ) ;
#1035 = CARTESIAN_POINT ( 'NONE',  ( 1.974999999999999900, 0.2000000000000000900, -0.5250000000000008000 ) ) ;
#1036 = ORIENTED_EDGE ( 'NONE', *, *, #453, .F. ) ;
#1037 = ORIENTED_EDGE ( 'NONE', *, *, #1599, .T. ) ;
#1038 = ORIENTED_EDGE ( 'NONE', *, *, #1351, .F. ) ;
#1039 = CARTESIAN_POINT ( 'NONE',  ( 1.974999999999999900, 0.8999999999999998000, 0.5249999999999994700 ) ) ;
#1040 = ORIENTED_EDGE ( 'NONE', *, *, #403, .F. ) ;
#1041 = MECHANICAL_DESIGN_GEOMETRIC_PRESENTATION_REPRESENTATION (  '', ( #2452 ), #1289 ) ;
#1042 = CARTESIAN_POINT ( 'NONE',  ( -1.824999999999999700, 0.8000000000000000400, 0.5249999999999999100 ) ) ;
#1043 = CARTESIAN_POINT ( 'NONE',  ( -1.824999999999999700, -0.0000000000000000000, -0.6750000000000009300 ) ) ;
#1044 = EDGE_CURVE ( 'NONE', #1680, #215, #1461, .T. ) ;
#1045 = CARTESIAN_POINT ( 'NONE',  ( 8.047349223364833000E-017, 0.0000000000000000000, 0.3800000000000000000 ) ) ;
#1046 = DIRECTION ( 'NONE',  ( 0.7071067811865485700, 0.0000000000000000000, -0.7071067811865465700 ) ) ;
#1047 = ADVANCED_FACE ( 'NONE', ( #2145 ), #2342, .F. ) ;
#1048 = VECTOR ( 'NONE', #1118, 1000.000000000000000 ) ;
#1049 = ADVANCED_FACE ( 'NONE', ( #1194 ), #1775, .T. ) ;
#1050 = PLANE ( 'NONE',  #323 ) ;
#1051 = DIRECTION ( 'NONE',  ( 0.0000000000000000000, -0.0000000000000000000, -1.000000000000000000 ) ) ;
#1052 = CARTESIAN_POINT ( 'NONE',  ( 2.049999999999999800, 0.0000000000000000000, -0.6000000000000006400 ) ) ;
#1053 = VECTOR ( 'NONE', #1536, 1000.000000000000000 ) ;
#1054 = FACE_OUTER_BOUND ( 'NONE', #487, .T. ) ;
#1055 = LINE ( 'NONE', #1293, #1090 ) ;
#1056 = DIRECTION ( 'NONE',  ( 0.0000000000000000000, 0.0000000000000000000, 1.000000000000000000 ) ) ;
#1057 = DIRECTION ( 'NONE',  ( 0.0000000000000000000, -1.000000000000000000, 0.0000000000000000000 ) ) ;
#1058 = LINE ( 'NONE', #1535, #765 ) ;
#1059 = AXIS2_PLACEMENT_3D ( 'NONE', #2051, #330, #533 ) ;
#1060 = CARTESIAN_POINT ( 'NONE',  ( -1.974999999999999900, 0.2000000000000000900, 0.5250000000000008000 ) ) ;
#1061 = ADVANCED_FACE ( 'NONE', ( #1642 ), #64, .F. ) ;
#1062 = FACE_OUTER_BOUND ( 'NONE', #763, .T. ) ;
#1063 = DIRECTION ( 'NONE',  ( -0.0000000000000000000, -1.000000000000000000, -0.0000000000000000000 ) ) ;
#1064 = EDGE_CURVE ( 'NONE', #731, #321, #916, .T. ) ;
#1065 = ADVANCED_FACE ( 'NONE', ( #1139 ), #1954, .F. ) ;
#1066 = COLOUR_RGB ( '',0.7921568627450980000, 0.8196078431372548800, 0.9333333333333333500 ) ;
#1067 = CARTESIAN_POINT ( 'NONE',  ( -1.824999999999999700, 5.974326292948360300, 0.6749999999999998200 ) ) ;
#1068 = EDGE_CURVE ( 'NONE', #1478, #1887, #404, .T. ) ;
#1069 = LINE ( 'NONE', #496, #2035 ) ;
#1070 = EDGE_LOOP ( 'NONE', ( #599, #81, #2232, #778 ) ) ;
#1071 = VERTEX_POINT ( 'NONE', #1733 ) ;
#1072 = ORIENTED_EDGE ( 'NONE', *, *, #1826, .T. ) ;
#1073 = CARTESIAN_POINT ( 'NONE',  ( 1.899999999999999700, 0.0000000000000000000, 0.7500000000000006700 ) ) ;
#1074 = VERTEX_POINT ( 'NONE', #56 ) ;
#1075 = ORIENTED_EDGE ( 'NONE', *, *, #84, .T. ) ;
#1076 = ORIENTED_EDGE ( 'NONE', *, *, #1374, .T. ) ;
#1077 = CARTESIAN_POINT ( 'NONE',  ( 1.974999999999999900, 0.2000000000000000100, -0.5250000000000008000 ) ) ;
#1078 = AXIS2_PLACEMENT_3D ( 'NONE', #360, #1456, #2230 ) ;
#1079 = ORIENTED_EDGE ( 'NONE', *, *, #287, .T. ) ;
#1080 = CARTESIAN_POINT ( 'NONE',  ( -1.899999999999999700, 0.7900000000000000400, 0.7499999999999997800 ) ) ;
#1081 = AXIS2_PLACEMENT_3D ( 'NONE', #2125, #252, #2247 ) ;
#1082 = FILL_AREA_STYLE ('',( #1848 ) ) ;
#1083 = EDGE_CURVE ( 'NONE', #1450, #1982, #322, .T. ) ;
#1084 = VECTOR ( 'NONE', #1937, 1000.000000000000000 ) ;
#1085 = ADVANCED_FACE ( 'NONE', ( #585 ), #1763, .T. ) ;
#1086 = PLANE ( 'NONE',  #1059 ) ;
#1087 = ORIENTED_EDGE ( 'NONE', *, *, #1200, .T. ) ;
#1088 = LINE ( 'NONE', #554, #764 ) ;
#1089 = DIRECTION ( 'NONE',  ( 0.0000000000000000000, -0.0000000000000000000, -1.000000000000000000 ) ) ;
#1090 = VECTOR ( 'NONE', #557, 1000.000000000000000 ) ;
#1091 = LINE ( 'NONE', #2174, #2336 ) ;
#1092 = CIRCLE ( 'NONE', #112, 0.1499999999999999900 ) ;
#1093 = AXIS2_PLACEMENT_3D ( 'NONE', #643, #79, #1376 ) ;
#1094 = FACE_OUTER_BOUND ( 'NONE', #1268, .T. ) ;
#1095 = VECTOR ( 'NONE', #1401, 999.9999999999998900 ) ;
#1096 = EDGE_CURVE ( 'NONE', #666, #455, #82, .T. ) ;
#1097 = ORIENTED_EDGE ( 'NONE', *, *, #1064, .T. ) ;
#1098 = CARTESIAN_POINT ( 'NONE',  ( -2.049999999999999800, 0.0000000000000000000, 0.7499999999999997800 ) ) ;
#1099 = ORIENTED_EDGE ( 'NONE', *, *, #811, .T. ) ;
#1100 = VERTEX_POINT ( 'NONE', #1698 ) ;
#1101 = ORIENTED_EDGE ( 'NONE', *, *, #566, .F. ) ;
#1102 = PLANE ( 'NONE',  #307 ) ;
#1103 = EDGE_LOOP ( 'NONE', ( #1431, #338, #1504, #286 ) ) ;
#1104 = DIRECTION ( 'NONE',  ( -0.0000000000000000000, -1.000000000000000000, -0.0000000000000000000 ) ) ;
#1105 = ORIENTED_EDGE ( 'NONE', *, *, #521, .T. ) ;
#1106 = EDGE_LOOP ( 'NONE', ( #836, #605, #493, #570 ) ) ;
#1107 = AXIS2_PLACEMENT_3D ( 'NONE', #2405, #1255, #1825 ) ;
#1108 = CARTESIAN_POINT ( 'NONE',  ( -2.049999999999999800, 0.0000000000000000000, 0.7500000000000006700 ) ) ;
#1109 = AXIS2_PLACEMENT_3D ( 'NONE', #1333, #412, #30 ) ;
#1110 = EDGE_CURVE ( 'NONE', #1726, #1153, #1088, .T. ) ;
#1111 = FACE_OUTER_BOUND ( 'NONE', #737, .T. ) ;
#1112 = CARTESIAN_POINT ( 'NONE',  ( 1.899999999999999700, 0.0000000000000000000, 0.7499999999999993300 ) ) ;
#1113 = ORIENTED_EDGE ( 'NONE', *, *, #1582, .T. ) ;
#1114 = EDGE_CURVE ( 'NONE', #468, #1917, #967, .T. ) ;
#1115 = LINE ( 'NONE', #1785, #1546 ) ;
#1116 = CARTESIAN_POINT ( 'NONE',  ( 0.0000000000000000000, 0.0000000000000000000, 0.0000000000000000000 ) ) ;
#1117 = VECTOR ( 'NONE', #1345, 1000.000000000000000 ) ;
#1118 = DIRECTION ( 'NONE',  ( -0.0000000000000000000, -0.0000000000000000000, 1.000000000000000000 ) ) ;
#1119 = VECTOR ( 'NONE', #588, 1000.000000000000000 ) ;
#1120 = LINE ( 'NONE', #908, #619 ) ;
#1121 = VECTOR ( 'NONE', #2308, 1000.000000000000000 ) ;
#1122 = ORIENTED_EDGE ( 'NONE', *, *, #165, .T. ) ;
#1123 = CARTESIAN_POINT ( 'NONE',  ( -1.974999999999999900, 0.2000000000000000100, -0.5250000000000008000 ) ) ;
#1124 = EDGE_LOOP ( 'NONE', ( #2345, #1893, #92, #2163, #260, #1566, #2090, #374 ) ) ;
#1125 = EDGE_CURVE ( 'NONE', #1564, #1127, #1254, .T. ) ;
#1126 = VERTEX_POINT ( 'NONE', #386 ) ;
#1127 = VERTEX_POINT ( 'NONE', #1865 ) ;
#1128 = CARTESIAN_POINT ( 'NONE',  ( -1.899999999999999700, 0.0000000000000000000, -0.7500000000000002200 ) ) ;
#1129 = ORIENTED_EDGE ( 'NONE', *, *, #1519, .T. ) ;
#1130 = ORIENTED_EDGE ( 'NONE', *, *, #985, .F. ) ;
#1131 = CARTESIAN_POINT ( 'NONE',  ( 8.047349223364833000E-017, 1.855294535724685900, 0.3800000000000000000 ) ) ;
#1132 = ADVANCED_FACE ( 'NONE', ( #1402 ), #166, .F. ) ;
#1133 = AXIS2_PLACEMENT_3D ( 'NONE', #2040, #1284, #355 ) ;
#1134 = LINE ( 'NONE', #785, #2394 ) ;
#1135 = AXIS2_PLACEMENT_3D ( 'NONE', #1328, #612, #2290 ) ;
#1136 = EDGE_CURVE ( 'NONE', #67, #38, #535, .T. ) ;
#1137 = CARTESIAN_POINT ( 'NONE',  ( -1.824999999999999700, 0.2000000000000000900, 0.6750000000000009300 ) ) ;
#1138 = ORIENTED_EDGE ( 'NONE', *, *, #1217, .F. ) ;
#1139 = FACE_OUTER_BOUND ( 'NONE', #1782, .T. ) ;
#1140 = CIRCLE ( 'NONE', #636, 0.1499999999999999700 ) ;
#1141 = FACE_OUTER_BOUND ( 'NONE', #126, .T. ) ;
#1142 = FACE_OUTER_BOUND ( 'NONE', #1329, .T. ) ;
#1143 = CARTESIAN_POINT ( 'NONE',  ( 8.047349223364833000E-017, 0.2000000000000000100, 0.3800000000000000000 ) ) ;
#1144 = ADVANCED_FACE ( 'NONE', ( #1964 ), #1879, .F. ) ;
#1145 = UNCERTAINTY_MEASURE_WITH_UNIT (LENGTH_MEASURE( 1.000000000000000100E-005 ), #51, 'distance_accuracy_value', 'NONE');
#1146 = DIRECTION ( 'NONE',  ( -1.000000000000000000, 0.0000000000000000000, 0.0000000000000000000 ) ) ;
#1147 = VECTOR ( 'NONE', #2291, 1000.000000000000000 ) ;
#1148 = CARTESIAN_POINT ( 'NONE',  ( 8.047349223364833000E-017, 0.0000000000000000000, 0.3800000000000000000 ) ) ;
#1149 = EDGE_CURVE ( 'NONE', #633, #70, #1972, .T. ) ;
#1150 = LINE ( 'NONE', #618, #657 ) ;
#1151 = VERTEX_POINT ( 'NONE', #936 ) ;
#1152 = DIRECTION ( 'NONE',  ( 0.0000000000000000000, 0.0000000000000000000, 1.000000000000000000 ) ) ;
#1153 = VERTEX_POINT ( 'NONE', #1486 ) ;
#1154 = VERTEX_POINT ( 'NONE', #3 ) ;
#1155 = VERTEX_POINT ( 'NONE', #2048 ) ;
#1156 = DIRECTION ( 'NONE',  ( 0.0000000000000000000, 0.0000000000000000000, 1.000000000000000000 ) ) ;
#1157 = ORIENTED_EDGE ( 'NONE', *, *, #415, .T. ) ;
#1158 =( NAMED_UNIT ( * ) PLANE_ANGLE_UNIT ( ) SI_UNIT ( $, .RADIAN. ) );
#1159 = ORIENTED_EDGE ( 'NONE', *, *, #2429, .F. ) ;
#1160 = EDGE_CURVE ( 'NONE', #159, #1689, #745, .T. ) ;
#1161 = ORIENTED_EDGE ( 'NONE', *, *, #1294, .T. ) ;
#1162 = ORIENTED_EDGE ( 'NONE', *, *, #35, .T. ) ;
#1163 = DIRECTION ( 'NONE',  ( 0.0000000000000000000, 0.0000000000000000000, -1.000000000000000000 ) ) ;
#1164 = VECTOR ( 'NONE', #1421, 999.9999999999998900 ) ;
#1165 =( NAMED_UNIT ( * ) PLANE_ANGLE_UNIT ( ) SI_UNIT ( $, .RADIAN. ) );
#1166 = VECTOR ( 'NONE', #1342, 1000.000000000000000 ) ;
#1167 = FACE_OUTER_BOUND ( 'NONE', #454, .T. ) ;
#1168 = DIRECTION ( 'NONE',  ( 0.0000000000000000000, 0.0000000000000000000, -1.000000000000000000 ) ) ;
#1169 = VECTOR ( 'NONE', #2031, 1000.000000000000000 ) ;
#1170 = DIRECTION ( 'NONE',  ( 0.0000000000000000000, 0.0000000000000000000, 1.000000000000000000 ) ) ;
#1171 = EDGE_CURVE ( 'NONE', #1004, #495, #357, .T. ) ;
#1172 =( NAMED_UNIT ( * ) SI_UNIT ( $, .STERADIAN. ) SOLID_ANGLE_UNIT ( ) );
#1173 = LINE ( 'NONE', #1912, #647 ) ;
#1174 = CARTESIAN_POINT ( 'NONE',  ( -1.824999999999999700, 0.8999999999999998000, 0.6749999999999998200 ) ) ;
#1175 = VECTOR ( 'NONE', #1740, 1000.000000000000000 ) ;
#1176 = CARTESIAN_POINT ( 'NONE',  ( -2.049999999999999800, 0.2000000000000000100, -0.6000000000000006400 ) ) ;
#1177 = DIRECTION ( 'NONE',  ( 1.000000000000000000, 0.0000000000000000000, -1.141265444721583800E-016 ) ) ;
#1178 = VECTOR ( 'NONE', #1756, 1000.000000000000000 ) ;
#1179 = LINE ( 'NONE', #2354, #1591 ) ;
#1180 = VERTEX_POINT ( 'NONE', #1679 ) ;
#1181 = AXIS2_PLACEMENT_3D ( 'NONE', #1266, #399, #1711 ) ;
#1182 = CLOSED_SHELL ( 'NONE', ( #1240, #910, #1449, #1713, #2178, #1842, #206, #1049, #1437, #1827, #1617, #1065 ) ) ;
#1183 = CARTESIAN_POINT ( 'NONE',  ( -1.899999999999999700, 0.7900000000000000400, 0.7499999999999997800 ) ) ;
#1184 = ORIENTED_EDGE ( 'NONE', *, *, #917, .F. ) ;
#1185 = ORIENTED_EDGE ( 'NONE', *, *, #296, .F. ) ;
#1186 = DIRECTION ( 'NONE',  ( -0.0000000000000000000, -1.000000000000000000, -0.0000000000000000000 ) ) ;
#1187 = VERTEX_POINT ( 'NONE', #572 ) ;
#1188 = EDGE_CURVE ( 'NONE', #1878, #731, #2123, .T. ) ;
#1189 = DIRECTION ( 'NONE',  ( -0.0000000000000000000, 1.000000000000000000, -0.0000000000000000000 ) ) ;
#1190 = DIRECTION ( 'NONE',  ( -0.7071067811865486800, 0.0000000000000000000, 0.7071067811865464600 ) ) ;
#1191 = STYLED_ITEM ( 'NONE', ( #294 ), #462 ) ;
#1192 = VERTEX_POINT ( 'NONE', #175 ) ;
#1193 = ORIENTED_EDGE ( 'NONE', *, *, #2120, .T. ) ;
#1194 = FACE_OUTER_BOUND ( 'NONE', #2011, .T. ) ;
#1195 = AXIS2_PLACEMENT_3D ( 'NONE', #2314, #238, #34 ) ;
#1196 = FACE_OUTER_BOUND ( 'NONE', #71, .T. ) ;
#1197 = LINE ( 'NONE', #2322, #2147 ) ;
#1198 = DIRECTION ( 'NONE',  ( -0.0000000000000000000, -0.0000000000000000000, -1.000000000000000000 ) ) ;
#1199 = DIRECTION ( 'NONE',  ( 0.7071067811865465700, -0.0000000000000000000, 0.7071067811865485700 ) ) ;
#1200 = EDGE_CURVE ( 'NONE', #306, #754, #300, .T. ) ;
#1201 = LINE ( 'NONE', #41, #1175 ) ;
#1202 = CARTESIAN_POINT ( 'NONE',  ( 1.349999999999999900, 0.2000000000000000100, 0.6750000000000007100 ) ) ;
#1203 = CIRCLE ( 'NONE', #1014, 0.1500000000000001900 ) ;
#1204 = CARTESIAN_POINT ( 'NONE',  ( 2.049999999999999800, 1.855294535724685900, 0.7500000000000006700 ) ) ;
#1205 = LINE ( 'NONE', #1174, #1652 ) ;
#1206 = ORIENTED_EDGE ( 'NONE', *, *, #2455, .F. ) ;
#1207 = CARTESIAN_POINT ( 'NONE',  ( -2.049999999999999800, 0.8000000000000000400, -0.7500000000000002200 ) ) ;
#1208 = DIRECTION ( 'NONE',  ( -1.000000000000000000, -0.0000000000000000000, -4.565061778886335000E-016 ) ) ;
#1209 = ORIENTED_EDGE ( 'NONE', *, *, #35, .F. ) ;
#1210 = ORIENTED_EDGE ( 'NONE', *, *, #178, .F. ) ;
#1211 = CARTESIAN_POINT ( 'NONE',  ( -2.049999999999999800, 1.855294535724685900, -0.7500000000000006700 ) ) ;
#1212 = AXIS2_PLACEMENT_3D ( 'NONE', #359, #182, #560 ) ;
#1213 = ORIENTED_EDGE ( 'NONE', *, *, #2326, .F. ) ;
#1214 = DIRECTION ( 'NONE',  ( -0.0000000000000000000, 1.000000000000000000, -0.0000000000000000000 ) ) ;
#1215 = DIRECTION ( 'NONE',  ( -0.7071067811865485700, -0.0000000000000000000, -0.7071067811865465700 ) ) ;
#1216 = ORIENTED_EDGE ( 'NONE', *, *, #1923, .T. ) ;
#1217 = EDGE_CURVE ( 'NONE', #157, #1982, #382, .T. ) ;
#1218 = DIRECTION ( 'NONE',  ( 1.000000000000000000, -0.0000000000000000000, 4.130293990420968900E-016 ) ) ;
#1219 = DIRECTION ( 'NONE',  ( 0.0000000000000000000, 1.000000000000000000, 0.0000000000000000000 ) ) ;
#1220 = CARTESIAN_POINT ( 'NONE',  ( -2.049999999999999800, 0.8000000000000000400, -0.6000000000000003100 ) ) ;
#1221 = LINE ( 'NONE', #271, #881 ) ;
#1222 = DIRECTION ( 'NONE',  ( 0.0000000000000000000, 0.0000000000000000000, -1.000000000000000000 ) ) ;
#1223 = DIRECTION ( 'NONE',  ( 0.0000000000000000000, 0.0000000000000000000, 1.000000000000000000 ) ) ;
#1224 = VERTEX_POINT ( 'NONE', #1310 ) ;
#1225 = AXIS2_PLACEMENT_3D ( 'NONE', #847, #1219, #1223 ) ;
#1226 = CARTESIAN_POINT ( 'NONE',  ( -1.824999999999999700, 0.2000000000000000900, -0.6750000000000009300 ) ) ;
#1227 = ADVANCED_FACE ( 'NONE', ( #2032 ), #1521, .T. ) ;
#1228 = DIRECTION ( 'NONE',  ( 0.0000000000000000000, -1.000000000000000000, 0.0000000000000000000 ) ) ;
#1229 = AXIS2_PLACEMENT_3D ( 'NONE', #389, #1720, #413 ) ;
#1230 = CIRCLE ( 'NONE', #536, 0.1499999999999999700 ) ;
#1231 = EDGE_CURVE ( 'NONE', #1888, #1372, #149, .T. ) ;
#1232 = ADVANCED_FACE ( 'NONE', ( #1774 ), #1326, .F. ) ;
#1233 = DIRECTION ( 'NONE',  ( 1.000000000000000000, -0.0000000000000000000, 0.0000000000000000000 ) ) ;
#1234 = PLANE ( 'NONE',  #1346 ) ;
#1235 = EDGE_CURVE ( 'NONE', #2101, #909, #1620, .T. ) ;
#1236 = CARTESIAN_POINT ( 'NONE',  ( -1.899999999999999700, 0.7900000000000000400, -0.7500000000000002200 ) ) ;
#1237 = EDGE_LOOP ( 'NONE', ( #2020, #1891, #1209, #835 ) ) ;
#1238 = ORIENTED_EDGE ( 'NONE', *, *, #1508, .T. ) ;
#1239 = CARTESIAN_POINT ( 'NONE',  ( -1.349999999999999900, -0.0000000000000000000, -0.6750000000000007100 ) ) ;
#1240 = ADVANCED_FACE ( 'NONE', ( #1094 ), #1050, .T. ) ;
#1241 = VERTEX_POINT ( 'NONE', #2361 ) ;
#1242 = ORIENTED_EDGE ( 'NONE', *, *, #296, .T. ) ;
#1243 = EDGE_LOOP ( 'NONE', ( #907, #915, #801, #1809, #1761, #603, #1021, #1385, #595, #670 ) ) ;
#1244 = EDGE_LOOP ( 'NONE', ( #1129, #978, #2045, #681 ) ) ;
#1245 =( GEOMETRIC_REPRESENTATION_CONTEXT ( 3 ) GLOBAL_UNCERTAINTY_ASSIGNED_CONTEXT ( ( #378 ) ) GLOBAL_UNIT_ASSIGNED_CONTEXT ( ( #247, #1552, #1751 ) ) REPRESENTATION_CONTEXT ( 'NONE', 'WORKASPACE' ) );
#1246 = DIRECTION ( 'NONE',  ( 0.0000000000000000000, -1.000000000000000000, 0.0000000000000000000 ) ) ;
#1247 = EDGE_CURVE ( 'NONE', #367, #73, #720, .T. ) ;
#1248 = DIRECTION ( 'NONE',  ( 0.0000000000000000000, -1.000000000000000000, 0.0000000000000000000 ) ) ;
#1249 = DIRECTION ( 'NONE',  ( 0.0000000000000000000, 0.0000000000000000000, 1.000000000000000000 ) ) ;
#1250 = CARTESIAN_POINT ( 'NONE',  ( -2.049999999999999800, 0.0000000000000000000, 0.6000000000000006400 ) ) ;
#1251 = SURFACE_STYLE_FILL_AREA ( #1542 ) ;
#1252 = LINE ( 'NONE', #922, #503 ) ;
#1253 = ORIENTED_EDGE ( 'NONE', *, *, #2176, .F. ) ;
#1254 = LINE ( 'NONE', #1128, #473 ) ;
#1255 = DIRECTION ( 'NONE',  ( -0.0000000000000000000, 1.000000000000000000, -0.0000000000000000000 ) ) ;
#1256 = AXIS2_PLACEMENT_3D ( 'NONE', #1148, #795, #592 ) ;
#1257 = PLANE ( 'NONE',  #1494 ) ;
#1258 = DIRECTION ( 'NONE',  ( -0.0000000000000000000, -1.000000000000000000, -0.0000000000000000000 ) ) ;
#1259 = CARTESIAN_POINT ( 'NONE',  ( -2.049999999999999800, 0.0000000000000000000, 0.5999999999999997600 ) ) ;
#1260 = ADVANCED_FACE ( 'NONE', ( #88 ), #1678, .F. ) ;
#1261 = EDGE_CURVE ( 'NONE', #1180, #155, #176, .T. ) ;
#1262 = LINE ( 'NONE', #2148, #2341 ) ;
#1263 = CARTESIAN_POINT ( 'NONE',  ( -2.049999999999999800, 0.0000000000000000000, 0.6000000000000006400 ) ) ;
#1264 = FACE_OUTER_BOUND ( 'NONE', #1243, .T. ) ;
#1265 = ORIENTED_EDGE ( 'NONE', *, *, #1261, .T. ) ;
#1266 = CARTESIAN_POINT ( 'NONE',  ( -1.349999999999999900, 1.855294535724685900, 0.6750000000000007100 ) ) ;
#1267 = ADVANCED_FACE ( 'NONE', ( #1590 ), #1803, .F. ) ;
#1268 = EDGE_LOOP ( 'NONE', ( #981, #427, #547, #448 ) ) ;
#1269 = EDGE_LOOP ( 'NONE', ( #2134, #1499, #584, #807 ) ) ;
#1270 = ORIENTED_EDGE ( 'NONE', *, *, #1777, .T. ) ;
#1271 = VERTEX_POINT ( 'NONE', #2170 ) ;
#1272 = ORIENTED_EDGE ( 'NONE', *, *, #1030, .F. ) ;
#1273 = CARTESIAN_POINT ( 'NONE',  ( 1.824999999999999700, 0.0000000000000000000, -0.6750000000000009300 ) ) ;
#1274 = ORIENTED_EDGE ( 'NONE', *, *, #394, .F. ) ;
#1275 = DIRECTION ( 'NONE',  ( 0.0000000000000000000, -1.000000000000000000, 0.0000000000000000000 ) ) ;
#1276 = AXIS2_PLACEMENT_3D ( 'NONE', #1739, #50, #201 ) ;
#1277 = DIRECTION ( 'NONE',  ( 0.0000000000000000000, 1.000000000000000000, 0.0000000000000000000 ) ) ;
#1278 = EDGE_CURVE ( 'NONE', #2101, #1816, #1470, .T. ) ;
#1279 = CARTESIAN_POINT ( 'NONE',  ( -1.349999999999999900, 1.855294535724685900, -0.6750000000000007100 ) ) ;
#1280 = CIRCLE ( 'NONE', #1990, 0.1499999999999999700 ) ;
#1281 =( NAMED_UNIT ( * ) PLANE_ANGLE_UNIT ( ) SI_UNIT ( $, .RADIAN. ) );
#1282 = ORIENTED_EDGE ( 'NONE', *, *, #2084, .F. ) ;
#1283 = SURFACE_STYLE_FILL_AREA ( #732 ) ;
#1284 = DIRECTION ( 'NONE',  ( -0.0000000000000000000, 1.000000000000000000, -0.0000000000000000000 ) ) ;
#1285 = DIRECTION ( 'NONE',  ( 0.0000000000000000000, -0.0000000000000000000, 1.000000000000000000 ) ) ;
#1286 = SURFACE_STYLE_FILL_AREA ( #1082 ) ;
#1287 = CYLINDRICAL_SURFACE ( 'NONE', #941, 0.1499999999999999700 ) ;
#1288 = DIRECTION ( 'NONE',  ( 0.0000000000000000000, 1.000000000000000000, 0.0000000000000000000 ) ) ;
#1289 =( GEOMETRIC_REPRESENTATION_CONTEXT ( 3 ) GLOBAL_UNCERTAINTY_ASSIGNED_CONTEXT ( ( #2288 ) ) GLOBAL_UNIT_ASSIGNED_CONTEXT ( ( #1594, #475, #1792 ) ) REPRESENTATION_CONTEXT ( 'NONE', 'WORKASPACE' ) );
#1290 = VECTOR ( 'NONE', #685, 1000.000000000000000 ) ;
#1291 = DIRECTION ( 'NONE',  ( -0.0000000000000000000, -1.000000000000000000, -0.0000000000000000000 ) ) ;
#1292 = PRODUCT ( 'ECS-.327-12.5-49-TR', 'ECS-.327-12.5-49-TR', '', ( #594 ) ) ;
#1293 = CARTESIAN_POINT ( 'NONE',  ( 1.349999999999999900, 0.0000000000000000000, 0.6750000000000007100 ) ) ;
#1294 = EDGE_CURVE ( 'NONE', #2242, #700, #2431, .T. ) ;
#1295 = EDGE_LOOP ( 'NONE', ( #1274, #1282, #728, #601 ) ) ;
#1296 = CARTESIAN_POINT ( 'NONE',  ( 2.049999999999999800, 0.7900000000000000400, 0.5999999999999994200 ) ) ;
#1297 = ORIENTED_EDGE ( 'NONE', *, *, #2434, .F. ) ;
#1298 = ORIENTED_EDGE ( 'NONE', *, *, #102, .T. ) ;
#1299 = ORIENTED_EDGE ( 'NONE', *, *, #17, .T. ) ;
#1300 = DIRECTION ( 'NONE',  ( 0.7071067811865465700, 0.0000000000000000000, -0.7071067811865485700 ) ) ;
#1301 = ORIENTED_EDGE ( 'NONE', *, *, #54, .T. ) ;
#1302 = CARTESIAN_POINT ( 'NONE',  ( -1.349999999999999900, 0.2000000000000000100, 0.6750000000000007100 ) ) ;
#1303 = ORIENTED_EDGE ( 'NONE', *, *, #2260, .T. ) ;
#1304 = DIRECTION ( 'NONE',  ( 0.7071067811865485700, -0.0000000000000000000, 0.7071067811865465700 ) ) ;
#1305 = EDGE_CURVE ( 'NONE', #658, #321, #273, .T. ) ;
#1306 = DIRECTION ( 'NONE',  ( -0.0000000000000000000, 1.000000000000000000, -0.0000000000000000000 ) ) ;
#1307 = LINE ( 'NONE', #632, #1611 ) ;
#1308 = EDGE_CURVE ( 'NONE', #1750, #1530, #859, .T. ) ;
#1309 = CIRCLE ( 'NONE', #2187, 0.1500000000000001900 ) ;
#1310 = CARTESIAN_POINT ( 'NONE',  ( 2.049999999999999800, 0.7900000000000000400, -0.6000000000000007500 ) ) ;
#1311 = ORIENTED_EDGE ( 'NONE', *, *, #1030, .T. ) ;
#1312 = FACE_OUTER_BOUND ( 'NONE', #2352, .T. ) ;
#1313 = COLOUR_RGB ( '',0.9686274509803921600, 0.8784313725490196000, 0.5999999999999999800 ) ;
#1314 = AXIS2_PLACEMENT_3D ( 'NONE', #2329, #2108, #2121 ) ;
#1315 = DIRECTION ( 'NONE',  ( 0.0000000000000000000, -1.000000000000000000, 0.0000000000000000000 ) ) ;
#1316 = FACE_OUTER_BOUND ( 'NONE', #1708, .T. ) ;
#1317 = AXIS2_PLACEMENT_3D ( 'NONE', #1320, #583, #896 ) ;
#1318 = VECTOR ( 'NONE', #2172, 1000.000000000000000 ) ;
#1319 = VERTEX_POINT ( 'NONE', #1039 ) ;
#1320 = CARTESIAN_POINT ( 'NONE',  ( 2.049999999999999800, 0.2000000000000000100, -0.7500000000000006700 ) ) ;
#1321 = CARTESIAN_POINT ( 'NONE',  ( 1.824999999999999700, 0.2000000000000000100, 0.6750000000000009300 ) ) ;
#1322 = VERTEX_POINT ( 'NONE', #1236 ) ;
#1323 = EDGE_CURVE ( 'NONE', #751, #1224, #591, .T. ) ;
#1324 = ORIENTED_EDGE ( 'NONE', *, *, #1022, .T. ) ;
#1325 = VERTEX_POINT ( 'NONE', #2186 ) ;
#1326 = PLANE ( 'NONE',  #606 ) ;
#1327 = ORIENTED_EDGE ( 'NONE', *, *, #1722, .F. ) ;
#1328 = CARTESIAN_POINT ( 'NONE',  ( 0.0000000000000000000, 0.0000000000000000000, 0.0000000000000000000 ) ) ;
#1329 = EDGE_LOOP ( 'NONE', ( #755, #1717, #1474, #1743 ) ) ;
#1330 = DIRECTION ( 'NONE',  ( 0.0000000000000000000, 0.0000000000000000000, -1.000000000000000000 ) ) ;
#1331 = CARTESIAN_POINT ( 'NONE',  ( 2.049999999999999800, 0.0000000000000000000, -0.7500000000000006700 ) ) ;
#1332 = CARTESIAN_POINT ( 'NONE',  ( 1.349999999999999900, 0.0000000000000000000, 0.6750000000000007100 ) ) ;
#1333 = CARTESIAN_POINT ( 'NONE',  ( 2.049999999999999800, 0.0000000000000000000, 0.7500000000000006700 ) ) ;
#1334 = FACE_OUTER_BOUND ( 'NONE', #372, .T. ) ;
#1335 = AXIS2_PLACEMENT_3D ( 'NONE', #302, #1228, #843 ) ;
#1336 = DIRECTION ( 'NONE',  ( 0.0000000000000000000, -1.000000000000000000, 0.0000000000000000000 ) ) ;
#1337 = ORIENTED_EDGE ( 'NONE', *, *, #1722, .T. ) ;
#1338 = VECTOR ( 'NONE', #1462, 1000.000000000000000 ) ;
#1339 = VECTOR ( 'NONE', #2385, 1000.000000000000000 ) ;
#1340 = CARTESIAN_POINT ( 'NONE',  ( 2.049999999999999800, 0.2000000000000000100, 0.7500000000000006700 ) ) ;
#1341 = CIRCLE ( 'NONE', #1317, 0.1499999999999999700 ) ;
#1342 = DIRECTION ( 'NONE',  ( -0.0000000000000000000, -1.000000000000000000, -0.0000000000000000000 ) ) ;
#1343 = DIRECTION ( 'NONE',  ( 0.0000000000000000000, 1.000000000000000000, 0.0000000000000000000 ) ) ;
#1344 = VECTOR ( 'NONE', #1024, 1000.000000000000000 ) ;
#1345 = DIRECTION ( 'NONE',  ( 1.000000000000000000, 0.0000000000000000000, -1.188166764367676300E-016 ) ) ;
#1346 = AXIS2_PLACEMENT_3D ( 'NONE', #1077, #1445, #1427 ) ;
#1347 = CARTESIAN_POINT ( 'NONE',  ( 8.047349223364833000E-017, 0.2000000000000000900, 0.3800000000000000000 ) ) ;
#1348 = CARTESIAN_POINT ( 'NONE',  ( -1.974999999999999900, 0.2000000000000000100, -0.5250000000000008000 ) ) ;
#1349 = ORIENTED_EDGE ( 'NONE', *, *, #1994, .T. ) ;
#1350 = AXIS2_PLACEMENT_3D ( 'NONE', #1347, #431, #1754 ) ;
#1351 = EDGE_CURVE ( 'NONE', #312, #1807, #794, .T. ) ;
#1352 = ORIENTED_EDGE ( 'NONE', *, *, #437, .T. ) ;
#1353 = DIRECTION ( 'NONE',  ( -0.7071067811865485700, 0.0000000000000000000, 0.7071067811865465700 ) ) ;
#1354 = ORIENTED_EDGE ( 'NONE', *, *, #2294, .T. ) ;
#1355 = ORIENTED_EDGE ( 'NONE', *, *, #1096, .F. ) ;
#1356 = ORIENTED_EDGE ( 'NONE', *, *, #1826, .F. ) ;
#1357 = EDGE_CURVE ( 'NONE', #909, #188, #894, .T. ) ;
#1358 = VERTEX_POINT ( 'NONE', #103 ) ;
#1359 = ORIENTED_EDGE ( 'NONE', *, *, #2337, .T. ) ;
#1360 = CARTESIAN_POINT ( 'NONE',  ( 2.049999999999999800, 0.7900000000000000400, 0.7499999999999993300 ) ) ;
#1361 = CARTESIAN_POINT ( 'NONE',  ( -2.049999999999999800, 0.2000000000000000100, 0.6000000000000006400 ) ) ;
#1362 = SURFACE_STYLE_USAGE ( .BOTH. , #53 ) ;
#1363 = LINE ( 'NONE', #146, #1797 ) ;
#1364 = DIRECTION ( 'NONE',  ( 0.0000000000000000000, 0.0000000000000000000, -1.000000000000000000 ) ) ;
#1365 = AXIS2_PLACEMENT_3D ( 'NONE', #406, #1895, #220 ) ;
#1366 = APPLICATION_CONTEXT ( 'automotive_design' ) ;
#1367 = ORIENTED_EDGE ( 'NONE', *, *, #553, .T. ) ;
#1368 = VECTOR ( 'NONE', #1489, 1000.000000000000000 ) ;
#1369 = CARTESIAN_POINT ( 'NONE',  ( 1.974999999999999900, 0.2000000000000000900, -0.5250000000000008000 ) ) ;
#1370 = CARTESIAN_POINT ( 'NONE',  ( 1.824999999999999700, 0.2000000000000000100, -0.6750000000000009300 ) ) ;
#1371 = CARTESIAN_POINT ( 'NONE',  ( 1.349999999999999900, 0.0000000000000000000, 0.6750000000000007100 ) ) ;
#1372 = VERTEX_POINT ( 'NONE', #1422 ) ;
#1373 = VECTOR ( 'NONE', #832, 1000.000000000000000 ) ;
#1374 = EDGE_CURVE ( 'NONE', #703, #1564, #480, .T. ) ;
#1375 = FACE_OUTER_BOUND ( 'NONE', #1070, .T. ) ;
#1376 = DIRECTION ( 'NONE',  ( -1.000000000000000000, 0.0000000000000000000, -4.565061778886335000E-016 ) ) ;
#1377 = DIRECTION ( 'NONE',  ( 0.0000000000000000000, 0.0000000000000000000, 1.000000000000000000 ) ) ;
#1378 = VECTOR ( 'NONE', #401, 1000.000000000000000 ) ;
#1379 = DIRECTION ( 'NONE',  ( 0.0000000000000000000, -1.000000000000000000, 0.0000000000000000000 ) ) ;
#1380 = DIRECTION ( 'NONE',  ( 4.130293990420968900E-016, 0.0000000000000000000, -1.000000000000000000 ) ) ;
#1381 = CARTESIAN_POINT ( 'NONE',  ( 1.349999999999999900, 0.0000000000000000000, -0.6750000000000007100 ) ) ;
#1382 = VECTOR ( 'NONE', #665, 1000.000000000000000 ) ;
#1383 = DIRECTION ( 'NONE',  ( 1.000000000000000000, -0.0000000000000000000, 4.565061778886335000E-016 ) ) ;
#1384 = LINE ( 'NONE', #476, #2010 ) ;
#1385 = ORIENTED_EDGE ( 'NONE', *, *, #712, .T. ) ;
#1386 = DIRECTION ( 'NONE',  ( 0.7071067811865486800, 0.0000000000000000000, -0.7071067811865464600 ) ) ;
#1387 = CARTESIAN_POINT ( 'NONE',  ( -1.974999999999999900, 0.2000000000000000900, -0.5250000000000008000 ) ) ;
#1388 = ORIENTED_EDGE ( 'NONE', *, *, #2294, .F. ) ;
#1389 = ORIENTED_EDGE ( 'NONE', *, *, #1455, .T. ) ;
#1390 = AXIS2_PLACEMENT_3D ( 'NONE', #1348, #791, #808 ) ;
#1391 = EDGE_CURVE ( 'NONE', #1154, #1658, #2188, .T. ) ;
#1392 = DIRECTION ( 'NONE',  ( 0.0000000000000000000, 0.0000000000000000000, -1.000000000000000000 ) ) ;
#1393 = ORIENTED_EDGE ( 'NONE', *, *, #1939, .T. ) ;
#1394 = ORIENTED_EDGE ( 'NONE', *, *, #1519, .F. ) ;
#1395 = ORIENTED_EDGE ( 'NONE', *, *, #262, .T. ) ;
#1396 = CARTESIAN_POINT ( 'NONE',  ( -1.975000000000000100, 5.974326292948360300, 0.5249999999999999100 ) ) ;
#1397 = DIRECTION ( 'NONE',  ( -1.188166764367676300E-016, 0.0000000000000000000, -1.000000000000000000 ) ) ;
#1398 = FACE_OUTER_BOUND ( 'NONE', #672, .T. ) ;
#1399 = DIRECTION ( 'NONE',  ( -0.7071067811865485700, 0.0000000000000000000, 0.7071067811865465700 ) ) ;
#1400 = UNCERTAINTY_MEASURE_WITH_UNIT (LENGTH_MEASURE( 1.000000000000000100E-005 ), #965, 'distance_accuracy_value', 'NONE');
#1401 = DIRECTION ( 'NONE',  ( 0.7071067811865486800, 0.0000000000000000000, -0.7071067811865464600 ) ) ;
#1402 = FACE_OUTER_BOUND ( 'NONE', #158, .T. ) ;
#1403 = AXIS2_PLACEMENT_3D ( 'NONE', #428, #2133, #2089 ) ;
#1404 = VECTOR ( 'NONE', #718, 1000.000000000000000 ) ;
#1405 = LINE ( 'NONE', #2114, #1930 ) ;
#1406 = EDGE_CURVE ( 'NONE', #243, #312, #1262, .T. ) ;
#1407 = CARTESIAN_POINT ( 'NONE',  ( 2.049999999999999800, 0.0000000000000000000, -0.7500000000000006700 ) ) ;
#1408 = VECTOR ( 'NONE', #1883, 1000.000000000000000 ) ;
#1409 = DIRECTION ( 'NONE',  ( 1.000000000000000000, 0.0000000000000000000, 0.0000000000000000000 ) ) ;
#1410 = DIRECTION ( 'NONE',  ( 0.0000000000000000000, -1.000000000000000000, 0.0000000000000000000 ) ) ;
#1411 = CARTESIAN_POINT ( 'NONE',  ( -1.824999999999999700, 5.974326292948360300, 0.6749999999999998200 ) ) ;
#1412 = ORIENTED_EDGE ( 'NONE', *, *, #590, .T. ) ;
#1413 = ORIENTED_EDGE ( 'NONE', *, *, #867, .T. ) ;
#1414 = VERTEX_POINT ( 'NONE', #119 ) ;
#1415 = ORIENTED_EDGE ( 'NONE', *, *, #1044, .F. ) ;
#1416 = DIRECTION ( 'NONE',  ( 0.0000000000000000000, 0.0000000000000000000, -1.000000000000000000 ) ) ;
#1417 = ORIENTED_EDGE ( 'NONE', *, *, #1666, .T. ) ;
#1418 = ORIENTED_EDGE ( 'NONE', *, *, #135, .F. ) ;
#1419 = ORIENTED_EDGE ( 'NONE', *, *, #1882, .T. ) ;
#1420 = EDGE_CURVE ( 'NONE', #436, #633, #1735, .T. ) ;
#1421 = DIRECTION ( 'NONE',  ( -0.7071067811865486800, 0.0000000000000000000, -0.7071067811865464600 ) ) ;
#1422 = CARTESIAN_POINT ( 'NONE',  ( -1.349999999999999900, 0.2000000000000000900, -0.6750000000000007100 ) ) ;
#1423 = ADVANCED_FACE ( 'NONE', ( #2087 ), #1432, .F. ) ;
#1424 = CARTESIAN_POINT ( 'NONE',  ( 8.047349223364833000E-017, 0.2000000000000000900, 0.2300000000000000400 ) ) ;
#1425 = COLOUR_RGB ( '',0.2509803921568627400, 0.2509803921568627400, 0.2509803921568627400 ) ;
#1426 = CARTESIAN_POINT ( 'NONE',  ( -1.349999999999999900, 0.2000000000000000900, 0.6750000000000007100 ) ) ;
#1427 = DIRECTION ( 'NONE',  ( 0.0000000000000000000, 0.0000000000000000000, -1.000000000000000000 ) ) ;
#1428 = VERTEX_POINT ( 'NONE', #1060 ) ;
#1429 = VECTOR ( 'NONE', #2074, 1000.000000000000000 ) ;
#1430 = EDGE_CURVE ( 'NONE', #1873, #1656, #1831, .T. ) ;
#1431 = ORIENTED_EDGE ( 'NONE', *, *, #1083, .F. ) ;
#1432 = PLANE ( 'NONE',  #821 ) ;
#1433 = CARTESIAN_POINT ( 'NONE',  ( -2.049999999999999800, 0.0000000000000000000, 0.7500000000000006700 ) ) ;
#1434 =( GEOMETRIC_REPRESENTATION_CONTEXT ( 3 ) GLOBAL_UNCERTAINTY_ASSIGNED_CONTEXT ( ( #1400 ) ) GLOBAL_UNIT_ASSIGNED_CONTEXT ( ( #965, #214, #1736 ) ) REPRESENTATION_CONTEXT ( 'NONE', 'WORKASPACE' ) );
#1435 = LINE ( 'NONE', #304, #1644 ) ;
#1436 = CARTESIAN_POINT ( 'NONE',  ( 2.049999999999999800, 0.2000000000000000900, 0.6000000000000006400 ) ) ;
#1437 = ADVANCED_FACE ( 'NONE', ( #1316 ), #329, .F. ) ;
#1438 = LINE ( 'NONE', #2347, #651 ) ;
#1439 = EDGE_CURVE ( 'NONE', #2438, #455, #1201, .T. ) ;
#1440 = LINE ( 'NONE', #2138, #118 ) ;
#1441 = CARTESIAN_POINT ( 'NONE',  ( 1.824999999999999700, 0.8999999999999998000, -0.6750000000000007100 ) ) ;
#1442 = CARTESIAN_POINT ( 'NONE',  ( 2.049999999999999800, 0.2000000000000000100, -0.7500000000000006700 ) ) ;
#1443 = LINE ( 'NONE', #2008, #696 ) ;
#1444 = ORIENTED_EDGE ( 'NONE', *, *, #1907, .F. ) ;
#1445 = DIRECTION ( 'NONE',  ( 1.000000000000000000, 0.0000000000000000000, 0.0000000000000000000 ) ) ;
#1446 = ORIENTED_EDGE ( 'NONE', *, *, #602, .T. ) ;
#1447 = AXIS2_PLACEMENT_3D ( 'NONE', #2165, #1199, #1046 ) ;
#1448 = ORIENTED_EDGE ( 'NONE', *, *, #2404, .F. ) ;
#1449 = ADVANCED_FACE ( 'NONE', ( #690 ), #1721, .T. ) ;
#1450 = VERTEX_POINT ( 'NONE', #971 ) ;
#1451 = ORIENTED_EDGE ( 'NONE', *, *, #2, .T. ) ;
#1452 = AXIS2_PLACEMENT_3D ( 'NONE', #510, #1626, #2000 ) ;
#1453 = CARTESIAN_POINT ( 'NONE',  ( -1.974999999999999900, 0.0000000000000000000, 0.5250000000000008000 ) ) ;
#1454 = ORIENTED_EDGE ( 'NONE', *, *, #702, .T. ) ;
#1455 = EDGE_CURVE ( 'NONE', #2377, #2093, #2274, .T. ) ;
#1456 = DIRECTION ( 'NONE',  ( 0.0000000000000000000, -1.000000000000000000, 0.0000000000000000000 ) ) ;
#1457 = SURFACE_SIDE_STYLE ('',( #1286 ) ) ;
#1458 = CYLINDRICAL_SURFACE ( 'NONE', #1900, 0.1499999999999999900 ) ;
#1459 = ADVANCED_FACE ( 'NONE', ( #2156 ), #2324, .F. ) ;
#1460 = VERTEX_POINT ( 'NONE', #203 ) ;
#1461 = LINE ( 'NONE', #2334, #193 ) ;
#1462 = DIRECTION ( 'NONE',  ( 0.7071067811865485700, 0.0000000000000000000, -0.7071067811865465700 ) ) ;
#1463 = LINE ( 'NONE', #529, #2303 ) ;
#1464 = SURFACE_STYLE_FILL_AREA ( #842 ) ;
#1465 = AXIS2_PLACEMENT_3D ( 'NONE', #2062, #924, #2435 ) ;
#1466 = DIRECTION ( 'NONE',  ( 0.0000000000000000000, 1.000000000000000000, -0.0000000000000000000 ) ) ;
#1467 = FACE_OUTER_BOUND ( 'NONE', #874, .T. ) ;
#1468 = DIRECTION ( 'NONE',  ( 0.0000000000000000000, 0.0000000000000000000, -1.000000000000000000 ) ) ;
#1469 = EDGE_CURVE ( 'NONE', #1187, #1100, #200, .T. ) ;
#1470 = LINE ( 'NONE', #1226, #1862 ) ;
#1471 = VECTOR ( 'NONE', #2190, 1000.000000000000000 ) ;
#1472 =( NAMED_UNIT ( * ) SI_UNIT ( $, .STERADIAN. ) SOLID_ANGLE_UNIT ( ) );
#1473 = ORIENTED_EDGE ( 'NONE', *, *, #94, .T. ) ;
#1474 = ORIENTED_EDGE ( 'NONE', *, *, #679, .F. ) ;
#1475 = DIRECTION ( 'NONE',  ( -0.7071067811865485700, 0.0000000000000000000, 0.7071067811865465700 ) ) ;
#1476 = VERTEX_POINT ( 'NONE', #1517 ) ;
#1477 = ORIENTED_EDGE ( 'NONE', *, *, #1875, .T. ) ;
#1478 = VERTEX_POINT ( 'NONE', #400 ) ;
#1479 = DIRECTION ( 'NONE',  ( 0.0000000000000000000, -0.0000000000000000000, 1.000000000000000000 ) ) ;
#1480 = ORIENTED_EDGE ( 'NONE', *, *, #1351, .T. ) ;
#1481 = AXIS2_PLACEMENT_3D ( 'NONE', #2375, #1576, #1983 ) ;
#1482 = EDGE_CURVE ( 'NONE', #1074, #1153, #654, .T. ) ;
#1483 = CARTESIAN_POINT ( 'NONE',  ( -1.824999999999999700, 0.2000000000000000100, 0.6750000000000009300 ) ) ;
#1484 = CARTESIAN_POINT ( 'NONE',  ( 1.824999999999999700, 0.0000000000000000000, -0.6750000000000012700 ) ) ;
#1485 = EDGE_CURVE ( 'NONE', #1358, #926, #1829, .T. ) ;
#1486 = CARTESIAN_POINT ( 'NONE',  ( 2.049999999999999800, 0.2000000000000000100, 0.6000000000000007500 ) ) ;
#1487 = VECTOR ( 'NONE', #514, 1000.000000000000000 ) ;
#1488 = ORIENTED_EDGE ( 'NONE', *, *, #415, .F. ) ;
#1489 = DIRECTION ( 'NONE',  ( -0.0000000000000000000, -1.000000000000000000, -0.0000000000000000000 ) ) ;
#1490 = DIRECTION ( 'NONE',  ( -1.000000000000000000, 0.0000000000000000000, -4.565061778886335000E-016 ) ) ;
#1491 = LINE ( 'NONE', #812, #506 ) ;
#1492 = FACE_OUTER_BOUND ( 'NONE', #1500, .T. ) ;
#1493 = DIRECTION ( 'NONE',  ( -0.0000000000000000000, 1.000000000000000000, -0.0000000000000000000 ) ) ;
#1494 = AXIS2_PLACEMENT_3D ( 'NONE', #2024, #1146, #1156 ) ;
#1495 = VECTOR ( 'NONE', #693, 1000.000000000000000 ) ;
#1496 = EDGE_CURVE ( 'NONE', #459, #1716, #1771, .T. ) ;
#1497 = FACE_OUTER_BOUND ( 'NONE', #723, .T. ) ;
#1498 = ORIENTED_EDGE ( 'NONE', *, *, #882, .F. ) ;
#1499 = ORIENTED_EDGE ( 'NONE', *, *, #782, .F. ) ;
#1500 = EDGE_LOOP ( 'NONE', ( #2316, #704, #1395, #626 ) ) ;
#1501 = MANIFOLD_SOLID_BREP ( 'Boss-Extrude4[1]', #1182 ) ;
#1502 = ORIENTED_EDGE ( 'NONE', *, *, #1998, .F. ) ;
#1503 = ORIENTED_EDGE ( 'NONE', *, *, #315, .F. ) ;
#1504 = ORIENTED_EDGE ( 'NONE', *, *, #2044, .T. ) ;
#1505 = DIRECTION ( 'NONE',  ( 0.7071067811865486800, 0.0000000000000000000, 0.7071067811865464600 ) ) ;
#1506 = AXIS2_PLACEMENT_3D ( 'NONE', #637, #1786, #1505 ) ;
#1507 = AXIS2_PLACEMENT_3D ( 'NONE', #784, #992, #1168 ) ;
#1508 = EDGE_CURVE ( 'NONE', #596, #2242, #2451, .T. ) ;
#1509 = ADVANCED_FACE ( 'NONE', ( #1518 ), #1770, .F. ) ;
#1510 = DIRECTION ( 'NONE',  ( 0.0000000000000000000, -1.000000000000000000, 0.0000000000000000000 ) ) ;
#1511 = EDGE_LOOP ( 'NONE', ( #1502, #575, #1352, #340, #2066, #802 ) ) ;
#1512 = CARTESIAN_POINT ( 'NONE',  ( 8.047349223364833000E-017, 0.0000000000000000000, 0.3800000000000000000 ) ) ;
#1513 = ORIENTED_EDGE ( 'NONE', *, *, #248, .T. ) ;
#1514 = VECTOR ( 'NONE', #2151, 1000.000000000000000 ) ;
#1515 = DIRECTION ( 'NONE',  ( 4.130293990420968900E-016, 0.0000000000000000000, -1.000000000000000000 ) ) ;
#1516 = VECTOR ( 'NONE', #2402, 999.9999999999998900 ) ;
#1517 = CARTESIAN_POINT ( 'NONE',  ( 1.824999999999999700, 0.2000000000000000100, -0.6750000000000009300 ) ) ;
#1518 = FACE_OUTER_BOUND ( 'NONE', #1237, .T. ) ;
#1519 = EDGE_CURVE ( 'NONE', #483, #1100, #2058, .T. ) ;
#1520 = ADVANCED_FACE ( 'NONE', ( #1142 ), #1574, .F. ) ;
#1521 = CYLINDRICAL_SURFACE ( 'NONE', #2078, 0.1499999999999999900 ) ;
#1522 = CARTESIAN_POINT ( 'NONE',  ( -1.824999999999999700, 0.2000000000000000900, 0.6750000000000009300 ) ) ;
#1523 = AXIS2_PLACEMENT_3D ( 'NONE', #1811, #1233, #2389 ) ;
#1524 = DIRECTION ( 'NONE',  ( -0.7071067811865486800, 0.0000000000000000000, -0.7071067811865464600 ) ) ;
#1525 = FACE_OUTER_BOUND ( 'NONE', #983, .T. ) ;
#1526 = CARTESIAN_POINT ( 'NONE',  ( 2.049999999999999800, 0.8000000000000000400, -0.6000000000000007500 ) ) ;
#1527 = ORIENTED_EDGE ( 'NONE', *, *, #857, .T. ) ;
#1528 = EDGE_CURVE ( 'NONE', #1428, #596, #1553, .T. ) ;
#1529 = ORIENTED_EDGE ( 'NONE', *, *, #1614, .F. ) ;
#1530 = VERTEX_POINT ( 'NONE', #60 ) ;
#1531 = CARTESIAN_POINT ( 'NONE',  ( -1.824999999999999700, 0.2000000000000000100, 0.6750000000000009300 ) ) ;
#1532 = ORIENTED_EDGE ( 'NONE', *, *, #531, .T. ) ;
#1533 = DIRECTION ( 'NONE',  ( -0.0000000000000000000, 1.000000000000000000, -0.0000000000000000000 ) ) ;
#1534 = ORIENTED_EDGE ( 'NONE', *, *, #2141, .F. ) ;
#1535 = CARTESIAN_POINT ( 'NONE',  ( 1.974999999999999900, 0.8000000000000000400, 0.5249999999999994700 ) ) ;
#1536 = DIRECTION ( 'NONE',  ( -0.0000000000000000000, -1.000000000000000000, -0.0000000000000000000 ) ) ;
#1537 = ORIENTED_EDGE ( 'NONE', *, *, #1976, .T. ) ;
#1538 = CARTESIAN_POINT ( 'NONE',  ( 1.899999999999999700, 0.8000000000000000400, -0.7500000000000006700 ) ) ;
#1539 = CARTESIAN_POINT ( 'NONE',  ( 1.824999999999999700, 0.0000000000000000000, 0.6750000000000009300 ) ) ;
#1540 = CARTESIAN_POINT ( 'NONE',  ( -1.824999999999999700, 0.8999999999999998000, 0.5249999999999999100 ) ) ;
#1541 = CARTESIAN_POINT ( 'NONE',  ( 1.824999999999999700, 5.974326292948360300, -0.6750000000000007100 ) ) ;
#1542 = FILL_AREA_STYLE ('',( #2312 ) ) ;
#1543 = VECTOR ( 'NONE', #1850, 1000.000000000000000 ) ;
#1544 = EDGE_CURVE ( 'NONE', #305, #215, #2218, .T. ) ;
#1545 = FACE_OUTER_BOUND ( 'NONE', #2278, .T. ) ;
#1546 = VECTOR ( 'NONE', #465, 1000.000000000000000 ) ;
#1547 = DIRECTION ( 'NONE',  ( 0.0000000000000000000, 0.0000000000000000000, -1.000000000000000000 ) ) ;
#1548 = CARTESIAN_POINT ( 'NONE',  ( 1.349999999999999900, 0.2000000000000000100, 0.6750000000000007100 ) ) ;
#1549 = VECTOR ( 'NONE', #392, 999.9999999999998900 ) ;
#1550 = CARTESIAN_POINT ( 'NONE',  ( -1.899999999999999700, 1.855294535724685900, -0.7500000000000006700 ) ) ;
#1551 =( NAMED_UNIT ( * ) PLANE_ANGLE_UNIT ( ) SI_UNIT ( $, .RADIAN. ) );
#1552 =( NAMED_UNIT ( * ) PLANE_ANGLE_UNIT ( ) SI_UNIT ( $, .RADIAN. ) );
#1553 = LINE ( 'NONE', #1758, #198 ) ;
#1554 = EDGE_CURVE ( 'NONE', #1460, #868, #2369, .T. ) ;
#1555 = FACE_OUTER_BOUND ( 'NONE', #1269, .T. ) ;
#1556 = FILL_AREA_STYLE_COLOUR ( '', #1066 ) ;
#1557 = LINE ( 'NONE', #1441, #333 ) ;
#1558 = EDGE_CURVE ( 'NONE', #1656, #70, #768, .T. ) ;
#1559 = ORIENTED_EDGE ( 'NONE', *, *, #1323, .F. ) ;
#1560 = DIRECTION ( 'NONE',  ( 0.7071067811865485700, -0.0000000000000000000, 0.7071067811865465700 ) ) ;
#1561 = ORIENTED_EDGE ( 'NONE', *, *, #1790, .T. ) ;
#1562 = DIRECTION ( 'NONE',  ( -0.7071067811865465700, 0.0000000000000000000, -0.7071067811865485700 ) ) ;
#1563 = ORIENTED_EDGE ( 'NONE', *, *, #1406, .T. ) ;
#1564 = VERTEX_POINT ( 'NONE', #650 ) ;
#1565 = EDGE_CURVE ( 'NONE', #1564, #483, #1438, .T. ) ;
#1566 = ORIENTED_EDGE ( 'NONE', *, *, #2404, .T. ) ;
#1567 = DIRECTION ( 'NONE',  ( -0.0000000000000000000, -1.000000000000000000, -0.0000000000000000000 ) ) ;
#1568 = DIRECTION ( 'NONE',  ( -0.0000000000000000000, -1.000000000000000000, -0.0000000000000000000 ) ) ;
#1569 = VERTEX_POINT ( 'NONE', #444 ) ;
#1570 = ORIENTED_EDGE ( 'NONE', *, *, #287, .F. ) ;
#1571 = DIRECTION ( 'NONE',  ( -0.7071067811865486800, 0.0000000000000000000, 0.7071067811865464600 ) ) ;
#1572 = CARTESIAN_POINT ( 'NONE',  ( 2.049999999999999800, 0.8000000000000000400, -0.7500000000000006700 ) ) ;
#1573 = DIRECTION ( 'NONE',  ( 1.000000000000000000, 0.0000000000000000000, -4.565061778886335000E-016 ) ) ;
#1574 = PLANE ( 'NONE',  #753 ) ;
#1575 = AXIS2_PLACEMENT_3D ( 'NONE', #154, #1466, #920 ) ;
#1576 = DIRECTION ( 'NONE',  ( -0.0000000000000000000, -1.000000000000000000, -0.0000000000000000000 ) ) ;
#1577 = VECTOR ( 'NONE', #1208, 1000.000000000000000 ) ;
#1578 = DIRECTION ( 'NONE',  ( -0.0000000000000000000, -1.000000000000000000, -0.0000000000000000000 ) ) ;
#1579 = CARTESIAN_POINT ( 'NONE',  ( 8.047349223364833000E-017, 0.2000000000000000100, 0.3800000000000000000 ) ) ;
#1580 = ORIENTED_EDGE ( 'NONE', *, *, #1406, .F. ) ;
#1581 = VECTOR ( 'NONE', #240, 1000.000000000000000 ) ;
#1582 = EDGE_CURVE ( 'NONE', #183, #1680, #269, .T. ) ;
#1583 = VECTOR ( 'NONE', #1379, 1000.000000000000000 ) ;
#1584 = CARTESIAN_POINT ( 'NONE',  ( 1.349999999999999900, 1.855294535724685900, -0.6750000000000007100 ) ) ;
#1585 = UNCERTAINTY_MEASURE_WITH_UNIT (LENGTH_MEASURE( 1.000000000000000100E-005 ), #925, 'distance_accuracy_value', 'NONE');
#1586 = CARTESIAN_POINT ( 'NONE',  ( -2.049999999999999800, 0.2000000000000000900, 0.6000000000000006400 ) ) ;
#1587 = CARTESIAN_POINT ( 'NONE',  ( -1.974999999999999900, 1.855294535724685900, 0.5250000000000008000 ) ) ;
#1588 = CARTESIAN_POINT ( 'NONE',  ( 2.049999999999999800, 0.0000000000000000000, 0.7499999999999993300 ) ) ;
#1589 = DIRECTION ( 'NONE',  ( -0.0000000000000000000, 0.0000000000000000000, 1.000000000000000000 ) ) ;
#1590 = FACE_OUTER_BOUND ( 'NONE', #1984, .T. ) ;
#1591 = VECTOR ( 'NONE', #861, 1000.000000000000000 ) ;
#1592 = ORIENTED_EDGE ( 'NONE', *, *, #1704, .F. ) ;
#1593 = AXIS2_PLACEMENT_3D ( 'NONE', #311, #860, #1992 ) ;
#1594 =( LENGTH_UNIT ( ) NAMED_UNIT ( * ) SI_UNIT ( .MILLI., .METRE. ) );
#1595 = ORIENTED_EDGE ( 'NONE', *, *, #358, .T. ) ;
#1596 = CARTESIAN_POINT ( 'NONE',  ( -2.049999999999999800, -0.0000000000000000000, -0.6000000000000006400 ) ) ;
#1597 = EDGE_LOOP ( 'NONE', ( #2169, #1712, #726, #308 ) ) ;
#1598 = ORIENTED_EDGE ( 'NONE', *, *, #1247, .T. ) ;
#1599 = EDGE_CURVE ( 'NONE', #192, #1450, #1092, .T. ) ;
#1600 = ORIENTED_EDGE ( 'NONE', *, *, #1666, .F. ) ;
#1601 = VERTEX_POINT ( 'NONE', #1371 ) ;
#1602 = ORIENTED_EDGE ( 'NONE', *, *, #917, .T. ) ;
#1603 = DIRECTION ( 'NONE',  ( 0.0000000000000000000, -1.000000000000000000, 0.0000000000000000000 ) ) ;
#1604 = VERTEX_POINT ( 'NONE', #2338 ) ;
#1605 = DIRECTION ( 'NONE',  ( 0.0000000000000000000, 0.0000000000000000000, -1.000000000000000000 ) ) ;
#1606 = CARTESIAN_POINT ( 'NONE',  ( -1.824999999999999500, 0.8999999999999998000, -0.6750000000000003800 ) ) ;
#1607 = CARTESIAN_POINT ( 'NONE',  ( 2.049999999999999800, 0.2000000000000000900, 0.7500000000000006700 ) ) ;
#1608 = AXIS2_PLACEMENT_3D ( 'NONE', #151, #918, #1667 ) ;
#1609 = FACE_OUTER_BOUND ( 'NONE', #2171, .T. ) ;
#1610 = CARTESIAN_POINT ( 'NONE',  ( 1.899999999999999700, 0.2000000000000000100, 0.7500000000000006700 ) ) ;
#1611 = VECTOR ( 'NONE', #1177, 1000.000000000000000 ) ;
#1612 = FACE_OUTER_BOUND ( 'NONE', #1625, .T. ) ;
#1613 = AXIS2_PLACEMENT_3D ( 'NONE', #2002, #409, #813 ) ;
#1614 = EDGE_CURVE ( 'NONE', #1011, #698, #87, .T. ) ;
#1615 = FACE_OUTER_BOUND ( 'NONE', #2440, .T. ) ;
#1616 = DIRECTION ( 'NONE',  ( -0.0000000000000000000, -1.000000000000000000, -0.0000000000000000000 ) ) ;
#1617 = ADVANCED_FACE ( 'NONE', ( #541 ), #2073, .T. ) ;
#1618 = EDGE_CURVE ( 'NONE', #417, #305, #1933, .T. ) ;
#1619 = FACE_OUTER_BOUND ( 'NONE', #1864, .T. ) ;
#1620 = LINE ( 'NONE', #1706, #411 ) ;
#1621 = CARTESIAN_POINT ( 'NONE',  ( -1.349999999999999900, 0.2000000000000000100, 0.6750000000000007100 ) ) ;
#1622 = PLANE ( 'NONE',  #1523 ) ;
#1623 = CARTESIAN_POINT ( 'NONE',  ( 8.047349223364833000E-017, 0.2000000000000000100, 0.2300000000000000400 ) ) ;
#1624 = CIRCLE ( 'NONE', #1993, 0.1499999999999999700 ) ;
#1625 = EDGE_LOOP ( 'NONE', ( #2136, #1446, #210, #1498 ) ) ;
#1626 = DIRECTION ( 'NONE',  ( -0.0000000000000000000, -1.000000000000000000, -0.0000000000000000000 ) ) ;
#1627 = ADVANCED_FACE ( 'NONE', ( #1700 ), #2401, .T. ) ;
#1628 = ORIENTED_EDGE ( 'NONE', *, *, #679, .T. ) ;
#1629 = CARTESIAN_POINT ( 'NONE',  ( -2.049999999999999800, 0.2000000000000000900, -0.6000000000000006400 ) ) ;
#1630 = DIRECTION ( 'NONE',  ( 0.0000000000000000000, -1.000000000000000000, 0.0000000000000000000 ) ) ;
#1631 = ORIENTED_EDGE ( 'NONE', *, *, #2241, .T. ) ;
#1632 = ORIENTED_EDGE ( 'NONE', *, *, #1000, .F. ) ;
#1633 = ORIENTED_EDGE ( 'NONE', *, *, #2168, .F. ) ;
#1634 = EDGE_CURVE ( 'NONE', #2436, #1888, #2085, .T. ) ;
#1635 = CARTESIAN_POINT ( 'NONE',  ( 1.974999999999999900, 1.855294535724685900, -0.5250000000000008000 ) ) ;
#1636 = CARTESIAN_POINT ( 'NONE',  ( -2.049999999999999800, -0.0000000000000000000, -0.6000000000000006400 ) ) ;
#1637 = ADVANCED_FACE ( 'NONE', ( #1969 ), #2091, .T. ) ;
#1638 = CARTESIAN_POINT ( 'NONE',  ( 2.049999999999999800, 0.0000000000000000000, -0.6000000000000006400 ) ) ;
#1639 = VECTOR ( 'NONE', #1779, 1000.000000000000000 ) ;
#1640 = DIRECTION ( 'NONE',  ( 0.0000000000000000000, 0.0000000000000000000, -1.000000000000000000 ) ) ;
#1641 = ORIENTED_EDGE ( 'NONE', *, *, #267, .T. ) ;
#1642 = FACE_OUTER_BOUND ( 'NONE', #1244, .T. ) ;
#1643 = VECTOR ( 'NONE', #187, 1000.000000000000000 ) ;
#1644 = VECTOR ( 'NONE', #1616, 1000.000000000000000 ) ;
#1645 = EDGE_CURVE ( 'NONE', #288, #751, #1341, .T. ) ;
#1646 = CARTESIAN_POINT ( 'NONE',  ( 1.899999999999999700, 0.7900000000000000400, 0.7499999999999993300 ) ) ;
#1647 = VECTOR ( 'NONE', #1730, 1000.000000000000000 ) ;
#1648 = ADVANCED_FACE ( 'NONE', ( #2428 ), #716, .T. ) ;
#1649 = FACE_OUTER_BOUND ( 'NONE', #2416, .T. ) ;
#1650 = SURFACE_STYLE_USAGE ( .BOTH. , #1457 ) ;
#1651 = PLANE ( 'NONE',  #2050 ) ;
#1652 = VECTOR ( 'NONE', #797, 1000.000000000000000 ) ;
#1653 = ORIENTED_EDGE ( 'NONE', *, *, #1231, .F. ) ;
#1654 = ORIENTED_EDGE ( 'NONE', *, *, #137, .F. ) ;
#1655 = CARTESIAN_POINT ( 'NONE',  ( -1.824999999999999700, 0.0000000000000000000, 0.6750000000000009300 ) ) ;
#1656 = VERTEX_POINT ( 'NONE', #147 ) ;
#1657 = EDGE_CURVE ( 'NONE', #2063, #14, #1120, .T. ) ;
#1658 = VERTEX_POINT ( 'NONE', #1080 ) ;
#1659 = ORIENTED_EDGE ( 'NONE', *, *, #492, .F. ) ;
#1660 = CARTESIAN_POINT ( 'NONE',  ( 1.824999999999999700, 0.2000000000000000900, -0.6750000000000010400 ) ) ;
#1661 = ORIENTED_EDGE ( 'NONE', *, *, #1160, .T. ) ;
#1662 = AXIS2_PLACEMENT_3D ( 'NONE', #876, #2193, #116 ) ;
#1663 = CARTESIAN_POINT ( 'NONE',  ( 1.349999999999999900, 0.2000000000000000100, 0.6750000000000007100 ) ) ;
#1664 = ORIENTED_EDGE ( 'NONE', *, *, #94, .F. ) ;
#1665 = ADVANCED_FACE ( 'NONE', ( #23 ), #1257, .T. ) ;
#1666 = EDGE_CURVE ( 'NONE', #1322, #155, #921, .T. ) ;
#1667 = DIRECTION ( 'NONE',  ( 0.0000000000000000000, -0.0000000000000000000, 1.000000000000000000 ) ) ;
#1668 = LINE ( 'NONE', #2427, #1543 ) ;
#1669 = VECTOR ( 'NONE', #2432, 1000.000000000000000 ) ;
#1670 = DIRECTION ( 'NONE',  ( -0.7071067811865485700, -0.0000000000000000000, -0.7071067811865465700 ) ) ;
#1671 = LINE ( 'NONE', #1137, #1549 ) ;
#1672 = PRESENTATION_STYLE_ASSIGNMENT (( #2159 ) ) ;
#1673 = AXIS2_PLACEMENT_3D ( 'NONE', #2248, #1291, #563 ) ;
#1674 = DIRECTION ( 'NONE',  ( 1.000000000000000000, -0.0000000000000000000, -1.057758217059028900E-016 ) ) ;
#1675 = FACE_OUTER_BOUND ( 'NONE', #1103, .T. ) ;
#1676 = PLANE ( 'NONE',  #1688 ) ;
#1677 = EDGE_CURVE ( 'NONE', #2202, #1428, #565, .T. ) ;
#1678 = CYLINDRICAL_SURFACE ( 'NONE', #501, 0.1500000000000000800 ) ;
#1679 = CARTESIAN_POINT ( 'NONE',  ( -2.049999999999999800, 0.8000000000000000400, -0.6000000000000003100 ) ) ;
#1680 = VERTEX_POINT ( 'NONE', #2417 ) ;
#1681 = CIRCLE ( 'NONE', #2454, 0.1499999999999999900 ) ;
#1682 = ORIENTED_EDGE ( 'NONE', *, *, #2337, .F. ) ;
#1683 = CARTESIAN_POINT ( 'NONE',  ( -1.824999999999999700, -0.0000000000000000000, -0.6750000000000009300 ) ) ;
#1684 = ORIENTED_EDGE ( 'NONE', *, *, #1508, .F. ) ;
#1685 = ORIENTED_EDGE ( 'NONE', *, *, #2380, .T. ) ;
#1686 = ORIENTED_EDGE ( 'NONE', *, *, #989, .T. ) ;
#1687 = CARTESIAN_POINT ( 'NONE',  ( -2.049999999999999800, 0.2000000000000000100, 0.7500000000000006700 ) ) ;
#1688 = AXIS2_PLACEMENT_3D ( 'NONE', #2441, #756, #363 ) ;
#1689 = VERTEX_POINT ( 'NONE', #818 ) ;
#1690 = ORIENTED_EDGE ( 'NONE', *, *, #1160, .F. ) ;
#1691 = DIRECTION ( 'NONE',  ( -0.0000000000000000000, -1.000000000000000000, -0.0000000000000000000 ) ) ;
#1692 = EDGE_CURVE ( 'NONE', #523, #2377, #2005, .T. ) ;
#1693 = DIRECTION ( 'NONE',  ( 0.0000000000000000000, 0.0000000000000000000, -1.000000000000000000 ) ) ;
#1694 = ORIENTED_EDGE ( 'NONE', *, *, #403, .T. ) ;
#1695 = VECTOR ( 'NONE', #579, 1000.000000000000000 ) ;
#1696 = LINE ( 'NONE', #130, #295 ) ;
#1697 = FACE_OUTER_BOUND ( 'NONE', #930, .T. ) ;
#1698 = CARTESIAN_POINT ( 'NONE',  ( -1.349999999999999900, -0.0000000000000000000, -0.6750000000000007100 ) ) ;
#1699 = ADVANCED_FACE ( 'NONE', ( #1467 ), #1715, .T. ) ;
#1700 = FACE_OUTER_BOUND ( 'NONE', #1913, .T. ) ;
#1701 = CARTESIAN_POINT ( 'NONE',  ( 8.047349223364833000E-017, 0.0000000000000000000, 0.3800000000000000000 ) ) ;
#1702 = VECTOR ( 'NONE', #1399, 1000.000000000000000 ) ;
#1703 = FILL_AREA_STYLE_COLOUR ( '', #19 ) ;
#1704 = EDGE_CURVE ( 'NONE', #159, #2099, #511, .T. ) ;
#1705 = FACE_OUTER_BOUND ( 'NONE', #391, .T. ) ;
#1706 = CARTESIAN_POINT ( 'NONE',  ( -1.824999999999999700, 1.855294535724685900, -0.6750000000000009300 ) ) ;
#1707 = EDGE_LOOP ( 'NONE', ( #953, #365, #125, #5 ) ) ;
#1708 = EDGE_LOOP ( 'NONE', ( #520, #424, #1682, #1415 ) ) ;
#1709 = ORIENTED_EDGE ( 'NONE', *, *, #2447, .F. ) ;
#1710 = DIRECTION ( 'NONE',  ( 0.0000000000000000000, 0.0000000000000000000, -1.000000000000000000 ) ) ;
#1711 = DIRECTION ( 'NONE',  ( 1.000000000000000000, 0.0000000000000000000, -4.565061778886335000E-016 ) ) ;
#1712 = ORIENTED_EDGE ( 'NONE', *, *, #229, .T. ) ;
#1713 = ADVANCED_FACE ( 'NONE', ( #1062 ), #1007, .T. ) ;
#1714 = EDGE_LOOP ( 'NONE', ( #1941, #2160, #1355, #1040 ) ) ;
#1715 = PLANE ( 'NONE',  #1081 ) ;
#1716 = VERTEX_POINT ( 'NONE', #7 ) ;
#1717 = ORIENTED_EDGE ( 'NONE', *, *, #2055, .F. ) ;
#1718 = AXIS2_PLACEMENT_3D ( 'NONE', #2249, #1277, #1285 ) ;
#1719 = APPLICATION_PROTOCOL_DEFINITION ( 'draft international standard', 'automotive_design', 1998, #1366 ) ;
#1720 = DIRECTION ( 'NONE',  ( 1.057758217059028900E-016, -0.0000000000000000000, 1.000000000000000000 ) ) ;
#1721 = PLANE ( 'NONE',  #1403 ) ;
#1722 = EDGE_CURVE ( 'NONE', #2093, #1476, #2003, .T. ) ;
#1723 = DIRECTION ( 'NONE',  ( 0.7071067811865465700, 0.0000000000000000000, -0.7071067811865485700 ) ) ;
#1724 = LINE ( 'NONE', #1273, #1338 ) ;
#1725 = CARTESIAN_POINT ( 'NONE',  ( 2.049999999999999800, 0.0000000000000000000, 0.6000000000000007500 ) ) ;
#1726 = VERTEX_POINT ( 'NONE', #823 ) ;
#1727 = VECTOR ( 'NONE', #328, 1000.000000000000000 ) ;
#1728 = CARTESIAN_POINT ( 'NONE',  ( -1.824999999999999700, 1.855294535724685900, -0.6750000000000009300 ) ) ;
#1729 = LINE ( 'NONE', #2215, #1404 ) ;
#1730 = DIRECTION ( 'NONE',  ( -1.000000000000000000, 0.0000000000000000000, 1.141265444721583800E-016 ) ) ;
#1731 = LINE ( 'NONE', #1369, #236 ) ;
#1732 = PRESENTATION_LAYER_ASSIGNMENT (  '', '', ( #1191 ) ) ;
#1733 = CARTESIAN_POINT ( 'NONE',  ( 1.899999999999999700, 0.7900000000000000400, 0.7499999999999993300 ) ) ;
#1734 = DIRECTION ( 'NONE',  ( 0.0000000000000000000, 1.000000000000000000, 0.0000000000000000000 ) ) ;
#1735 = LINE ( 'NONE', #841, #1344 ) ;
#1736 =( NAMED_UNIT ( * ) SI_UNIT ( $, .STERADIAN. ) SOLID_ANGLE_UNIT ( ) );
#1737 = AXIS2_PLACEMENT_3D ( 'NONE', #1340, #1533, #2117 ) ;
#1738 = EDGE_CURVE ( 'NONE', #1656, #1750, #268, .T. ) ;
#1739 = CARTESIAN_POINT ( 'NONE',  ( -2.049999999999999800, 0.7900000000000000400, -0.7500000000000002200 ) ) ;
#1740 = DIRECTION ( 'NONE',  ( 0.0000000000000000000, -1.000000000000000000, 0.0000000000000000000 ) ) ;
#1741 = ORIENTED_EDGE ( 'NONE', *, *, #222, .F. ) ;
#1742 = EDGE_CURVE ( 'NONE', #1034, #2070, #616, .T. ) ;
#1743 = ORIENTED_EDGE ( 'NONE', *, *, #827, .T. ) ;
#1744 = CARTESIAN_POINT ( 'NONE',  ( -1.974999999999999900, 0.2000000000000000100, 0.5250000000000008000 ) ) ;
#1745 = VERTEX_POINT ( 'NONE', #2364 ) ;
#1746 = DIRECTION ( 'NONE',  ( 1.000000000000000000, 0.0000000000000000000, 0.0000000000000000000 ) ) ;
#1747 = ORIENTED_EDGE ( 'NONE', *, *, #1565, .T. ) ;
#1748 = DIRECTION ( 'NONE',  ( 0.0000000000000000000, -1.000000000000000000, 0.0000000000000000000 ) ) ;
#1749 = DIRECTION ( 'NONE',  ( 0.7071067811865486800, 0.0000000000000000000, 0.7071067811865464600 ) ) ;
#1750 = VERTEX_POINT ( 'NONE', #846 ) ;
#1751 =( NAMED_UNIT ( * ) SI_UNIT ( $, .STERADIAN. ) SOLID_ANGLE_UNIT ( ) );
#1752 = ORIENTED_EDGE ( 'NONE', *, *, #942, .T. ) ;
#1753 = CARTESIAN_POINT ( 'NONE',  ( -1.349999999999999900, 0.0000000000000000000, 0.6750000000000007100 ) ) ;
#1754 = DIRECTION ( 'NONE',  ( 0.0000000000000000000, 0.0000000000000000000, -1.000000000000000000 ) ) ;
#1755 = AXIS2_PLACEMENT_3D ( 'NONE', #1512, #396, #10 ) ;
#1756 = DIRECTION ( 'NONE',  ( 0.0000000000000000000, 0.0000000000000000000, 1.000000000000000000 ) ) ;
#1757 = DIRECTION ( 'NONE',  ( 0.0000000000000000000, 0.0000000000000000000, 1.000000000000000000 ) ) ;
#1758 = CARTESIAN_POINT ( 'NONE',  ( -2.049999999999999800, 0.2000000000000000900, 0.6000000000000006400 ) ) ;
#1759 = DIRECTION ( 'NONE',  ( -0.7071067811865465700, 0.0000000000000000000, 0.7071067811865485700 ) ) ;
#1760 = EDGE_CURVE ( 'NONE', #1716, #1180, #2450, .T. ) ;
#1761 = ORIENTED_EDGE ( 'NONE', *, *, #2192, .T. ) ;
#1762 = VECTOR ( 'NONE', #2236, 1000.000000000000000 ) ;
#1763 = PLANE ( 'NONE',  #1506 ) ;
#1764 = CARTESIAN_POINT ( 'NONE',  ( 1.899999999999999700, 0.2000000000000000100, -0.7500000000000006700 ) ) ;
#1765 = ORIENTED_EDGE ( 'NONE', *, *, #742, .F. ) ;
#1766 = VECTOR ( 'NONE', #1215, 1000.000000000000000 ) ;
#1767 = LINE ( 'NONE', #1596, #1766 ) ;
#1768 = DIRECTION ( 'NONE',  ( -0.7071067811865464600, 0.0000000000000000000, -0.7071067811865486800 ) ) ;
#1769 = DIRECTION ( 'NONE',  ( 0.0000000000000000000, -1.000000000000000000, 0.0000000000000000000 ) ) ;
#1770 = PLANE ( 'NONE',  #951 ) ;
#1771 = LINE ( 'NONE', #1538, #1647 ) ;
#1772 = CARTESIAN_POINT ( 'NONE',  ( -2.049999999999999800, 0.0000000000000000000, 0.6000000000000006400 ) ) ;
#1773 = AXIS2_PLACEMENT_3D ( 'NONE', #446, #2142, #1386 ) ;
#1774 = FACE_OUTER_BOUND ( 'NONE', #1511, .T. ) ;
#1775 = PLANE ( 'NONE',  #1773 ) ;
#1776 = AXIS2_PLACEMENT_3D ( 'NONE', #1433, #1246, #121 ) ;
#1777 = EDGE_CURVE ( 'NONE', #2018, #1899, #1731, .T. ) ;
#1778 = EDGE_LOOP ( 'NONE', ( #546, #1162, #2158, #1628, #490, #905, #1216, #873, #2028, #1303 ) ) ;
#1779 = DIRECTION ( 'NONE',  ( 1.000000000000000000, 0.0000000000000000000, -4.565061778886335000E-016 ) ) ;
#1780 = VERTEX_POINT ( 'NONE', #2143 ) ;
#1781 = ORIENTED_EDGE ( 'NONE', *, *, #178, .T. ) ;
#1782 = EDGE_LOOP ( 'NONE', ( #1595, #366, #933, #1299, #1122, #1513, #1270, #6, #1113, #2320 ) ) ;
#1783 = CARTESIAN_POINT ( 'NONE',  ( 2.049999999999999800, 0.0000000000000000000, -0.6000000000000006400 ) ) ;
#1784 = ORIENTED_EDGE ( 'NONE', *, *, #470, .F. ) ;
#1785 = CARTESIAN_POINT ( 'NONE',  ( 2.049999999999999800, 0.8000000000000000400, -0.6000000000000007500 ) ) ;
#1786 = DIRECTION ( 'NONE',  ( -0.7071067811865464600, 0.0000000000000000000, 0.7071067811865486800 ) ) ;
#1787 = CARTESIAN_POINT ( 'NONE',  ( 1.974999999999999900, 5.974326292948360300, 0.5249999999999994700 ) ) ;
#1788 = ORIENTED_EDGE ( 'NONE', *, *, #137, .T. ) ;
#1789 = ORIENTED_EDGE ( 'NONE', *, *, #2306, .F. ) ;
#1790 = EDGE_CURVE ( 'NONE', #1192, #436, #1881, .T. ) ;
#1791 = CARTESIAN_POINT ( 'NONE',  ( -2.049999999999999800, 0.8000000000000000400, -0.6000000000000003100 ) ) ;
#1792 =( NAMED_UNIT ( * ) SI_UNIT ( $, .STERADIAN. ) SOLID_ANGLE_UNIT ( ) );
#1793 = CARTESIAN_POINT ( 'NONE',  ( 2.049999999999999800, 0.2000000000000000900, -0.6000000000000006400 ) ) ;
#1794 = AXIS2_PLACEMENT_3D ( 'NONE', #1211, #2351, #858 ) ;
#1795 = DIRECTION ( 'NONE',  ( -0.0000000000000000000, -1.000000000000000000, -0.0000000000000000000 ) ) ;
#1796 = EDGE_CURVE ( 'NONE', #2018, #491, #55, .T. ) ;
#1797 = VECTOR ( 'NONE', #2023, 1000.000000000000000 ) ;
#1798 = LINE ( 'NONE', #2419, #1169 ) ;
#1799 = FACE_OUTER_BOUND ( 'NONE', #2281, .T. ) ;
#1800 = PLANE ( 'NONE',  #675 ) ;
#1801 = LINE ( 'NONE', #1550, #743 ) ;
#1802 = PLANE ( 'NONE',  #1447 ) ;
#1803 = CYLINDRICAL_SURFACE ( 'NONE', #1794, 0.1499999999999999700 ) ;
#1804 = CARTESIAN_POINT ( 'NONE',  ( 2.049999999999999800, 0.0000000000000000000, -0.7500000000000006700 ) ) ;
#1805 = ADVANCED_FACE ( 'NONE', ( #1141 ), #2399, .F. ) ;
#1806 = AXIS2_PLACEMENT_3D ( 'NONE', #171, #1300, #1876 ) ;
#1807 = VERTEX_POINT ( 'NONE', #638 ) ;
#1808 = PLANE ( 'NONE',  #1613 ) ;
#1809 = ORIENTED_EDGE ( 'NONE', *, *, #1231, .T. ) ;
#1810 = EDGE_CURVE ( 'NONE', #183, #306, #376, .T. ) ;
#1811 = CARTESIAN_POINT ( 'NONE',  ( -1.349999999999999900, 0.2000000000000000100, 0.6750000000000007100 ) ) ;
#1812 = CARTESIAN_POINT ( 'NONE',  ( -1.349999999999999900, 0.0000000000000000000, 0.6750000000000007100 ) ) ;
#1813 = EDGE_LOOP ( 'NONE', ( #1210, #1789, #574, #1846 ) ) ;
#1814 = CLOSED_SHELL ( 'NONE', ( #1896, #316, #2384, #1423, #120, #2430, #2009, #2198, #2406, #780 ) ) ;
#1815 = ORIENTED_EDGE ( 'NONE', *, *, #2447, .T. ) ;
#1816 = VERTEX_POINT ( 'NONE', #471 ) ;
#1817 = CARTESIAN_POINT ( 'NONE',  ( 1.349999999999999900, 1.855294535724685900, 0.6750000000000007100 ) ) ;
#1818 = ADVANCED_FACE ( 'NONE', ( #1312 ), #659, .F. ) ;
#1819 = AXIS2_PLACEMENT_3D ( 'NONE', #705, #2019, #2025 ) ;
#1820 = ADVANCED_FACE ( 'NONE', ( #1492 ), #69, .F. ) ;
#1821 = DIRECTION ( 'NONE',  ( -0.7071067811865464600, 0.0000000000000000000, 0.7071067811865486800 ) ) ;
#1822 = DIRECTION ( 'NONE',  ( 0.0000000000000000000, 0.0000000000000000000, 1.000000000000000000 ) ) ;
#1823 = LINE ( 'NONE', #1370, #1166 ) ;
#1824 = CIRCLE ( 'NONE', #1010, 0.1499999999999999700 ) ;
#1825 = DIRECTION ( 'NONE',  ( 0.0000000000000000000, 0.0000000000000000000, -1.000000000000000000 ) ) ;
#1826 = EDGE_CURVE ( 'NONE', #1816, #1844, #1801, .T. ) ;
#1827 = ADVANCED_FACE ( 'NONE', ( #509 ), #1016, .T. ) ;
#1828 = VECTOR ( 'NONE', #1922, 1000.000000000000000 ) ;
#1829 = LINE ( 'NONE', #2122, #822 ) ;
#1830 = DIRECTION ( 'NONE',  ( 0.0000000000000000000, 0.0000000000000000000, 1.000000000000000000 ) ) ;
#1831 = CIRCLE ( 'NONE', #485, 0.1500000000000000800 ) ;
#1832 = CIRCLE ( 'NONE', #1737, 0.1499999999999999700 ) ;
#1833 = AXIS2_PLACEMENT_3D ( 'NONE', #1572, #660, #639 ) ;
#1834 = VECTOR ( 'NONE', #2386, 1000.000000000000000 ) ;
#1835 = ORIENTED_EDGE ( 'NONE', *, *, #1439, .F. ) ;
#1836 = PLANE ( 'NONE',  #1181 ) ;
#1837 = DIRECTION ( 'NONE',  ( 0.0000000000000000000, -1.000000000000000000, 0.0000000000000000000 ) ) ;
#1838 = AXIS2_PLACEMENT_3D ( 'NONE', #2164, #1936, #1967 ) ;
#1839 = ORIENTED_EDGE ( 'NONE', *, *, #803, .T. ) ;
#1840 = DIRECTION ( 'NONE',  ( -0.0000000000000000000, -1.000000000000000000, -0.0000000000000000000 ) ) ;
#1841 = EDGE_LOOP ( 'NONE', ( #568, #37, #1327, #1354 ) ) ;
#1842 = ADVANCED_FACE ( 'NONE', ( #1375 ), #1957, .T. ) ;
#1843 = ORIENTED_EDGE ( 'NONE', *, *, #2241, .F. ) ;
#1844 = VERTEX_POINT ( 'NONE', #648 ) ;
#1845 = EDGE_CURVE ( 'NONE', #1915, #1271, #1230, .T. ) ;
#1846 = ORIENTED_EDGE ( 'NONE', *, *, #1860, .F. ) ;
#1847 = CARTESIAN_POINT ( 'NONE',  ( 2.049999999999999800, 0.0000000000000000000, 0.7499999999999993300 ) ) ;
#1848 = FILL_AREA_STYLE_COLOUR ( '', #2426 ) ;
#1849 = ADVANCED_BREP_SHAPE_REPRESENTATION ( 'ECS-.327-12.5-49-TR', ( #11, #904, #462, #1501, #973, #724, #809 ), #2335 ) ;
#1850 = DIRECTION ( 'NONE',  ( -1.000000000000000000, 0.0000000000000000000, 4.565061778886335000E-016 ) ) ;
#1851 = FACE_OUTER_BOUND ( 'NONE', #887, .T. ) ;
#1852 = ADVANCED_FACE ( 'NONE', ( #1931 ), #1622, .F. ) ;
#1853 = AXIS2_PLACEMENT_3D ( 'NONE', #342, #1063, #1468 ) ;
#1854 = CARTESIAN_POINT ( 'NONE',  ( 1.975000000000000100, 5.974326292948360300, -0.5250000000000006900 ) ) ;
#1855 = ORIENTED_EDGE ( 'NONE', *, *, #945, .T. ) ;
#1856 = VECTOR ( 'NONE', #1997, 1000.000000000000000 ) ;
#1857 = CARTESIAN_POINT ( 'NONE',  ( -1.824999999999999700, 0.2000000000000000100, -0.6750000000000009300 ) ) ;
#1858 = LINE ( 'NONE', #1629, #1516 ) ;
#1859 = CIRCLE ( 'NONE', #1256, 0.1499999999999999900 ) ;
#1860 = EDGE_CURVE ( 'NONE', #418, #804, #2217, .T. ) ;
#1861 = VECTOR ( 'NONE', #1573, 1000.000000000000000 ) ;
#1862 = VECTOR ( 'NONE', #642, 999.9999999999998900 ) ;
#1863 = DIRECTION ( 'NONE',  ( -0.0000000000000000000, -1.000000000000000000, -0.0000000000000000000 ) ) ;
#1864 = EDGE_LOOP ( 'NONE', ( #958, #185, #871, #987 ) ) ;
#1865 = CARTESIAN_POINT ( 'NONE',  ( -1.899999999999999700, 0.2000000000000000100, -0.7500000000000006700 ) ) ;
#1866 = ORIENTED_EDGE ( 'NONE', *, *, #1496, .T. ) ;
#1867 = MECHANICAL_DESIGN_GEOMETRIC_PRESENTATION_REPRESENTATION (  '', ( #1191 ), #2252 ) ;
#1868 = ORIENTED_EDGE ( 'NONE', *, *, #1171, .F. ) ;
#1869 = ORIENTED_EDGE ( 'NONE', *, *, #1544, .T. ) ;
#1870 = CARTESIAN_POINT ( 'NONE',  ( -1.974999999999999900, 1.855294535724685900, -0.5250000000000008000 ) ) ;
#1871 = EDGE_LOOP ( 'NONE', ( #123, #2015, #2412, #1324 ) ) ;
#1872 = EDGE_CURVE ( 'NONE', #2262, #658, #1091, .T. ) ;
#1873 = VERTEX_POINT ( 'NONE', #1606 ) ;
#1874 = ORIENTED_EDGE ( 'NONE', *, *, #985, .T. ) ;
#1875 = EDGE_CURVE ( 'NONE', #1873, #633, #1435, .T. ) ;
#1876 = DIRECTION ( 'NONE',  ( -0.7071067811865485700, 0.0000000000000000000, -0.7071067811865465700 ) ) ;
#1877 = VECTOR ( 'NONE', #2144, 1000.000000000000000 ) ;
#1878 = VERTEX_POINT ( 'NONE', #497 ) ;
#1879 = PLANE ( 'NONE',  #66 ) ;
#1880 = ORIENTED_EDGE ( 'NONE', *, *, #607, .F. ) ;
#1881 = CIRCLE ( 'NONE', #706, 0.1500000000000001900 ) ;
#1882 = EDGE_CURVE ( 'NONE', #1358, #1004, #145, .T. ) ;
#1883 = DIRECTION ( 'NONE',  ( 0.0000000000000000000, -1.000000000000000000, 0.0000000000000000000 ) ) ;
#1884 = VECTOR ( 'NONE', #241, 1000.000000000000000 ) ;
#1885 = ORIENTED_EDGE ( 'NONE', *, *, #1998, .T. ) ;
#1886 = ADVANCED_FACE ( 'NONE', ( #687 ), #688, .T. ) ;
#1887 = VERTEX_POINT ( 'NONE', #1996 ) ;
#1888 = VERTEX_POINT ( 'NONE', #1426 ) ;
#1889 = MECHANICAL_DESIGN_GEOMETRIC_PRESENTATION_REPRESENTATION (  '', ( #199 ), #377 ) ;
#1890 = ORIENTED_EDGE ( 'NONE', *, *, #2141, .T. ) ;
#1891 = ORIENTED_EDGE ( 'NONE', *, *, #1022, .F. ) ;
#1892 = DIRECTION ( 'NONE',  ( 1.000000000000000000, 0.0000000000000000000, -1.141265444721583800E-016 ) ) ;
#1893 = ORIENTED_EDGE ( 'NONE', *, *, #2434, .T. ) ;
#1894 = AXIS2_PLACEMENT_3D ( 'NONE', #1360, #235, #1921 ) ;
#1895 = DIRECTION ( 'NONE',  ( -0.0000000000000000000, -1.000000000000000000, -0.0000000000000000000 ) ) ;
#1896 = ADVANCED_FACE ( 'NONE', ( #1619 ), #442, .F. ) ;
#1897 = CARTESIAN_POINT ( 'NONE',  ( 9.884319422085862400E-017, 0.0000000000000000000, 0.5300000000000000300 ) ) ;
#1898 = DIRECTION ( 'NONE',  ( -0.0000000000000000000, -1.000000000000000000, -0.0000000000000000000 ) ) ;
#1899 = VERTEX_POINT ( 'NONE', #1035 ) ;
#1900 = AXIS2_PLACEMENT_3D ( 'NONE', #837, #1769, #2359 ) ;
#1901 = DIRECTION ( 'NONE',  ( 0.0000000000000000000, 0.0000000000000000000, -1.000000000000000000 ) ) ;
#1902 = APPLICATION_CONTEXT ( 'automotive_design' ) ;
#1903 = PLANE ( 'NONE',  #2208 ) ;
#1904 = SURFACE_SIDE_STYLE ('',( #1251 ) ) ;
#1905 = DIRECTION ( 'NONE',  ( 0.0000000000000000000, 0.0000000000000000000, -1.000000000000000000 ) ) ;
#1906 = VECTOR ( 'NONE', #1693, 1000.000000000000000 ) ;
#1907 = EDGE_CURVE ( 'NONE', #1917, #2063, #819, .T. ) ;
#1908 = SHAPE_DEFINITION_REPRESENTATION ( #2357, #1849 ) ;
#1909 = DIRECTION ( 'NONE',  ( 1.000000000000000000, 0.0000000000000000000, -1.141265444721583800E-016 ) ) ;
#1910 = ORIENTED_EDGE ( 'NONE', *, *, #470, .T. ) ;
#1911 = ORIENTED_EDGE ( 'NONE', *, *, #2271, .T. ) ;
#1912 = CARTESIAN_POINT ( 'NONE',  ( 2.049999999999999800, 0.0000000000000000000, 0.7499999999999993300 ) ) ;
#1913 = EDGE_LOOP ( 'NONE', ( #2279, #1477, #128, #710 ) ) ;
#1914 = CARTESIAN_POINT ( 'NONE',  ( -2.049999999999999800, 1.855294535724685900, 0.6000000000000006400 ) ) ;
#1915 = VERTEX_POINT ( 'NONE', #854 ) ;
#1916 = DIRECTION ( 'NONE',  ( -1.000000000000000000, -0.0000000000000000000, -4.565061778886335000E-016 ) ) ;
#1917 = VERTEX_POINT ( 'NONE', #2371 ) ;
#1918 = ORIENTED_EDGE ( 'NONE', *, *, #327, .T. ) ;
#1919 = CARTESIAN_POINT ( 'NONE',  ( 9.884319422085862400E-017, 0.2000000000000000100, 0.5300000000000000300 ) ) ;
#1920 = ORIENTED_EDGE ( 'NONE', *, *, #1645, .T. ) ;
#1921 = DIRECTION ( 'NONE',  ( 0.0000000000000000000, 0.0000000000000000000, 1.000000000000000000 ) ) ;
#1922 = DIRECTION ( 'NONE',  ( 1.000000000000000000, -0.0000000000000000000, 4.565061778886335000E-016 ) ) ;
#1923 = EDGE_CURVE ( 'NONE', #2423, #1187, #2185, .T. ) ;
#1924 = VECTOR ( 'NONE', #1275, 1000.000000000000000 ) ;
#1925 = CARTESIAN_POINT ( 'NONE',  ( -1.899999999999999700, 0.0000000000000000000, 0.7500000000000006700 ) ) ;
#1926 = FACE_OUTER_BOUND ( 'NONE', #250, .T. ) ;
#1927 = LINE ( 'NONE', #383, #1429 ) ;
#1928 = CARTESIAN_POINT ( 'NONE',  ( -1.974999999999999900, 0.2000000000000000100, -0.5250000000000008000 ) ) ;
#1929 = CARTESIAN_POINT ( 'NONE',  ( -2.049999999999999800, 0.2000000000000000100, -0.6000000000000006400 ) ) ;
#1930 = VECTOR ( 'NONE', #2137, 1000.000000000000000 ) ;
#1931 = FACE_OUTER_BOUND ( 'NONE', #2229, .T. ) ;
#1932 = DIRECTION ( 'NONE',  ( 0.0000000000000000000, -1.000000000000000000, 0.0000000000000000000 ) ) ;
#1933 = LINE ( 'NONE', #196, #893 ) ;
#1934 = CARTESIAN_POINT ( 'NONE',  ( -1.824999999999999700, 0.2000000000000000100, -0.6750000000000009300 ) ) ;
#1935 = AXIS2_PLACEMENT_3D ( 'NONE', #2127, #421, #1901 ) ;
#1936 = DIRECTION ( 'NONE',  ( -4.565061778886335000E-016, 0.0000000000000000000, 1.000000000000000000 ) ) ;
#1937 = DIRECTION ( 'NONE',  ( 0.7071067811865485700, 0.0000000000000000000, -0.7071067811865465700 ) ) ;
#1938 = DIRECTION ( 'NONE',  ( -0.7071067811865485700, 0.0000000000000000000, 0.7071067811865465700 ) ) ;
#1939 = EDGE_CURVE ( 'NONE', #1126, #243, #326, .T. ) ;
#1940 = CIRCLE ( 'NONE', #1350, 0.1499999999999999900 ) ;
#1941 = ORIENTED_EDGE ( 'NONE', *, *, #712, .F. ) ;
#1942 = UNCERTAINTY_MEASURE_WITH_UNIT (LENGTH_MEASURE( 1.000000000000000100E-005 ), #2315, 'distance_accuracy_value', 'NONE');
#1943 = DIRECTION ( 'NONE',  ( -1.000000000000000000, 0.0000000000000000000, 1.141265444721583800E-016 ) ) ;
#1944 = ORIENTED_EDGE ( 'NONE', *, *, #2271, .F. ) ;
#1945 = ORIENTED_EDGE ( 'NONE', *, *, #369, .F. ) ;
#1946 = DIRECTION ( 'NONE',  ( -0.0000000000000000000, -1.000000000000000000, -0.0000000000000000000 ) ) ;
#1947 = DIRECTION ( 'NONE',  ( 0.0000000000000000000, 0.0000000000000000000, -1.000000000000000000 ) ) ;
#1948 = ORIENTED_EDGE ( 'NONE', *, *, #1860, .T. ) ;
#1949 = ORIENTED_EDGE ( 'NONE', *, *, #2013, .F. ) ;
#1950 = AXIS2_PLACEMENT_3D ( 'NONE', #1108, #934, #1640 ) ;
#1951 = ORIENTED_EDGE ( 'NONE', *, *, #2390, .T. ) ;
#1952 = CARTESIAN_POINT ( 'NONE',  ( 2.049999999999999800, 0.0000000000000000000, 0.6000000000000006400 ) ) ;
#1953 = CARTESIAN_POINT ( 'NONE',  ( 1.824999999999999700, 0.2000000000000000100, 0.6750000000000009300 ) ) ;
#1954 = PLANE ( 'NONE',  #339 ) ;
#1955 = DIRECTION ( 'NONE',  ( 0.0000000000000000000, 0.0000000000000000000, 1.000000000000000000 ) ) ;
#1956 = AXIS2_PLACEMENT_3D ( 'NONE', #1028, #1218, #270 ) ;
#1957 = PLANE ( 'NONE',  #12 ) ;
#1958 = CARTESIAN_POINT ( 'NONE',  ( 8.047349223364833000E-017, 0.0000000000000000000, 0.2300000000000000400 ) ) ;
#1959 = VECTOR ( 'NONE', #1380, 1000.000000000000000 ) ;
#1960 = CARTESIAN_POINT ( 'NONE',  ( -1.899999999999999700, 1.855294535724685900, 0.7500000000000006700 ) ) ;
#1961 = FILL_AREA_STYLE_COLOUR ( '', #440 ) ;
#1962 = DIRECTION ( 'NONE',  ( 0.7071067811865485700, -0.0000000000000000000, 0.7071067811865465700 ) ) ;
#1963 = ORIENTED_EDGE ( 'NONE', *, *, #2103, .F. ) ;
#1964 = FACE_OUTER_BOUND ( 'NONE', #1295, .T. ) ;
#1965 = FACE_OUTER_BOUND ( 'NONE', #2437, .T. ) ;
#1966 = FACE_OUTER_BOUND ( 'NONE', #2411, .T. ) ;
#1967 = DIRECTION ( 'NONE',  ( 1.000000000000000000, 0.0000000000000000000, 4.565061778886335000E-016 ) ) ;
#1968 = DIRECTION ( 'NONE',  ( 0.0000000000000000000, 0.0000000000000000000, 1.000000000000000000 ) ) ;
#1969 = FACE_OUTER_BOUND ( 'NONE', #2414, .T. ) ;
#1970 = DIRECTION ( 'NONE',  ( 0.7071067811865485700, 0.0000000000000000000, -0.7071067811865465700 ) ) ;
#1971 = AXIS2_PLACEMENT_3D ( 'NONE', #988, #1898, #2110 ) ;
#1972 = CIRCLE ( 'NONE', #1212, 0.1500000000000000800 ) ;
#1973 = DIRECTION ( 'NONE',  ( 0.0000000000000000000, 0.0000000000000000000, 1.000000000000000000 ) ) ;
#1974 = CARTESIAN_POINT ( 'NONE',  ( 1.899999999999999700, 0.8000000000000000400, -0.7500000000000006700 ) ) ;
#1975 = LINE ( 'NONE', #2207, #27 ) ;
#1976 = EDGE_CURVE ( 'NONE', #1151, #1192, #1058, .T. ) ;
#1977 = DIRECTION ( 'NONE',  ( 0.0000000000000000000, 0.0000000000000000000, -1.000000000000000000 ) ) ;
#1978 = CARTESIAN_POINT ( 'NONE',  ( 2.049999999999999800, 1.855294535724685900, 0.6000000000000007500 ) ) ;
#1979 = ORIENTED_EDGE ( 'NONE', *, *, #602, .F. ) ;
#1980 = ORIENTED_EDGE ( 'NONE', *, *, #2225, .F. ) ;
#1981 = ORIENTED_EDGE ( 'NONE', *, *, #811, .F. ) ;
#1982 = VERTEX_POINT ( 'NONE', #1897 ) ;
#1983 = DIRECTION ( 'NONE',  ( 0.0000000000000000000, 0.0000000000000000000, 1.000000000000000000 ) ) ;
#1984 = EDGE_LOOP ( 'NONE', ( #1949, #1072, #2318, #1835 ) ) ;
#1985 = ORIENTED_EDGE ( 'NONE', *, *, #2306, .T. ) ;
#1986 = EDGE_LOOP ( 'NONE', ( #777, #2379, #472, #1265 ) ) ;
#1987 = CARTESIAN_POINT ( 'NONE',  ( -2.049999999999999800, 0.8000000000000000400, 0.7499999999999997800 ) ) ;
#1988 = CARTESIAN_POINT ( 'NONE',  ( 1.824999999999999500, 5.974326292948360300, 0.6749999999999994900 ) ) ;
#1989 = ADVANCED_FACE ( 'NONE', ( #1697 ), #2280, .F. ) ;
#1990 = AXIS2_PLACEMENT_3D ( 'NONE', #450, #1946, #1968 ) ;
#1991 = ADVANCED_FACE ( 'NONE', ( #715 ), #1903, .F. ) ;
#1992 = DIRECTION ( 'NONE',  ( 1.000000000000000000, 0.0000000000000000000, -1.188166764367676300E-016 ) ) ;
#1993 = AXIS2_PLACEMENT_3D ( 'NONE', #253, #259, #2328 ) ;
#1994 = EDGE_CURVE ( 'NONE', #1807, #1126, #1173, .T. ) ;
#1995 = LINE ( 'NONE', #1279, #1669 ) ;
#1996 = CARTESIAN_POINT ( 'NONE',  ( -1.974999999999999900, -0.0000000000000000000, -0.5250000000000008000 ) ) ;
#1997 = DIRECTION ( 'NONE',  ( -0.0000000000000000000, -1.000000000000000000, -0.0000000000000000000 ) ) ;
#1998 = EDGE_CURVE ( 'NONE', #2383, #1071, #1197, .T. ) ;
#1999 = VECTOR ( 'NONE', #2425, 1000.000000000000000 ) ;
#2000 = DIRECTION ( 'NONE',  ( 0.0000000000000000000, 0.0000000000000000000, 1.000000000000000000 ) ) ;
#2001 = ADVANCED_FACE ( 'NONE', ( #1675 ), #354, .F. ) ;
#2002 = CARTESIAN_POINT ( 'NONE',  ( -1.349999999999999900, 0.2000000000000000100, 0.6750000000000007100 ) ) ;
#2003 = LINE ( 'NONE', #2131, #2272 ) ;
#2004 = PLANE ( 'NONE',  #2075 ) ;
#2005 = LINE ( 'NONE', #825, #1495 ) ;
#2006 = AXIS2_PLACEMENT_3D ( 'NONE', #2086, #963, #2287 ) ;
#2007 =( LENGTH_UNIT ( ) NAMED_UNIT ( * ) SI_UNIT ( .MILLI., .METRE. ) );
#2008 = CARTESIAN_POINT ( 'NONE',  ( -1.824999999999999700, 0.2000000000000000100, 0.6750000000000009300 ) ) ;
#2009 = ADVANCED_FACE ( 'NONE', ( #856 ), #1287, .F. ) ;
#2010 = VECTOR ( 'NONE', #669, 1000.000000000000000 ) ;
#2011 = EDGE_LOOP ( 'NONE', ( #1633, #1079, #2321, #2259 ) ) ;
#2012 = ORIENTED_EDGE ( 'NONE', *, *, #204, .F. ) ;
#2013 = EDGE_CURVE ( 'NONE', #1816, #2438, #2307, .T. ) ;
#2014 = CARTESIAN_POINT ( 'NONE',  ( 2.049999999999999800, 0.2000000000000000900, -0.6000000000000007500 ) ) ;
#2015 = ORIENTED_EDGE ( 'NONE', *, *, #827, .F. ) ;
#2016 = ORIENTED_EDGE ( 'NONE', *, *, #2034, .F. ) ;
#2017 = ORIENTED_EDGE ( 'NONE', *, *, #315, .T. ) ;
#2018 = VERTEX_POINT ( 'NONE', #961 ) ;
#2019 = DIRECTION ( 'NONE',  ( -1.000000000000000000, 0.0000000000000000000, 0.0000000000000000000 ) ) ;
#2020 = ORIENTED_EDGE ( 'NONE', *, *, #274, .T. ) ;
#2021 = CARTESIAN_POINT ( 'NONE',  ( -1.899999999999999700, 0.2000000000000000900, 0.7500000000000005600 ) ) ;
#2022 = ADVANCED_FACE ( 'NONE', ( #195 ), #13, .T. ) ;
#2023 = DIRECTION ( 'NONE',  ( -0.0000000000000000000, -1.000000000000000000, -0.0000000000000000000 ) ) ;
#2024 = CARTESIAN_POINT ( 'NONE',  ( -1.974999999999999900, 1.855294535724685900, -0.5250000000000008000 ) ) ;
#2025 = DIRECTION ( 'NONE',  ( 0.0000000000000000000, 0.0000000000000000000, 1.000000000000000000 ) ) ;
#2026 = LINE ( 'NONE', #865, #1577 ) ;
#2027 = ADVANCED_FACE ( 'NONE', ( #2081, #299 ), #425, .F. ) ;
#2028 = ORIENTED_EDGE ( 'NONE', *, *, #810, .T. ) ;
#2029 = CIRCLE ( 'NONE', #2319, 0.1499999999999999700 ) ;
#2030 = VECTOR ( 'NONE', #218, 1000.000000000000000 ) ;
#2031 = DIRECTION ( 'NONE',  ( -0.0000000000000000000, -1.000000000000000000, -0.0000000000000000000 ) ) ;
#2032 = FACE_OUTER_BOUND ( 'NONE', #2135, .T. ) ;
#2033 = PLANE ( 'NONE',  #1608 ) ;
#2034 = EDGE_CURVE ( 'NONE', #141, #436, #174, .T. ) ;
#2035 = VECTOR ( 'NONE', #1943, 1000.000000000000000 ) ;
#2036 = CARTESIAN_POINT ( 'NONE',  ( 9.884319422085862400E-017, 0.0000000000000000000, 0.5300000000000000300 ) ) ;
#2037 = ORIENTED_EDGE ( 'NONE', *, *, #1657, .F. ) ;
#2038 = AXIS2_PLACEMENT_3D ( 'NONE', #478, #1795, #1977 ) ;
#2039 = EDGE_LOOP ( 'NONE', ( #2228, #1694, #93, #664 ) ) ;
#2040 = CARTESIAN_POINT ( 'NONE',  ( -2.049999999999999800, 0.0000000000000000000, 0.7499999999999997800 ) ) ;
#2041 = ORIENTED_EDGE ( 'NONE', *, *, #2388, .F. ) ;
#2042 = ORIENTED_EDGE ( 'NONE', *, *, #380, .F. ) ;
#2043 = EDGE_LOOP ( 'NONE', ( #364, #1206, #1600, #1253, #1101, #1868, #2350, #393 ) ) ;
#2044 = EDGE_CURVE ( 'NONE', #192, #157, #114, .T. ) ;
#2045 = ORIENTED_EDGE ( 'NONE', *, *, #1923, .F. ) ;
#2046 = ORIENTED_EDGE ( 'NONE', *, *, #1188, .F. ) ;
#2047 = SURFACE_STYLE_USAGE ( .BOTH. , #555 ) ;
#2048 = CARTESIAN_POINT ( 'NONE',  ( 1.899999999999999700, 0.8000000000000000400, 0.7499999999999993300 ) ) ;
#2049 = LINE ( 'NONE', #124, #1487 ) ;
#2050 = AXIS2_PLACEMENT_3D ( 'NONE', #1442, #2239, #348 ) ;
#2051 = CARTESIAN_POINT ( 'NONE',  ( 1.824999999999999700, 0.2000000000000000100, 0.6750000000000009300 ) ) ;
#2052 = CARTESIAN_POINT ( 'NONE',  ( 1.824999999999999700, 0.2000000000000000100, 0.6750000000000009300 ) ) ;
#2053 = DIRECTION ( 'NONE',  ( -0.0000000000000000000, -1.000000000000000000, -0.0000000000000000000 ) ) ;
#2054 = CYLINDRICAL_SURFACE ( 'NONE', #127, 0.1500000000000000800 ) ;
#2055 = EDGE_CURVE ( 'NONE', #14, #730, #2213, .T. ) ;
#2056 = VECTOR ( 'NONE', #289, 1000.000000000000000 ) ;
#2057 = CARTESIAN_POINT ( 'NONE',  ( 1.824999999999999700, 0.0000000000000000000, 0.6750000000000009300 ) ) ;
#2058 = LINE ( 'NONE', #61, #408 ) ;
#2059 = CARTESIAN_POINT ( 'NONE',  ( 1.349999999999999900, 0.0000000000000000000, -0.6750000000000007100 ) ) ;
#2060 = CYLINDRICAL_SURFACE ( 'NONE', #379, 0.1499999999999999700 ) ;
#2061 = LINE ( 'NONE', #2152, #181 ) ;
#2062 = CARTESIAN_POINT ( 'NONE',  ( 1.824999999999999700, 0.2000000000000000100, -0.6750000000000009300 ) ) ;
#2063 = VERTEX_POINT ( 'NONE', #216 ) ;
#2064 = AXIS2_PLACEMENT_3D ( 'NONE', #564, #8, #197 ) ;
#2065 = ORIENTED_EDGE ( 'NONE', *, *, #857, .F. ) ;
#2066 = ORIENTED_EDGE ( 'NONE', *, *, #1704, .T. ) ;
#2067 = AXIS2_PLACEMENT_3D ( 'NONE', #975, #242, #1152 ) ;
#2068 = ORIENTED_EDGE ( 'NONE', *, *, #2113, .T. ) ;
#2069 = ORIENTED_EDGE ( 'NONE', *, *, #882, .T. ) ;
#2070 = VERTEX_POINT ( 'NONE', #2088 ) ;
#2071 = EDGE_CURVE ( 'NONE', #246, #1004, #769, .T. ) ;
#2072 = DIRECTION ( 'NONE',  ( -0.7071067811865485700, 0.0000000000000000000, 0.7071067811865465700 ) ) ;
#2073 = PLANE ( 'NONE',  #997 ) ;
#2074 = DIRECTION ( 'NONE',  ( 0.0000000000000000000, -1.000000000000000000, 0.0000000000000000000 ) ) ;
#2075 = AXIS2_PLACEMENT_3D ( 'NONE', #877, #883, #2203 ) ;
#2076 = LINE ( 'NONE', #461, #1959 ) ;
#2077 = DIRECTION ( 'NONE',  ( 0.0000000000000000000, 0.0000000000000000000, -1.000000000000000000 ) ) ;
#2078 = AXIS2_PLACEMENT_3D ( 'NONE', #1131, #1315, #190 ) ;
#2079 = DIRECTION ( 'NONE',  ( -0.0000000000000000000, -1.000000000000000000, -0.0000000000000000000 ) ) ;
#2080 = VECTOR ( 'NONE', #767, 1000.000000000000000 ) ;
#2081 = FACE_BOUND ( 'NONE', #576, .T. ) ;
#2082 = ADVANCED_FACE ( 'NONE', ( #1649 ), #279, .T. ) ;
#2083 = DIRECTION ( 'NONE',  ( 0.0000000000000000000, -0.0000000000000000000, -1.000000000000000000 ) ) ;
#2084 = EDGE_CURVE ( 'NONE', #1887, #730, #1767, .T. ) ;
#2085 = LINE ( 'NONE', #207, #1378 ) ;
#2086 = CARTESIAN_POINT ( 'NONE',  ( -2.049999999999999800, 0.7900000000000000400, -0.7500000000000002200 ) ) ;
#2087 = FACE_OUTER_BOUND ( 'NONE', #1031, .T. ) ;
#2088 = CARTESIAN_POINT ( 'NONE',  ( -1.974999999999999900, 0.2000000000000000100, -0.5250000000000008000 ) ) ;
#2089 = DIRECTION ( 'NONE',  ( 1.000000000000000000, 0.0000000000000000000, 4.565061778886335000E-016 ) ) ;
#2090 = ORIENTED_EDGE ( 'NONE', *, *, #2360, .T. ) ;
#2091 = PLANE ( 'NONE',  #98 ) ;
#2092 = CARTESIAN_POINT ( 'NONE',  ( 2.049999999999999800, 0.2000000000000000100, 0.6000000000000006400 ) ) ;
#2093 = VERTEX_POINT ( 'NONE', #293 ) ;
#2094 = ORIENTED_EDGE ( 'NONE', *, *, #2370, .T. ) ;
#2095 = ORIENTED_EDGE ( 'NONE', *, *, #1760, .T. ) ;
#2096 = CARTESIAN_POINT ( 'NONE',  ( 1.349999999999999900, 0.2000000000000000100, -0.6750000000000007100 ) ) ;
#2097 = PRESENTATION_LAYER_ASSIGNMENT (  '', '', ( #291 ) ) ;
#2098 = EDGE_LOOP ( 'NONE', ( #1534, #16, #2257, #2197, #1839, #1910 ) ) ;
#2099 = VERTEX_POINT ( 'NONE', #1610 ) ;
#2100 = DIRECTION ( 'NONE',  ( 0.0000000000000000000, 0.0000000000000000000, -1.000000000000000000 ) ) ;
#2101 = VERTEX_POINT ( 'NONE', #90 ) ;
#2102 = EDGE_LOOP ( 'NONE', ( #1417, #979, #815, #1 ) ) ;
#2103 = EDGE_CURVE ( 'NONE', #1601, #1460, #1179, .T. ) ;
#2104 = SURFACE_SIDE_STYLE ('',( #111 ) ) ;
#2105 = CARTESIAN_POINT ( 'NONE',  ( -2.049999999999999800, 0.8000000000000000400, 0.7499999999999997800 ) ) ;
#2106 = PLANE ( 'NONE',  #899 ) ;
#2107 = DIRECTION ( 'NONE',  ( 0.7071067811865464600, 0.0000000000000000000, -0.7071067811865486800 ) ) ;
#2108 = DIRECTION ( 'NONE',  ( -0.0000000000000000000, -1.000000000000000000, -0.0000000000000000000 ) ) ;
#2109 = CIRCLE ( 'NONE', #1078, 0.1499999999999999700 ) ;
#2110 = DIRECTION ( 'NONE',  ( 0.0000000000000000000, 0.0000000000000000000, -1.000000000000000000 ) ) ;
#2111 = ORIENTED_EDGE ( 'NONE', *, *, #1907, .T. ) ;
#2112 = CIRCLE ( 'NONE', #1950, 0.1499999999999999700 ) ;
#2113 = EDGE_CURVE ( 'NONE', #1844, #909, #722, .T. ) ;
#2114 = CARTESIAN_POINT ( 'NONE',  ( -1.974999999999999900, -0.0000000000000000000, -0.5250000000000008000 ) ) ;
#2115 = PRESENTATION_STYLE_ASSIGNMENT (( #1650 ) ) ;
#2116 = LINE ( 'NONE', #407, #1117 ) ;
#2117 = DIRECTION ( 'NONE',  ( 0.0000000000000000000, 0.0000000000000000000, 1.000000000000000000 ) ) ;
#2118 = STYLED_ITEM ( 'NONE', ( #2191 ), #1849 ) ;
#2119 = VECTOR ( 'NONE', #770, 1000.000000000000000 ) ;
#2120 = EDGE_CURVE ( 'NONE', #1180, #1915, #2196, .T. ) ;
#2121 = DIRECTION ( 'NONE',  ( 0.0000000000000000000, 0.0000000000000000000, -1.000000000000000000 ) ) ;
#2122 = CARTESIAN_POINT ( 'NONE',  ( 2.049999999999999800, 0.8000000000000000400, 0.5999999999999994200 ) ) ;
#2123 = LINE ( 'NONE', #370, #1408 ) ;
#2124 = EDGE_CURVE ( 'NONE', #2422, #866, #152, .T. ) ;
#2125 = CARTESIAN_POINT ( 'NONE',  ( -2.049999999999999800, 0.7900000000000000400, 0.7499999999999997800 ) ) ;
#2126 = CIRCLE ( 'NONE', #2067, 0.1500000000000001900 ) ;
#2127 = CARTESIAN_POINT ( 'NONE',  ( 2.049999999999999800, 0.8000000000000000400, 0.7499999999999993300 ) ) ;
#2128 = DIRECTION ( 'NONE',  ( 1.000000000000000000, 0.0000000000000000000, -1.141265444721583800E-016 ) ) ;
#2129 = VECTOR ( 'NONE', #57, 1000.000000000000000 ) ;
#2130 = ORIENTED_EDGE ( 'NONE', *, *, #1096, .T. ) ;
#2131 = CARTESIAN_POINT ( 'NONE',  ( 1.349999999999999900, 0.2000000000000000100, -0.6750000000000007100 ) ) ;
#2132 = DIRECTION ( 'NONE',  ( 0.7071067811865485700, 0.0000000000000000000, -0.7071067811865465700 ) ) ;
#2133 = DIRECTION ( 'NONE',  ( -4.565061778886335000E-016, 0.0000000000000000000, 1.000000000000000000 ) ) ;
#2134 = ORIENTED_EDGE ( 'NONE', *, *, #2176, .T. ) ;
#2135 = EDGE_LOOP ( 'NONE', ( #952, #1781, #956, #1741 ) ) ;
#2136 = ORIENTED_EDGE ( 'NONE', *, *, #863, .F. ) ;
#2137 = DIRECTION ( 'NONE',  ( -0.0000000000000000000, -0.0000000000000000000, -1.000000000000000000 ) ) ;
#2138 = CARTESIAN_POINT ( 'NONE',  ( 1.974999999999999900, 5.974326292948360300, 0.5249999999999994700 ) ) ;
#2139 = EDGE_LOOP ( 'NONE', ( #2376, #2069, #1529, #1130 ) ) ;
#2140 = CARTESIAN_POINT ( 'NONE',  ( 2.049999999999999800, 0.2000000000000000900, -0.7500000000000006700 ) ) ;
#2141 = EDGE_CURVE ( 'NONE', #2063, #186, #2061, .T. ) ;
#2142 = DIRECTION ( 'NONE',  ( 0.7071067811865464600, 0.0000000000000000000, 0.7071067811865486800 ) ) ;
#2143 = CARTESIAN_POINT ( 'NONE',  ( -1.824999999999999700, 0.8000000000000000400, 0.6749999999999998200 ) ) ;
#2144 = DIRECTION ( 'NONE',  ( 0.0000000000000000000, -1.000000000000000000, 0.0000000000000000000 ) ) ;
#2145 = FACE_OUTER_BOUND ( 'NONE', #36, .T. ) ;
#2146 = LINE ( 'NONE', #1302, #1643 ) ;
#2147 = VECTOR ( 'NONE', #1892, 1000.000000000000000 ) ;
#2148 = CARTESIAN_POINT ( 'NONE',  ( 1.974999999999999900, 0.0000000000000000000, -0.5250000000000008000 ) ) ;
#2149 = AXIS2_PLACEMENT_3D ( 'NONE', #1687, #1493, #2244 ) ;
#2150 = CARTESIAN_POINT ( 'NONE',  ( 1.824999999999999700, 0.2000000000000000900, 0.6750000000000010400 ) ) ;
#2151 = DIRECTION ( 'NONE',  ( -0.0000000000000000000, -1.000000000000000000, -0.0000000000000000000 ) ) ;
#2152 = CARTESIAN_POINT ( 'NONE',  ( -2.049999999999999800, 0.7900000000000000400, -0.6000000000000002000 ) ) ;
#2153 = SURFACE_STYLE_FILL_AREA ( #786 ) ;
#2154 = DIRECTION ( 'NONE',  ( -0.7071067811865486800, 0.0000000000000000000, -0.7071067811865464600 ) ) ;
#2155 = CARTESIAN_POINT ( 'NONE',  ( -2.049999999999999800, 0.7900000000000000400, 0.5999999999999997600 ) ) ;
#2156 = FACE_OUTER_BOUND ( 'NONE', #122, .T. ) ;
#2157 = LINE ( 'NONE', #2096, #1884 ) ;
#2158 = ORIENTED_EDGE ( 'NONE', *, *, #1742, .T. ) ;
#2159 = SURFACE_STYLE_USAGE ( .BOTH. , #2362 ) ;
#2160 = ORIENTED_EDGE ( 'NONE', *, *, #1439, .T. ) ;
#2161 = DIRECTION ( 'NONE',  ( 0.0000000000000000000, -1.000000000000000000, 0.0000000000000000000 ) ) ;
#2162 = ORIENTED_EDGE ( 'NONE', *, *, #1777, .F. ) ;
#2163 = ORIENTED_EDGE ( 'NONE', *, *, #1430, .T. ) ;
#2164 = CARTESIAN_POINT ( 'NONE',  ( 1.349999999999999900, 0.2000000000000000100, 0.6750000000000007100 ) ) ;
#2165 = CARTESIAN_POINT ( 'NONE',  ( -1.824999999999999700, 0.2000000000000000100, 0.6750000000000009300 ) ) ;
#2166 = ORIENTED_EDGE ( 'NONE', *, *, #2113, .F. ) ;
#2167 = ORIENTED_EDGE ( 'NONE', *, *, #1374, .F. ) ;
#2168 = EDGE_CURVE ( 'NONE', #1899, #183, #2407, .T. ) ;
#2169 = ORIENTED_EDGE ( 'NONE', *, *, #1872, .F. ) ;
#2170 = CARTESIAN_POINT ( 'NONE',  ( -1.899999999999999700, 0.8000000000000000400, 0.7499999999999997800 ) ) ;
#2171 = EDGE_LOOP ( 'NONE', ( #2162, #2195, #362, #1570 ) ) ;
#2172 = DIRECTION ( 'NONE',  ( 0.0000000000000000000, -1.000000000000000000, 0.0000000000000000000 ) ) ;
#2173 = AXIS2_PLACEMENT_3D ( 'NONE', #2140, #272, #1392 ) ;
#2174 = CARTESIAN_POINT ( 'NONE',  ( 1.349999999999999900, 0.2000000000000000900, 0.6750000000000007100 ) ) ;
#2175 = DIRECTION ( 'NONE',  ( 0.0000000000000000000, -1.000000000000000000, 0.0000000000000000000 ) ) ;
#2176 = EDGE_CURVE ( 'NONE', #1569, #1322, #1069, .T. ) ;
#2177 = VECTOR ( 'NONE', #345, 1000.000000000000000 ) ;
#2178 = ADVANCED_FACE ( 'NONE', ( #1525 ), #202, .F. ) ;
#2179 = PLANE ( 'NONE',  #48 ) ;
#2180 = LINE ( 'NONE', #1436, #1164 ) ;
#2181 = FACE_OUTER_BOUND ( 'NONE', #2043, .T. ) ;
#2182 = CYLINDRICAL_SURFACE ( 'NONE', #1971, 0.1500000000000001900 ) ;
#2183 = DIRECTION ( 'NONE',  ( -0.0000000000000000000, -1.000000000000000000, -0.0000000000000000000 ) ) ;
#2184 = DIRECTION ( 'NONE',  ( 0.0000000000000000000, 0.0000000000000000000, 1.000000000000000000 ) ) ;
#2185 = LINE ( 'NONE', #224, #1828 ) ;
#2186 = CARTESIAN_POINT ( 'NONE',  ( 2.049999999999999800, 0.2000000000000000900, 0.6000000000000007500 ) ) ;
#2187 = AXIS2_PLACEMENT_3D ( 'NONE', #1042, #1017, #301 ) ;
#2188 = CIRCLE ( 'NONE', #1452, 0.1499999999999999700 ) ;
#2189 = DIRECTION ( 'NONE',  ( 0.0000000000000000000, -1.000000000000000000, 0.0000000000000000000 ) ) ;
#2190 = DIRECTION ( 'NONE',  ( -0.0000000000000000000, 0.0000000000000000000, 1.000000000000000000 ) ) ;
#2191 = PRESENTATION_STYLE_ASSIGNMENT (( #814 ) ) ;
#2192 = EDGE_CURVE ( 'NONE', #1372, #2101, #1384, .T. ) ;
#2193 = DIRECTION ( 'NONE',  ( -0.7071067811865464600, 0.0000000000000000000, -0.7071067811865486800 ) ) ;
#2194 = ADVANCED_FACE ( 'NONE', ( #593 ), #850, .F. ) ;
#2195 = ORIENTED_EDGE ( 'NONE', *, *, #1796, .T. ) ;
#2196 = LINE ( 'NONE', #467, #977 ) ;
#2197 = ORIENTED_EDGE ( 'NONE', *, *, #394, .T. ) ;
#2198 = ADVANCED_FACE ( 'NONE', ( #1003 ), #2179, .F. ) ;
#2199 = ORIENTED_EDGE ( 'NONE', *, *, #2260, .F. ) ;
#2200 = CARTESIAN_POINT ( 'NONE',  ( 8.047349223364833000E-017, 0.0000000000000000000, 0.3800000000000000000 ) ) ;
#2201 = ORIENTED_EDGE ( 'NONE', *, *, #624, .T. ) ;
#2202 = VERTEX_POINT ( 'NONE', #1387 ) ;
#2203 = DIRECTION ( 'NONE',  ( -1.000000000000000000, 0.0000000000000000000, 1.141265444721583800E-016 ) ) ;
#2204 = MECHANICAL_DESIGN_GEOMETRIC_PRESENTATION_REPRESENTATION (  '', ( #291 ), #517 ) ;
#2205 = ADVANCED_FACE ( 'NONE', ( #1264 ), #2368, .F. ) ;
#2206 =( NAMED_UNIT ( * ) PLANE_ANGLE_UNIT ( ) SI_UNIT ( $, .RADIAN. ) );
#2207 = CARTESIAN_POINT ( 'NONE',  ( -1.349999999999999900, 0.0000000000000000000, 0.6750000000000007100 ) ) ;
#2208 = AXIS2_PLACEMENT_3D ( 'NONE', #237, #2301, #1163 ) ;
#2209 = EDGE_CURVE ( 'NONE', #2422, #2262, #898, .T. ) ;
#2210 = CARTESIAN_POINT ( 'NONE',  ( 1.974999999999999900, 0.2000000000000000100, -0.5250000000000008000 ) ) ;
#2211 = EDGE_CURVE ( 'NONE', #1982, #157, #1681, .T. ) ;
#2212 = ORIENTED_EDGE ( 'NONE', *, *, #1044, .T. ) ;
#2213 = LINE ( 'NONE', #1176, #826 ) ;
#2214 = DIRECTION ( 'NONE',  ( 0.0000000000000000000, -1.000000000000000000, 0.0000000000000000000 ) ) ;
#2215 = CARTESIAN_POINT ( 'NONE',  ( -1.899999999999999700, 0.0000000000000000000, 0.7499999999999997800 ) ) ;
#2216 = ADVANCED_FACE ( 'NONE', ( #1497 ), #80, .T. ) ;
#2217 = CIRCLE ( 'NONE', #912, 0.1499999999999999900 ) ;
#2218 = LINE ( 'NONE', #1006, #445 ) ;
#2219 = VECTOR ( 'NONE', #276, 1000.000000000000000 ) ;
#2220 = CARTESIAN_POINT ( 'NONE',  ( -2.049999999999999800, -0.0000000000000000000, -0.6000000000000006400 ) ) ;
#2221 = ADVANCED_FACE ( 'NONE', ( #545 ), #113, .T. ) ;
#2222 = CARTESIAN_POINT ( 'NONE',  ( -1.974999999999999900, 0.2000000000000000900, -0.5250000000000008000 ) ) ;
#2223 = CARTESIAN_POINT ( 'NONE',  ( 1.974999999999999900, 0.0000000000000000000, -0.5250000000000008000 ) ) ;
#2224 = ORIENTED_EDGE ( 'NONE', *, *, #1882, .F. ) ;
#2225 = EDGE_CURVE ( 'NONE', #1187, #1013, #2453, .T. ) ;
#2226 = DIRECTION ( 'NONE',  ( 0.7071067811865485700, -0.0000000000000000000, 0.7071067811865465700 ) ) ;
#2227 = ORIENTED_EDGE ( 'NONE', *, *, #2390, .F. ) ;
#2228 = ORIENTED_EDGE ( 'NONE', *, *, #1677, .F. ) ;
#2229 = EDGE_LOOP ( 'NONE', ( #1473, #1503, #1980, #68 ) ) ;
#2230 = DIRECTION ( 'NONE',  ( 0.0000000000000000000, 0.0000000000000000000, -1.000000000000000000 ) ) ;
#2231 = EDGE_LOOP ( 'NONE', ( #551, #518, #851, #1684 ) ) ;
#2232 = ORIENTED_EDGE ( 'NONE', *, *, #734, .F. ) ;
#2233 = PLANE ( 'NONE',  #1718 ) ;
#2234 = CARTESIAN_POINT ( 'NONE',  ( 1.824999999999999700, 0.0000000000000000000, 0.6750000000000009300 ) ) ;
#2235 = PRESENTATION_LAYER_ASSIGNMENT (  '', '', ( #2452 ) ) ;
#2236 = DIRECTION ( 'NONE',  ( -0.0000000000000000000, 1.000000000000000000, -0.0000000000000000000 ) ) ;
#2237 = DIRECTION ( 'NONE',  ( -0.0000000000000000000, -1.000000000000000000, -0.0000000000000000000 ) ) ;
#2238 = CYLINDRICAL_SURFACE ( 'NONE', #1833, 0.1499999999999999700 ) ;
#2239 = DIRECTION ( 'NONE',  ( 0.0000000000000000000, -1.000000000000000000, 0.0000000000000000000 ) ) ;
#2240 = ADVANCED_FACE ( 'NONE', ( #1705 ), #2403, .F. ) ;
#2241 = EDGE_CURVE ( 'NONE', #188, #1011, #1975, .T. ) ;
#2242 = VERTEX_POINT ( 'NONE', #1250 ) ;
#2243 = FACE_OUTER_BOUND ( 'NONE', #1841, .T. ) ;
#2244 = DIRECTION ( 'NONE',  ( 0.0000000000000000000, 0.0000000000000000000, -1.000000000000000000 ) ) ;
#2245 = LINE ( 'NONE', #528, #233 ) ;
#2246 = PRESENTATION_STYLE_ASSIGNMENT (( #416 ) ) ;
#2247 = DIRECTION ( 'NONE',  ( 0.0000000000000000000, -0.0000000000000000000, 1.000000000000000000 ) ) ;
#2248 = CARTESIAN_POINT ( 'NONE',  ( 1.824999999999999500, 5.974326292948360300, 0.5249999999999994700 ) ) ;
#2249 = CARTESIAN_POINT ( 'NONE',  ( -2.049999999999999800, 0.7900000000000000400, 0.7499999999999997800 ) ) ;
#2250 = VECTOR ( 'NONE', #653, 1000.000000000000000 ) ;
#2251 = DIRECTION ( 'NONE',  ( -1.000000000000000000, 0.0000000000000000000, 1.141265444721583800E-016 ) ) ;
#2252 =( GEOMETRIC_REPRESENTATION_CONTEXT ( 3 ) GLOBAL_UNCERTAINTY_ASSIGNED_CONTEXT ( ( #1585 ) ) GLOBAL_UNIT_ASSIGNED_CONTEXT ( ( #925, #1281, #1472 ) ) REPRESENTATION_CONTEXT ( 'NONE', 'WORKASPACE' ) );
#2253 = FACE_OUTER_BOUND ( 'NONE', #1871, .T. ) ;
#2254 = VERTEX_POINT ( 'NONE', #1424 ) ;
#2255 = MECHANICAL_DESIGN_GEOMETRIC_PRESENTATION_REPRESENTATION (  '', ( #2118 ), #1434 ) ;
#2256 = EDGE_CURVE ( 'NONE', #141, #1873, #1557, .T. ) ;
#2257 = ORIENTED_EDGE ( 'NONE', *, *, #2055, .T. ) ;
#2258 = CARTESIAN_POINT ( 'NONE',  ( -1.349999999999999900, 1.855294535724685900, -0.6750000000000007100 ) ) ;
#2259 = ORIENTED_EDGE ( 'NONE', *, *, #1810, .F. ) ;
#2260 = EDGE_CURVE ( 'NONE', #2283, #67, #1443, .T. ) ;
#2261 = CARTESIAN_POINT ( 'NONE',  ( 1.899999999999999700, 0.7900000000000000400, -0.7500000000000006700 ) ) ;
#2262 = VERTEX_POINT ( 'NONE', #131 ) ;
#2263 = VERTEX_POINT ( 'NONE', #325 ) ;
#2264 = CARTESIAN_POINT ( 'NONE',  ( -2.049999999999999800, -0.0000000000000000000, -0.6000000000000006400 ) ) ;
#2265 = PRESENTATION_LAYER_ASSIGNMENT (  '', '', ( #368 ) ) ;
#2266 = LINE ( 'NONE', #543, #1762 ) ;
#2267 = ADVANCED_FACE ( 'NONE', ( #515 ), #1808, .F. ) ;
#2268 = PLANE ( 'NONE',  #464 ) ;
#2269 = ORIENTED_EDGE ( 'NONE', *, *, #1171, .T. ) ;
#2270 = VECTOR ( 'NONE', #1547, 1000.000000000000000 ) ;
#2271 = EDGE_CURVE ( 'NONE', #1745, #243, #948, .T. ) ;
#2272 = VECTOR ( 'NONE', #449, 1000.000000000000000 ) ;
#2273 = DIRECTION ( 'NONE',  ( 0.0000000000000000000, -1.000000000000000000, 0.0000000000000000000 ) ) ;
#2274 = LINE ( 'NONE', #598, #974 ) ;
#2275 = FACE_OUTER_BOUND ( 'NONE', #213, .T. ) ;
#2276 = VECTOR ( 'NONE', #232, 999.9999999999998900 ) ;
#2277 = DIRECTION ( 'NONE',  ( 0.0000000000000000000, -0.0000000000000000000, 1.000000000000000000 ) ) ;
#2278 = EDGE_LOOP ( 'NONE', ( #132, #2323, #1033, #798 ) ) ;
#2279 = ORIENTED_EDGE ( 'NONE', *, *, #1430, .F. ) ;
#2280 = PLANE ( 'NONE',  #1229 ) ;
#2281 = EDGE_LOOP ( 'NONE', ( #1880, #2037, #1444, #420 ) ) ;
#2282 = EDGE_CURVE ( 'NONE', #1476, #288, #828, .T. ) ;
#2283 = VERTEX_POINT ( 'NONE', #1531 ) ;
#2284 = DIRECTION ( 'NONE',  ( -1.000000000000000000, 0.0000000000000000000, -0.0000000000000000000 ) ) ;
#2285 = ORIENTED_EDGE ( 'NONE', *, *, #1114, .F. ) ;
#2286 = ORIENTED_EDGE ( 'NONE', *, *, #49, .T. ) ;
#2287 = DIRECTION ( 'NONE',  ( 0.0000000000000000000, 0.0000000000000000000, 1.000000000000000000 ) ) ;
#2288 = UNCERTAINTY_MEASURE_WITH_UNIT (LENGTH_MEASURE( 1.000000000000000100E-005 ), #1594, 'distance_accuracy_value', 'NONE');
#2289 = DIRECTION ( 'NONE',  ( 0.0000000000000000000, 0.0000000000000000000, 1.000000000000000000 ) ) ;
#2290 = DIRECTION ( 'NONE',  ( 0.0000000000000000000, -0.0000000000000000000, 1.000000000000000000 ) ) ;
#2291 = DIRECTION ( 'NONE',  ( -0.0000000000000000000, -1.000000000000000000, -0.0000000000000000000 ) ) ;
#2292 = DIRECTION ( 'NONE',  ( 0.0000000000000000000, -1.000000000000000000, 0.0000000000000000000 ) ) ;
#2293 = DIRECTION ( 'NONE',  ( -0.7071067811865485700, 0.0000000000000000000, -0.7071067811865465700 ) ) ;
#2294 = EDGE_CURVE ( 'NONE', #2093, #1460, #2157, .T. ) ;
#2295 = LINE ( 'NONE', #1847, #789 ) ;
#2296 = CARTESIAN_POINT ( 'NONE',  ( -2.049999999999999800, 0.7900000000000000400, 0.7499999999999997800 ) ) ;
#2297 = CARTESIAN_POINT ( 'NONE',  ( 1.349999999999999900, 0.2000000000000000900, -0.6750000000000009300 ) ) ;
#2298 = ORIENTED_EDGE ( 'NONE', *, *, #702, .F. ) ;
#2299 = VECTOR ( 'NONE', #1863, 1000.000000000000000 ) ;
#2300 = MECHANICAL_DESIGN_GEOMETRIC_PRESENTATION_REPRESENTATION (  '', ( #368 ), #1245 ) ;
#2301 = DIRECTION ( 'NONE',  ( 1.000000000000000000, -0.0000000000000000000, 0.0000000000000000000 ) ) ;
#2302 = CARTESIAN_POINT ( 'NONE',  ( 2.049999999999999800, 0.2000000000000000100, 0.6000000000000007500 ) ) ;
#2303 = VECTOR ( 'NONE', #760, 1000.000000000000000 ) ;
#2304 = FILL_AREA_STYLE_COLOUR ( '', #1313 ) ;
#2305 = PLANE ( 'NONE',  #2333 ) ;
#2306 = EDGE_CURVE ( 'NONE', #2254, #788, #1940, .T. ) ;
#2307 = CIRCLE ( 'NONE', #1507, 0.1499999999999999700 ) ;
#2308 = DIRECTION ( 'NONE',  ( 0.7071067811865485700, 0.0000000000000000000, -0.7071067811865465700 ) ) ;
#2309 = VECTOR ( 'NONE', #1670, 1000.000000000000000 ) ;
#2310 = CARTESIAN_POINT ( 'NONE',  ( -2.049999999999999800, 0.7900000000000000400, -0.6000000000000003100 ) ) ;
#2311 = CARTESIAN_POINT ( 'NONE',  ( 2.049999999999999800, 0.0000000000000000000, -0.6000000000000006400 ) ) ;
#2312 = FILL_AREA_STYLE_COLOUR ( '', #319 ) ;
#2313 = CIRCLE ( 'NONE', #1894, 0.1499999999999999700 ) ;
#2314 = CARTESIAN_POINT ( 'NONE',  ( 2.049999999999999800, 0.2000000000000000100, -0.6000000000000006400 ) ) ;
#2315 =( LENGTH_UNIT ( ) NAMED_UNIT ( * ) SI_UNIT ( .MILLI., .METRE. ) );
#2316 = ORIENTED_EDGE ( 'NONE', *, *, #1738, .F. ) ;
#2317 = EDGE_LOOP ( 'NONE', ( #2374, #943, #1537, #1488 ) ) ;
#2318 = ORIENTED_EDGE ( 'NONE', *, *, #624, .F. ) ;
#2319 = AXIS2_PLACEMENT_3D ( 'NONE', #537, #1258, #1822 ) ;
#2320 = ORIENTED_EDGE ( 'NONE', *, *, #2340, .T. ) ;
#2321 = ORIENTED_EDGE ( 'NONE', *, *, #1200, .F. ) ;
#2322 = CARTESIAN_POINT ( 'NONE',  ( -1.899999999999999700, 0.7900000000000000400, 0.7499999999999997800 ) ) ;
#2323 = ORIENTED_EDGE ( 'NONE', *, *, #959, .F. ) ;
#2324 = PLANE ( 'NONE',  #1195 ) ;
#2325 = VERTEX_POINT ( 'NONE', #1725 ) ;
#2326 = EDGE_CURVE ( 'NONE', #1126, #751, #771, .T. ) ;
#2327 = DIRECTION ( 'NONE',  ( 0.0000000000000000000, -0.0000000000000000000, -1.000000000000000000 ) ) ;
#2328 = DIRECTION ( 'NONE',  ( 0.0000000000000000000, 0.0000000000000000000, -1.000000000000000000 ) ) ;
#2329 = CARTESIAN_POINT ( 'NONE',  ( 8.047349223364833000E-017, 0.2000000000000000100, 0.3800000000000000000 ) ) ;
#2330 = LINE ( 'NONE', #713, #105 ) ;
#2331 = VECTOR ( 'NONE', #2184, 1000.000000000000000 ) ;
#2332 = FACE_OUTER_BOUND ( 'NONE', #1106, .T. ) ;
#2333 = AXIS2_PLACEMENT_3D ( 'NONE', #26, #2284, #227 ) ;
#2334 = CARTESIAN_POINT ( 'NONE',  ( 1.899999999999999700, 1.855294535724685900, -0.7500000000000006700 ) ) ;
#2335 =( GEOMETRIC_REPRESENTATION_CONTEXT ( 3 ) GLOBAL_UNCERTAINTY_ASSIGNED_CONTEXT ( ( #284 ) ) GLOBAL_UNIT_ASSIGNED_CONTEXT ( ( #59, #1165, #40 ) ) REPRESENTATION_CONTEXT ( 'NONE', 'WORKASPACE' ) );
#2336 = VECTOR ( 'NONE', #864, 1000.000000000000000 ) ;
#2337 = EDGE_CURVE ( 'NONE', #215, #306, #1624, .T. ) ;
#2338 = CARTESIAN_POINT ( 'NONE',  ( 1.824999999999999500, 0.8999999999999998000, 0.6749999999999994900 ) ) ;
#2339 = VECTOR ( 'NONE', #2410, 1000.000000000000000 ) ;
#2340 = EDGE_CURVE ( 'NONE', #1680, #417, #385, .T. ) ;
#2341 = VECTOR ( 'NONE', #499, 1000.000000000000000 ) ;
#2342 = PLANE ( 'NONE',  #257 ) ;
#2343 = CARTESIAN_POINT ( 'NONE',  ( -2.049999999999999800, 0.2000000000000000100, 0.7500000000000006700 ) ) ;
#2344 = VECTOR ( 'NONE', #1568, 1000.000000000000000 ) ;
#2345 = ORIENTED_EDGE ( 'NONE', *, *, #115, .T. ) ;
#2346 = DIRECTION ( 'NONE',  ( 0.0000000000000000000, -1.000000000000000000, 0.0000000000000000000 ) ) ;
#2347 = CARTESIAN_POINT ( 'NONE',  ( -1.824999999999999700, -0.0000000000000000000, -0.6750000000000009300 ) ) ;
#2348 = ORIENTED_EDGE ( 'NONE', *, *, #540, .F. ) ;
#2349 = ORIENTED_EDGE ( 'NONE', *, *, #1544, .F. ) ;
#2350 = ORIENTED_EDGE ( 'NONE', *, *, #2071, .F. ) ;
#2351 = DIRECTION ( 'NONE',  ( 0.0000000000000000000, -1.000000000000000000, 0.0000000000000000000 ) ) ;
#2352 = EDGE_LOOP ( 'NONE', ( #1602, #2298, #4, #1412 ) ) ;
#2353 = DIRECTION ( 'NONE',  ( -1.000000000000000000, 0.0000000000000000000, 0.0000000000000000000 ) ) ;
#2354 = CARTESIAN_POINT ( 'NONE',  ( 1.349999999999999900, 0.0000000000000000000, 0.6750000000000007100 ) ) ;
#2355 = ORIENTED_EDGE ( 'NONE', *, *, #481, .F. ) ;
#2356 = AXIS2_PLACEMENT_3D ( 'NONE', #623, #24, #435 ) ;
#2357 = PRODUCT_DEFINITION_SHAPE ( 'NONE', 'NONE',  #561 ) ;
#2358 = EDGE_LOOP ( 'NONE', ( #2042, #1238, #1659, #1979 ) ) ;
#2359 = DIRECTION ( 'NONE',  ( 0.0000000000000000000, 0.0000000000000000000, -1.000000000000000000 ) ) ;
#2360 = EDGE_CURVE ( 'NONE', #1414, #1604, #1205, .T. ) ;
#2361 = CARTESIAN_POINT ( 'NONE',  ( 1.349999999999999900, 0.0000000000000000000, 0.6750000000000007100 ) ) ;
#2362 = SURFACE_SIDE_STYLE ('',( #1464 ) ) ;
#2363 = CIRCLE ( 'NONE', #1225, 0.1500000000000000800 ) ;
#2364 = CARTESIAN_POINT ( 'NONE',  ( 1.974999999999999900, 0.2000000000000000100, -0.5250000000000008000 ) ) ;
#2365 = CARTESIAN_POINT ( 'NONE',  ( 1.824999999999999500, 0.8000000000000000400, 0.6749999999999994900 ) ) ;
#2366 = CIRCLE ( 'NONE', #77, 0.1499999999999999700 ) ;
#2367 = CIRCLE ( 'NONE', #410, 0.1499999999999999900 ) ;
#2368 = PLANE ( 'NONE',  #469 ) ;
#2369 = LINE ( 'NONE', #1381, #1861 ) ;
#2370 = EDGE_CURVE ( 'NONE', #1658, #246, #1150, .T. ) ;
#2371 = CARTESIAN_POINT ( 'NONE',  ( -1.899999999999999700, 0.7900000000000000400, -0.7500000000000002200 ) ) ;
#2372 = VECTOR ( 'NONE', #1603, 1000.000000000000000 ) ;
#2373 = CARTESIAN_POINT ( 'NONE',  ( -1.824999999999999700, 0.0000000000000000000, 0.6750000000000009300 ) ) ;
#2374 = ORIENTED_EDGE ( 'NONE', *, *, #115, .F. ) ;
#2375 = CARTESIAN_POINT ( 'NONE',  ( 2.049999999999999800, 0.7900000000000000400, 0.7499999999999993300 ) ) ;
#2376 = ORIENTED_EDGE ( 'NONE', *, *, #1634, .F. ) ;
#2377 = VERTEX_POINT ( 'NONE', #1548 ) ;
#2378 = VERTEX_POINT ( 'NONE', #1925 ) ;
#2379 = ORIENTED_EDGE ( 'NONE', *, *, #507, .F. ) ;
#2380 = EDGE_CURVE ( 'NONE', #288, #703, #625, .T. ) ;
#2381 = ORIENTED_EDGE ( 'NONE', *, *, #150, .F. ) ;
#2382 = CARTESIAN_POINT ( 'NONE',  ( 1.824999999999999700, 1.855294535724685900, 0.6750000000000009300 ) ) ;
#2383 = VERTEX_POINT ( 'NONE', #1183 ) ;
#2384 = ADVANCED_FACE ( 'NONE', ( #748 ), #567, .F. ) ;
#2385 = DIRECTION ( 'NONE',  ( 0.0000000000000000000, -1.000000000000000000, 0.0000000000000000000 ) ) ;
#2386 = DIRECTION ( 'NONE',  ( 0.0000000000000000000, 0.0000000000000000000, 1.000000000000000000 ) ) ;
#2387 = AXIS2_PLACEMENT_3D ( 'NONE', #1143, #580, #2100 ) ;
#2388 = EDGE_CURVE ( 'NONE', #1319, #1151, #1440, .T. ) ;
#2389 = DIRECTION ( 'NONE',  ( 0.0000000000000000000, 0.0000000000000000000, -1.000000000000000000 ) ) ;
#2390 = EDGE_CURVE ( 'NONE', #186, #2383, #384, .T. ) ;
#2391 = LINE ( 'NONE', #1854, #2299 ) ;
#2392 = CARTESIAN_POINT ( 'NONE',  ( 2.049999999999999800, 0.8000000000000000400, 0.5999999999999994200 ) ) ;
#2393 = DIRECTION ( 'NONE',  ( 0.0000000000000000000, 0.0000000000000000000, -1.000000000000000000 ) ) ;
#2394 = VECTOR ( 'NONE', #1749, 999.9999999999998900 ) ;
#2395 = LINE ( 'NONE', #1483, #1368 ) ;
#2396 = EDGE_LOOP ( 'NONE', ( #729, #285, #219, #610 ) ) ;
#2397 = LINE ( 'NONE', #1332, #741 ) ;
#2398 = ADVANCED_FACE ( 'NONE', ( #622 ), #2060, .F. ) ;
#2399 = CYLINDRICAL_SURFACE ( 'NONE', #280, 0.1500000000000000800 ) ;
#2400 = AXIS2_PLACEMENT_3D ( 'NONE', #1207, #816, #1005 ) ;
#2401 = CYLINDRICAL_SURFACE ( 'NONE', #1365, 0.1500000000000000800 ) ;
#2402 = DIRECTION ( 'NONE',  ( 0.7071067811865486800, 0.0000000000000000000, 0.7071067811865464600 ) ) ;
#2403 = PLANE ( 'NONE',  #862 ) ;
#2404 = EDGE_CURVE ( 'NONE', #1750, #1414, #1203, .T. ) ;
#2405 = CARTESIAN_POINT ( 'NONE',  ( 8.047349223364833000E-017, 0.2000000000000000900, 0.3800000000000000000 ) ) ;
#2406 = ADVANCED_FACE ( 'NONE', ( #2275 ), #604, .T. ) ;
#2407 = LINE ( 'NONE', #1793, #1095 ) ;
#2408 = ORIENTED_EDGE ( 'NONE', *, *, #1015, .T. ) ;
#2409 = CLOSED_SHELL ( 'NONE', ( #1227, #107, #1637, #582 ) ) ;
#2410 = DIRECTION ( 'NONE',  ( -0.0000000000000000000, 1.000000000000000000, -0.0000000000000000000 ) ) ;
#2411 = EDGE_LOOP ( 'NONE', ( #927, #901, #2065, #63 ) ) ;
#2412 = ORIENTED_EDGE ( 'NONE', *, *, #1742, .F. ) ;
#2413 = EDGE_LOOP ( 'NONE', ( #775, #2212, #2349, #701 ) ) ;
#2414 = EDGE_LOOP ( 'NONE', ( #1752, #1948 ) ) ;
#2415 = DIRECTION ( 'NONE',  ( 1.000000000000000000, 0.0000000000000000000, -0.0000000000000000000 ) ) ;
#2416 = EDGE_LOOP ( 'NONE', ( #1037, #986 ) ) ;
#2417 = CARTESIAN_POINT ( 'NONE',  ( 1.899999999999999700, 0.2000000000000000900, -0.7500000000000006700 ) ) ;
#2418 = CARTESIAN_POINT ( 'NONE',  ( 1.824999999999999700, 1.855294535724685900, 0.6750000000000009300 ) ) ;
#2419 = CARTESIAN_POINT ( 'NONE',  ( 1.899999999999999700, 0.8000000000000000400, 0.7499999999999993300 ) ) ;
#2420 = ADVANCED_FACE ( 'NONE', ( #2253 ), #22, .F. ) ;
#2421 = EDGE_CURVE ( 'NONE', #1153, #2099, #1832, .T. ) ;
#2422 = VERTEX_POINT ( 'NONE', #2297 ) ;
#2423 = VERTEX_POINT ( 'NONE', #1934 ) ;
#2424 = VECTOR ( 'NONE', #2251, 1000.000000000000000 ) ;
#2425 = DIRECTION ( 'NONE',  ( -0.7071067811865485700, -0.0000000000000000000, -0.7071067811865465700 ) ) ;
#2426 = COLOUR_RGB ( '',0.9686274509803921600, 0.8784313725490196000, 0.5999999999999999800 ) ;
#2427 = CARTESIAN_POINT ( 'NONE',  ( 1.349999999999999900, 0.2000000000000000900, -0.6750000000000007100 ) ) ;
#2428 = FACE_OUTER_BOUND ( 'NONE', #1778, .T. ) ;
#2429 = EDGE_CURVE ( 'NONE', #1071, #1074, #2313, .T. ) ;
#2430 = ADVANCED_FACE ( 'NONE', ( #1555 ), #2106, .F. ) ;
#2431 = LINE ( 'NONE', #1772, #239 ) ;
#2432 = DIRECTION ( 'NONE',  ( 0.0000000000000000000, -1.000000000000000000, 0.0000000000000000000 ) ) ;
#2433 = ORIENTED_EDGE ( 'NONE', *, *, #1149, .F. ) ;
#2434 = EDGE_CURVE ( 'NONE', #2263, #141, #2126, .T. ) ;
#2435 = DIRECTION ( 'NONE',  ( -0.7071067811865485700, 0.0000000000000000000, 0.7071067811865465700 ) ) ;
#2436 = VERTEX_POINT ( 'NONE', #1522 ) ;
#2437 = EDGE_LOOP ( 'NONE', ( #1272, #32, #1301, #1349, #772, #752 ) ) ;
#2438 = VERTEX_POINT ( 'NONE', #620 ) ;
#2439 = CARTESIAN_POINT ( 'NONE',  ( 1.824999999999999700, 0.8000000000000000400, -0.6750000000000007100 ) ) ;
#2440 = EDGE_LOOP ( 'NONE', ( #1297, #1157, #1561, #2016 ) ) ;
#2441 = CARTESIAN_POINT ( 'NONE',  ( -1.824999999999999700, 1.855294535724685900, 0.6750000000000009300 ) ) ;
#2442 = EDGE_LOOP ( 'NONE', ( #833, #525, #635, #1559 ) ) ;
#2443 = EDGE_LOOP ( 'NONE', ( #1985, #1641 ) ) ;
#2444 = CARTESIAN_POINT ( 'NONE',  ( -1.824999999999999700, -0.0000000000000000000, -0.6750000000000009300 ) ) ;
#2445 = PLANE ( 'NONE',  #1806 ) ;
#2446 = LINE ( 'NONE', #1817, #735 ) ;
#2447 = EDGE_CURVE ( 'NONE', #2325, #731, #1001, .T. ) ;
#2448 = FACE_OUTER_BOUND ( 'NONE', #774, .T. ) ;
#2449 = LINE ( 'NONE', #1960, #1339 ) ;
#2450 = CIRCLE ( 'NONE', #2400, 0.1499999999999999700 ) ;
#2451 = LINE ( 'NONE', #1914, #717 ) ;
#2452 = STYLED_ITEM ( 'NONE', ( #1672 ), #973 ) ;
#2453 = LINE ( 'NONE', #1621, #1471 ) ;
#2454 = AXIS2_PLACEMENT_3D ( 'NONE', #2200, #1630, #2393 ) ;
#2455 = EDGE_CURVE ( 'NONE', #155, #1154, #692, .T. ) ;
#2456 = ORIENTED_EDGE ( 'NONE', *, *, #742, .T. ) ;
#2457 = ORIENTED_EDGE ( 'NONE', *, *, #481, .T. ) ;
ENDSEC;
END-ISO-10303-21;
