ISO-10303-21;
HEADER;
FILE_DESCRIPTION (( 'STEP AP214' ),
    '1' );
FILE_NAME ('XTAL_3215-2P.STEP',
    '2025-11-06T08:58:15',
    ( '' ),
    ( '' ),
    'SwSTEP 2.0',
    'SolidWorks 2021',
    '' );
FILE_SCHEMA (( 'AUTOMOTIVE_DESIGN' ));
ENDSEC;

DATA;
#1 = AXIS2_PLACEMENT_3D ( 'NONE', #1241, #3011, #2297 ) ;
#2 = CARTESIAN_POINT ( 'NONE',  ( 1.049999999999999822, -2.146981187374194189, 0.5250000000000001332 ) ) ;
#3 = AXIS2_PLACEMENT_3D ( 'NONE', #436, #923, #715 ) ;
#4 = LINE ( 'NONE', #1202, #2411 ) ;
#5 = AXIS2_PLACEMENT_3D ( 'NONE', #3010, #1039, #1773 ) ;
#6 = AXIS2_PLACEMENT_3D ( 'NONE', #1699, #2694, #913 ) ;
#7 = ORIENTED_EDGE ( 'NONE', *, *, #1668, .F. ) ;
#8 = ORIENTED_EDGE ( 'NONE', *, *, #1721, .F. ) ;
#9 = FACE_OUTER_BOUND ( 'NONE', #1108, .T. ) ;
#10 = FACE_OUTER_BOUND ( 'NONE', #1864, .T. ) ;
#11 = ADVANCED_FACE ( 'NONE', ( #2601 ), #105, .T. ) ;
#12 = EDGE_CURVE ( 'NONE', #318, #1839, #1572, .T. ) ;
#13 = ORIENTED_EDGE ( 'NONE', *, *, #275, .F. ) ;
#14 = DIRECTION ( 'NONE',  ( 0.000000000000000000, 1.000000000000000000, -0.000000000000000000 ) ) ;
#15 = EDGE_LOOP ( 'NONE', ( #1394, #1684, #2549, #712 ) ) ;
#16 = DIRECTION ( 'NONE',  ( 1.000000000000000000, 0.000000000000000000, 0.000000000000000000 ) ) ;
#17 = EDGE_CURVE ( 'NONE', #2536, #1017, #1352, .T. ) ;
#18 = ORIENTED_EDGE ( 'NONE', *, *, #1586, .T. ) ;
#19 = ORIENTED_EDGE ( 'NONE', *, *, #3076, .T. ) ;
#20 = ADVANCED_FACE ( 'NONE', ( #2373 ), #1852, .F. ) ;
#21 = VECTOR ( 'NONE', #3071, 1000.000000000000000 ) ;
#22 =( LENGTH_UNIT ( ) NAMED_UNIT ( * ) SI_UNIT ( .MILLI., .METRE. ) );
#23 = LINE ( 'NONE', #728, #2337 ) ;
#24 = LINE ( 'NONE', #280, #975 ) ;
#25 = ORIENTED_EDGE ( 'NONE', *, *, #1751, .T. ) ;
#26 = AXIS2_PLACEMENT_3D ( 'NONE', #1672, #1193, #661 ) ;
#27 = PLANE ( 'NONE',  #415 ) ;
#28 =( GEOMETRIC_REPRESENTATION_CONTEXT ( 3 ) GLOBAL_UNCERTAINTY_ASSIGNED_CONTEXT ( ( #1077 ) ) GLOBAL_UNIT_ASSIGNED_CONTEXT ( ( #2031, #313, #1298 ) ) REPRESENTATION_CONTEXT ( 'NONE', 'WORKASPACE' ) );
#29 = DIRECTION ( 'NONE',  ( 0.000000000000000000, 0.000000000000000000, -1.000000000000000000 ) ) ;
#30 = VERTEX_POINT ( 'NONE', #1305 ) ;
#31 = DIRECTION ( 'NONE',  ( 0.7071067811865450192, 0.000000000000000000, 0.7071067811865500152 ) ) ;
#32 = VERTEX_POINT ( 'NONE', #553 ) ;
#33 = ORIENTED_EDGE ( 'NONE', *, *, #2522, .T. ) ;
#34 = EDGE_CURVE ( 'NONE', #250, #141, #1063, .T. ) ;
#35 = DIRECTION ( 'NONE',  ( 2.060216942011663975E-16, -0.000000000000000000, 1.000000000000000000 ) ) ;
#36 = DIRECTION ( 'NONE',  ( 0.000000000000000000, 0.000000000000000000, -1.000000000000000000 ) ) ;
#37 = CARTESIAN_POINT ( 'NONE',  ( -1.499999999999997780, 0.2999999999999999889, -0.5262563132923540055 ) ) ;
#38 = ORIENTED_EDGE ( 'NONE', *, *, #2644, .T. ) ;
#39 = ORIENTED_EDGE ( 'NONE', *, *, #206, .F. ) ;
#40 = AXIS2_PLACEMENT_3D ( 'NONE', #347, #1875, #131 ) ;
#41 = ORIENTED_EDGE ( 'NONE', *, *, #1867, .F. ) ;
#42 = AXIS2_PLACEMENT_3D ( 'NONE', #1385, #607, #864 ) ;
#43 = PLANE ( 'NONE',  #416 ) ;
#44 = CARTESIAN_POINT ( 'NONE',  ( 1.349999999999999645, 0.7499999999999997780, -0.2250000000000001443 ) ) ;
#45 = FACE_OUTER_BOUND ( 'NONE', #1300, .T. ) ;
#46 = VECTOR ( 'NONE', #1246, 1000.000000000000000 ) ;
#47 = STYLED_ITEM ( 'NONE', ( #1501 ), #1451 ) ;
#48 = CARTESIAN_POINT ( 'NONE',  ( 1.049999999999999822, 0.9000000000000000222, 0.5250000000000001332 ) ) ;
#49 = EDGE_LOOP ( 'NONE', ( #367, #705, #1846, #3013, #1405, #2224, #2229, #770, #174, #2639, #1966 ) ) ;
#50 = CARTESIAN_POINT ( 'NONE',  ( 1.451977851945612796, 0.2999999999999999889, 0.7257215386532593904 ) ) ;
#51 = ADVANCED_FACE ( 'NONE', ( #319 ), #2115, .T. ) ;
#52 = VERTEX_POINT ( 'NONE', #2584 ) ;
#53 = ADVANCED_FACE ( 'NONE', ( #123 ), #814, .F. ) ;
#54 = DIRECTION ( 'NONE',  ( 0.7071067811865521247, -0.000000000000000000, -0.7071067811865430208 ) ) ;
#55 = ADVANCED_FACE ( 'NONE', ( #1818 ), #1127, .T. ) ;
#56 = ORIENTED_EDGE ( 'NONE', *, *, #989, .T. ) ;
#57 = DIRECTION ( 'NONE',  ( -0.7071067811865431318, 0.000000000000000000, -0.7071067811865520136 ) ) ;
#58 = VECTOR ( 'NONE', #3118, 1000.000000000000000 ) ;
#59 = CARTESIAN_POINT ( 'NONE',  ( -1.376256313292352429, 0.000000000000000000, -0.6500000000000001332 ) ) ;
#60 = FACE_OUTER_BOUND ( 'NONE', #3124, .T. ) ;
#61 = DIRECTION ( 'NONE',  ( -0.000000000000000000, -0.000000000000000000, 1.000000000000000000 ) ) ;
#62 = CARTESIAN_POINT ( 'NONE',  ( 0.8499999999999992006, 0.000000000000000000, -0.6500000000000001332 ) ) ;
#63 = ORIENTED_EDGE ( 'NONE', *, *, #1628, .F. ) ;
#64 = CIRCLE ( 'NONE', #2323, 0.2999999999999999889 ) ;
#65 = DIRECTION ( 'NONE',  ( 0.000000000000000000, 0.000000000000000000, -1.000000000000000000 ) ) ;
#66 = AXIS2_PLACEMENT_3D ( 'NONE', #1755, #2730, #1996 ) ;
#67 = ORIENTED_EDGE ( 'NONE', *, *, #3083, .T. ) ;
#68 = DIRECTION ( 'NONE',  ( -0.000000000000000000, -1.000000000000000000, -0.000000000000000000 ) ) ;
#69 = DIRECTION ( 'NONE',  ( 0.000000000000000000, -0.000000000000000000, 1.000000000000000000 ) ) ;
#70 = AXIS2_PLACEMENT_3D ( 'NONE', #1868, #613, #3121 ) ;
#71 = ADVANCED_FACE ( 'NONE', ( #828 ), #1805, .T. ) ;
#72 = VERTEX_POINT ( 'NONE', #1626 ) ;
#73 = ORIENTED_EDGE ( 'NONE', *, *, #3137, .T. ) ;
#74 = DIRECTION ( 'NONE',  ( 0.000000000000000000, 0.000000000000000000, -1.000000000000000000 ) ) ;
#75 = DIRECTION ( 'NONE',  ( 0.000000000000000000, 1.000000000000000000, 0.000000000000000000 ) ) ;
#76 = CARTESIAN_POINT ( 'NONE',  ( -1.449999999999999734, 0.7500000000000000000, -0.7499999999999996669 ) ) ;
#77 = ADVANCED_FACE ( 'NONE', ( #567 ), #1318, .F. ) ;
#78 = CARTESIAN_POINT ( 'NONE',  ( 1.599999999999999645, 0.2999999999999999889, -0.7499999999999996669 ) ) ;
#79 = CIRCLE ( 'NONE', #1516, 0.2999999999999999334 ) ;
#80 = DIRECTION ( 'NONE',  ( -0.000000000000000000, -1.000000000000000000, -0.000000000000000000 ) ) ;
#81 = VERTEX_POINT ( 'NONE', #600 ) ;
#82 = VECTOR ( 'NONE', #1249, 1000.000000000000000 ) ;
#83 = DIRECTION ( 'NONE',  ( 0.7071067811865500152, 0.000000000000000000, -0.7071067811865450192 ) ) ;
#84 = ORIENTED_EDGE ( 'NONE', *, *, #1811, .F. ) ;
#85 = DIRECTION ( 'NONE',  ( -1.000000000000000000, 0.000000000000000000, 2.060216942011663975E-16 ) ) ;
#86 = LINE ( 'NONE', #1097, #420 ) ;
#87 = EDGE_CURVE ( 'NONE', #977, #688, #2081, .T. ) ;
#88 = VERTEX_POINT ( 'NONE', #2340 ) ;
#89 = ORIENTED_EDGE ( 'NONE', *, *, #2182, .F. ) ;
#90 = DIRECTION ( 'NONE',  ( 0.000000000000000000, 0.000000000000000000, 1.000000000000000000 ) ) ;
#91 = AXIS2_PLACEMENT_3D ( 'NONE', #2333, #3115, #349 ) ;
#93 = CLOSED_SHELL ( 'NONE', ( #2066, #2221, #2430, #193, #672, #1679, #709, #2431, #1136, #1365, #1774, #1384, #2803, #3129, #1863, #449, #3117, #1608, #399, #1168, #1731, #2926, #1591, #115, #794, #2572, #523, #2491, #20, #771, #2159 ) ) ;
#92 = MECHANICAL_DESIGN_GEOMETRIC_PRESENTATION_REPRESENTATION (  '', ( #681 ), #2351 ) ;
#94 = DIRECTION ( 'NONE',  ( -0.000000000000000000, -1.000000000000000000, -0.000000000000000000 ) ) ;
#95 = EDGE_CURVE ( 'NONE', #1555, #2707, #86, .T. ) ;
#96 = DIRECTION ( 'NONE',  ( 0.000000000000000000, 1.000000000000000000, 0.000000000000000000 ) ) ;
#97 = EDGE_CURVE ( 'NONE', #1244, #3078, #857, .T. ) ;
#98 = DIRECTION ( 'NONE',  ( 0.000000000000000000, 0.000000000000000000, -1.000000000000000000 ) ) ;
#99 = LINE ( 'NONE', #2366, #2463 ) ;
#100 = AXIS2_PLACEMENT_3D ( 'NONE', #1578, #2837, #587 ) ;
#101 = ORIENTED_EDGE ( 'NONE', *, *, #1824, .F. ) ;
#102 = DIRECTION ( 'NONE',  ( 0.000000000000000000, 1.000000000000000000, 0.000000000000000000 ) ) ;
#103 = ORIENTED_EDGE ( 'NONE', *, *, #1135, .T. ) ;
#104 = CARTESIAN_POINT ( 'NONE',  ( 1.049999999999999822, 0.8325000000000000178, -0.2250000000000000888 ) ) ;
#105 = PLANE ( 'NONE',  #2990 ) ;
#106 = VECTOR ( 'NONE', #973, 1000.000000000000000 ) ;
#107 = EDGE_LOOP ( 'NONE', ( #1291, #1992, #2512, #673 ) ) ;
#108 = VERTEX_POINT ( 'NONE', #3158 ) ;
#109 = CARTESIAN_POINT ( 'NONE',  ( -1.049999999999999822, 0.7500000000000000000, -0.5750000000000000666 ) ) ;
#110 = ADVANCED_FACE ( 'NONE', ( #650 ), #1998, .F. ) ;
#111 = DIRECTION ( 'NONE',  ( -0.000000000000000000, -1.000000000000000000, -0.000000000000000000 ) ) ;
#112 = EDGE_CURVE ( 'NONE', #318, #3162, #1681, .T. ) ;
#113 = DIRECTION ( 'NONE',  ( -1.000000000000000000, 0.000000000000000000, -5.421010862427525128E-16 ) ) ;
#114 = CARTESIAN_POINT ( 'NONE',  ( -1.399999999999999467, 0.7500000000000000000, -0.2250000000000002831 ) ) ;
#115 = ADVANCED_FACE ( 'NONE', ( #2653 ), #1449, .F. ) ;
#116 = VECTOR ( 'NONE', #152, 1000.000000000000000 ) ;
#117 = CARTESIAN_POINT ( 'NONE',  ( -1.376256313292352651, 0.2999999999999999889, 0.6500000000000001332 ) ) ;
#118 = DIRECTION ( 'NONE',  ( 0.000000000000000000, -0.000000000000000000, 1.000000000000000000 ) ) ;
#119 = ORIENTED_EDGE ( 'NONE', *, *, #1036, .F. ) ;
#120 = CARTESIAN_POINT ( 'NONE',  ( 1.049999999999999822, 0.8325000000000000178, -0.5749999999999999556 ) ) ;
#121 = VERTEX_POINT ( 'NONE', #444 ) ;
#122 = PLANE ( 'NONE',  #3081 ) ;
#123 = FACE_OUTER_BOUND ( 'NONE', #2511, .T. ) ;
#124 = COLOUR_RGB ( '',0.7921568627450980005, 0.8196078431372548767, 0.9333333333333333481 ) ;
#125 = ORIENTED_EDGE ( 'NONE', *, *, #2839, .T. ) ;
#126 = VERTEX_POINT ( 'NONE', #1955 ) ;
#127 = CARTESIAN_POINT ( 'NONE',  ( 1.600000000000000533, 0.7500000000000000000, -0.6000000000000000888 ) ) ;
#128 = DIRECTION ( 'NONE',  ( 0.000000000000000000, -1.000000000000000000, 0.000000000000000000 ) ) ;
#129 = EDGE_CURVE ( 'NONE', #2274, #1339, #2265, .T. ) ;
#130 = CARTESIAN_POINT ( 'NONE',  ( -1.049999999999999822, 0.8325000000000000178, -0.5750000000000000666 ) ) ;
#131 = DIRECTION ( 'NONE',  ( 0.000000000000000000, 0.000000000000000000, -1.000000000000000000 ) ) ;
#132 = FACE_OUTER_BOUND ( 'NONE', #1536, .T. ) ;
#133 = FILL_AREA_STYLE_COLOUR ( '', #1653 ) ;
#134 = VERTEX_POINT ( 'NONE', #3178 ) ;
#135 = DIRECTION ( 'NONE',  ( 0.000000000000000000, -1.000000000000000000, -0.000000000000000000 ) ) ;
#136 = ORIENTED_EDGE ( 'NONE', *, *, #258, .F. ) ;
#137 = CARTESIAN_POINT ( 'NONE',  ( -1.049999999999999822, 0.7499999999999997780, -0.5250000000000000222 ) ) ;
#138 = LINE ( 'NONE', #2674, #2727 ) ;
#139 = EDGE_LOOP ( 'NONE', ( #2151, #3116, #2102, #2878 ) ) ;
#140 = ORIENTED_EDGE ( 'NONE', *, *, #3107, .T. ) ;
#141 = VERTEX_POINT ( 'NONE', #2920 ) ;
#142 = DIRECTION ( 'NONE',  ( 0.000000000000000000, 0.000000000000000000, -1.000000000000000000 ) ) ;
#143 = PLANE ( 'NONE',  #805 ) ;
#144 = AXIS2_PLACEMENT_3D ( 'NONE', #2327, #2557, #1284 ) ;
#145 = LINE ( 'NONE', #3149, #930 ) ;
#146 = VECTOR ( 'NONE', #2123, 1000.000000000000000 ) ;
#147 = CARTESIAN_POINT ( 'NONE',  ( -0.8499999999999994227, 0.000000000000000000, 0.6500000000000000222 ) ) ;
#148 = LINE ( 'NONE', #1155, #803 ) ;
#149 = AXIS2_PLACEMENT_3D ( 'NONE', #2814, #2805, #2834 ) ;
#150 = CARTESIAN_POINT ( 'NONE',  ( -0.8499999999999994227, 0.2999999999999999889, 0.4500000000000007883 ) ) ;
#151 = ORIENTED_EDGE ( 'NONE', *, *, #2542, .T. ) ;
#152 = DIRECTION ( 'NONE',  ( 0.000000000000000000, -1.000000000000000000, 0.000000000000000000 ) ) ;
#153 = ORIENTED_EDGE ( 'NONE', *, *, #206, .T. ) ;
#154 = FACE_OUTER_BOUND ( 'NONE', #1898, .T. ) ;
#155 = LINE ( 'NONE', #2167, #3039 ) ;
#156 = AXIS2_PLACEMENT_3D ( 'NONE', #2462, #1265, #445 ) ;
#157 = EDGE_CURVE ( 'NONE', #586, #1251, #782, .T. ) ;
#158 = ORIENTED_EDGE ( 'NONE', *, *, #2008, .T. ) ;
#159 = VERTEX_POINT ( 'NONE', #2903 ) ;
#160 = EDGE_CURVE ( 'NONE', #408, #1587, #2634, .T. ) ;
#161 = FACE_OUTER_BOUND ( 'NONE', #1459, .T. ) ;
#162 = PLANE ( 'NONE',  #2490 ) ;
#163 = DIRECTION ( 'NONE',  ( 0.000000000000000000, -0.000000000000000000, 1.000000000000000000 ) ) ;
#164 = DIRECTION ( 'NONE',  ( 0.000000000000000000, 0.000000000000000000, -1.000000000000000000 ) ) ;
#165 = LINE ( 'NONE', #1173, #1939 ) ;
#166 = ORIENTED_EDGE ( 'NONE', *, *, #2384, .F. ) ;
#167 = DIRECTION ( 'NONE',  ( 0.000000000000000000, 0.000000000000000000, -1.000000000000000000 ) ) ;
#168 = DIRECTION ( 'NONE',  ( 0.000000000000000000, -4.336808689942025625E-15, -1.000000000000000000 ) ) ;
#169 = ORIENTED_EDGE ( 'NONE', *, *, #1185, .F. ) ;
#170 = VECTOR ( 'NONE', #274, 1000.000000000000000 ) ;
#171 = CARTESIAN_POINT ( 'NONE',  ( 1.049999999999999822, 0.7500000000000000000, 0.5750000000000000666 ) ) ;
#172 = CARTESIAN_POINT ( 'NONE',  ( 1.451977851945612796, 0.2999999999999999889, 0.7257215386532593904 ) ) ;
#173 = VECTOR ( 'NONE', #412, 1000.000000000000000 ) ;
#174 = ORIENTED_EDGE ( 'NONE', *, *, #17, .F. ) ;
#175 = ORIENTED_EDGE ( 'NONE', *, *, #1575, .F. ) ;
#176 = EDGE_LOOP ( 'NONE', ( #2085, #1259, #1732, #119, #3057, #1065, #897, #2281 ) ) ;
#177 = DIRECTION ( 'NONE',  ( 1.000000000000000000, 0.000000000000000000, 0.000000000000000000 ) ) ;
#178 = CIRCLE ( 'NONE', #2851, 0.2999999999999999334 ) ;
#179 = VECTOR ( 'NONE', #424, 1000.000000000000000 ) ;
#180 = CARTESIAN_POINT ( 'NONE',  ( 1.499999999999997780, 0.2999999999999999889, 0.5262563132923543385 ) ) ;
#181 = CARTESIAN_POINT ( 'NONE',  ( 1.049999999999999822, 0.8325000000000000178, -0.5750000000000000666 ) ) ;
#182 = CARTESIAN_POINT ( 'NONE',  ( 1.376256313292352651, 0.000000000000000000, 0.6500000000000003553 ) ) ;
#183 = CARTESIAN_POINT ( 'NONE',  ( 1.399999999999999467, 0.8325000000000000178, 0.2250000000000001443 ) ) ;
#184 = PRESENTATION_STYLE_ASSIGNMENT (( #2125 ) ) ;
#185 = EDGE_LOOP ( 'NONE', ( #1838, #3200, #383, #1038 ) ) ;
#186 = CARTESIAN_POINT ( 'NONE',  ( -1.499999999999997780, 0.000000000000000000, 0.5262563132923540055 ) ) ;
#187 = DIRECTION ( 'NONE',  ( -0.000000000000000000, -0.000000000000000000, 1.000000000000000000 ) ) ;
#188 = VERTEX_POINT ( 'NONE', #1408 ) ;
#189 = DIRECTION ( 'NONE',  ( -1.000000000000000000, -0.000000000000000000, -0.000000000000000000 ) ) ;
#190 = FACE_OUTER_BOUND ( 'NONE', #936, .T. ) ;
#191 = DIRECTION ( 'NONE',  ( -0.000000000000000000, 1.000000000000000000, -0.000000000000000000 ) ) ;
#192 = AXIS2_PLACEMENT_3D ( 'NONE', #1997, #2248, #2977 ) ;
#193 = ADVANCED_FACE ( 'NONE', ( #210 ), #3142, .F. ) ;
#194 = ORIENTED_EDGE ( 'NONE', *, *, #891, .T. ) ;
#195 = ORIENTED_EDGE ( 'NONE', *, *, #1473, .F. ) ;
#196 = DIRECTION ( 'NONE',  ( 1.000000000000000000, -0.000000000000000000, -1.807003620809174878E-16 ) ) ;
#197 = PLANE ( 'NONE',  #517 ) ;
#198 = PLANE ( 'NONE',  #2778 ) ;
#199 = DIRECTION ( 'NONE',  ( 0.000000000000000000, -0.000000000000000000, 1.000000000000000000 ) ) ;
#200 = ADVANCED_FACE ( 'NONE', ( #190 ), #935, .T. ) ;
#201 = VECTOR ( 'NONE', #1287, 1000.000000000000000 ) ;
#202 = ORIENTED_EDGE ( 'NONE', *, *, #1738, .T. ) ;
#203 = DIRECTION ( 'NONE',  ( 0.000000000000000000, -0.000000000000000000, -1.000000000000000000 ) ) ;
#204 = CIRCLE ( 'NONE', #1209, 0.4484568433375759056 ) ;
#205 = VECTOR ( 'NONE', #2884, 1000.000000000000000 ) ;
#206 = EDGE_CURVE ( 'NONE', #429, #2672, #138, .T. ) ;
#207 = LINE ( 'NONE', #493, #333 ) ;
#208 = ORIENTED_EDGE ( 'NONE', *, *, #926, .F. ) ;
#209 = FACE_OUTER_BOUND ( 'NONE', #267, .T. ) ;
#210 = FACE_OUTER_BOUND ( 'NONE', #1413, .T. ) ;
#211 = DIRECTION ( 'NONE',  ( 0.000000000000000000, -1.000000000000000000, 0.000000000000000000 ) ) ;
#212 = CIRCLE ( 'NONE', #310, 0.1500000000000000777 ) ;
#213 = ORIENTED_EDGE ( 'NONE', *, *, #1285, .F. ) ;
#214 = ORIENTED_EDGE ( 'NONE', *, *, #637, .F. ) ;
#215 = CARTESIAN_POINT ( 'NONE',  ( 1.349999999999999645, 0.7499999999999997780, -0.2250000000000001721 ) ) ;
#216 = EDGE_CURVE ( 'NONE', #1622, #159, #155, .T. ) ;
#217 = EDGE_CURVE ( 'NONE', #999, #1881, #1714, .T. ) ;
#218 = DIRECTION ( 'NONE',  ( 0.000000000000000000, 1.000000000000000000, 0.000000000000000000 ) ) ;
#219 = LINE ( 'NONE', #1722, #827 ) ;
#220 = EDGE_CURVE ( 'NONE', #570, #2026, #2955, .T. ) ;
#221 =( LENGTH_UNIT ( ) NAMED_UNIT ( * ) SI_UNIT ( .MILLI., .METRE. ) );
#222 = VERTEX_POINT ( 'NONE', #1218 ) ;
#223 = EDGE_CURVE ( 'NONE', #126, #767, #690, .T. ) ;
#224 = CARTESIAN_POINT ( 'NONE',  ( -1.499999999999997780, 0.2999999999999999889, 0.5262563132923540055 ) ) ;
#225 = FACE_OUTER_BOUND ( 'NONE', #1535, .T. ) ;
#226 = VERTEX_POINT ( 'NONE', #870 ) ;
#227 = FACE_OUTER_BOUND ( 'NONE', #2789, .T. ) ;
#228 = DIRECTION ( 'NONE',  ( 0.000000000000000000, 0.000000000000000000, 1.000000000000000000 ) ) ;
#229 = VECTOR ( 'NONE', #3206, 1000.000000000000000 ) ;
#230 = ORIENTED_EDGE ( 'NONE', *, *, #2815, .T. ) ;
#231 = VERTEX_POINT ( 'NONE', #1429 ) ;
#232 = EDGE_CURVE ( 'NONE', #429, #1701, #1900, .T. ) ;
#233 = LINE ( 'NONE', #2247, #1235 ) ;
#234 = VECTOR ( 'NONE', #2072, 1000.000000000000000 ) ;
#235 = EDGE_CURVE ( 'NONE', #598, #2035, #2424, .T. ) ;
#236 = STYLED_ITEM ( 'NONE', ( #184 ), #330 ) ;
#237 = PLANE ( 'NONE',  #1 ) ;
#238 = VECTOR ( 'NONE', #2489, 1000.000000000000114 ) ;
#239 = CARTESIAN_POINT ( 'NONE',  ( -1.498456843337575561, 0.7500000000000000000, 0.2250000000000000611 ) ) ;
#240 = CIRCLE ( 'NONE', #1771, 0.1500000000000000777 ) ;
#241 = VERTEX_POINT ( 'NONE', #1143 ) ;
#242 = AXIS2_PLACEMENT_3D ( 'NONE', #104, #405, #2372 ) ;
#243 = DIRECTION ( 'NONE',  ( 0.000000000000000000, -0.000000000000000000, -1.000000000000000000 ) ) ;
#244 = CARTESIAN_POINT ( 'NONE',  ( 0.8499999999999992006, 0.2999999999999999889, 0.6500000000000001332 ) ) ;
#245 = PRODUCT_DEFINITION_SHAPE ( 'NONE', 'NONE',  #2061 ) ;
#246 = ORIENTED_EDGE ( 'NONE', *, *, #873, .F. ) ;
#247 = FACE_OUTER_BOUND ( 'NONE', #2959, .T. ) ;
#248 =( NAMED_UNIT ( * ) PLANE_ANGLE_UNIT ( ) SI_UNIT ( $, .RADIAN. ) );
#249 = ORIENTED_EDGE ( 'NONE', *, *, #1229, .F. ) ;
#250 = VERTEX_POINT ( 'NONE', #2723 ) ;
#251 = CARTESIAN_POINT ( 'NONE',  ( 1.049999999999999822, 0.7499999999999997780, 0.5250000000000000222 ) ) ;
#252 = DIRECTION ( 'NONE',  ( 1.000000000000000000, 0.000000000000000000, 0.000000000000000000 ) ) ;
#253 = VECTOR ( 'NONE', #2331, 1000.000000000000114 ) ;
#254 = DIRECTION ( 'NONE',  ( 0.000000000000000000, 0.000000000000000000, 1.000000000000000000 ) ) ;
#255 = PLANE ( 'NONE',  #2752 ) ;
#256 = ORIENTED_EDGE ( 'NONE', *, *, #2995, .T. ) ;
#257 = DIRECTION ( 'NONE',  ( 0.000000000000000000, 1.000000000000000000, -0.000000000000000000 ) ) ;
#258 = EDGE_CURVE ( 'NONE', #2318, #526, #1741, .T. ) ;
#259 = DIRECTION ( 'NONE',  ( 1.000000000000000000, 0.000000000000000000, 1.807003620809174385E-16 ) ) ;
#260 = ORIENTED_EDGE ( 'NONE', *, *, #749, .F. ) ;
#261 = DIRECTION ( 'NONE',  ( 0.000000000000000000, 4.336808689942025625E-15, 1.000000000000000000 ) ) ;
#262 = VECTOR ( 'NONE', #164, 1000.000000000000000 ) ;
#263 = EDGE_CURVE ( 'NONE', #1221, #408, #723, .T. ) ;
#264 = DIRECTION ( 'NONE',  ( -1.000000000000000000, 0.000000000000000000, 0.000000000000000000 ) ) ;
#265 = AXIS2_PLACEMENT_3D ( 'NONE', #2181, #2933, #948 ) ;
#266 = ORIENTED_EDGE ( 'NONE', *, *, #275, .T. ) ;
#267 = EDGE_LOOP ( 'NONE', ( #3049, #38, #1835, #332 ) ) ;
#268 = SURFACE_SIDE_STYLE ('',( #2515 ) ) ;
#269 = CARTESIAN_POINT ( 'NONE',  ( -1.049999999999999822, 0.7499999999999997780, -0.5250000000000001332 ) ) ;
#270 = ORIENTED_EDGE ( 'NONE', *, *, #440, .F. ) ;
#271 = DIRECTION ( 'NONE',  ( 0.7071067811865520136, 0.000000000000000000, 0.7071067811865431318 ) ) ;
#272 = CARTESIAN_POINT ( 'NONE',  ( -1.599999999999999645, 0.7500000000000000000, -0.7499999999999996669 ) ) ;
#273 = EDGE_LOOP ( 'NONE', ( #1060, #2409, #1576, #1548 ) ) ;
#274 = DIRECTION ( 'NONE',  ( -0.000000000000000000, -1.000000000000000000, -0.000000000000000000 ) ) ;
#275 = EDGE_CURVE ( 'NONE', #1754, #1044, #887, .T. ) ;
#276 = ORIENTED_EDGE ( 'NONE', *, *, #1586, .F. ) ;
#277 = ORIENTED_EDGE ( 'NONE', *, *, #546, .T. ) ;
#278 = DIRECTION ( 'NONE',  ( -0.000000000000000000, 1.000000000000000000, -0.000000000000000000 ) ) ;
#279 = CARTESIAN_POINT ( 'NONE',  ( 1.399999999999999467, 0.7500000000000000000, 0.2250000000000001443 ) ) ;
#280 = CARTESIAN_POINT ( 'NONE',  ( 1.600000000000000533, 0.000000000000000000, 0.7499999999999998890 ) ) ;
#281 = PRESENTATION_LAYER_ASSIGNMENT (  '', '', ( #2850 ) ) ;
#282 = DIRECTION ( 'NONE',  ( 0.000000000000000000, 0.000000000000000000, -1.000000000000000000 ) ) ;
#283 = CARTESIAN_POINT ( 'NONE',  ( 0.8499999999999992006, 0.000000000000000000, 0.6500000000000001332 ) ) ;
#284 = VERTEX_POINT ( 'NONE', #2648 ) ;
#285 = CARTESIAN_POINT ( 'NONE',  ( 0.8499999999999992006, 0.000000000000000000, -0.6500000000000001332 ) ) ;
#286 = ORIENTED_EDGE ( 'NONE', *, *, #2708, .F. ) ;
#287 = ORIENTED_EDGE ( 'NONE', *, *, #2150, .F. ) ;
#288 = ORIENTED_EDGE ( 'NONE', *, *, #2775, .T. ) ;
#289 = CARTESIAN_POINT ( 'NONE',  ( 1.575721538653257925, 0.2999999999999999889, -0.6019778519456130406 ) ) ;
#290 = DIRECTION ( 'NONE',  ( -0.000000000000000000, -1.000000000000000000, -0.000000000000000000 ) ) ;
#291 = DIRECTION ( 'NONE',  ( 0.000000000000000000, -0.000000000000000000, -1.000000000000000000 ) ) ;
#292 = EDGE_CURVE ( 'NONE', #2777, #2116, #608, .T. ) ;
#293 = LINE ( 'NONE', #2303, #2607 ) ;
#294 = ADVANCED_FACE ( 'NONE', ( #1157 ), #2915, .T. ) ;
#295 = FACE_OUTER_BOUND ( 'NONE', #2679, .T. ) ;
#296 = ORIENTED_EDGE ( 'NONE', *, *, #2627, .F. ) ;
#297 = CARTESIAN_POINT ( 'NONE',  ( -0.8499999999999994227, 0.2999999999999999889, -0.6500000000000000222 ) ) ;
#298 = ADVANCED_FACE ( 'NONE', ( #1618 ), #421, .T. ) ;
#299 = EDGE_LOOP ( 'NONE', ( #2418, #898, #1148, #830 ) ) ;
#300 = CIRCLE ( 'NONE', #2721, 0.1500000000000000777 ) ;
#301 = TOROIDAL_SURFACE ( 'NONE', #482, 0.4484568433375758501, 0.1000000000000000472 ) ;
#302 = CARTESIAN_POINT ( 'NONE',  ( -1.049999999999999822, 0.7499999999999997780, -0.2250000000000000888 ) ) ;
#303 = VECTOR ( 'NONE', #427, 1000.000000000000000 ) ;
#304 = DIRECTION ( 'NONE',  ( 0.7071067811865520136, 0.000000000000000000, 0.7071067811865431318 ) ) ;
#305 = CARTESIAN_POINT ( 'NONE',  ( -1.349999999999999645, 0.7499999999999997780, 0.000000000000000000 ) ) ;
#306 = EDGE_CURVE ( 'NONE', #602, #1587, #927, .T. ) ;
#307 = FACE_OUTER_BOUND ( 'NONE', #2567, .T. ) ;
#308 = EDGE_CURVE ( 'NONE', #188, #141, #373, .T. ) ;
#309 = AXIS2_PLACEMENT_3D ( 'NONE', #1042, #2289, #1553 ) ;
#310 = AXIS2_PLACEMENT_3D ( 'NONE', #1856, #410, #1166 ) ;
#311 = DIRECTION ( 'NONE',  ( 0.000000000000000000, -1.000000000000000000, 0.000000000000000000 ) ) ;
#312 = DIRECTION ( 'NONE',  ( 0.000000000000000000, -1.000000000000000000, 0.000000000000000000 ) ) ;
#313 =( NAMED_UNIT ( * ) PLANE_ANGLE_UNIT ( ) SI_UNIT ( $, .RADIAN. ) );
#314 = ORIENTED_EDGE ( 'NONE', *, *, #1489, .F. ) ;
#315 = UNCERTAINTY_MEASURE_WITH_UNIT (LENGTH_MEASURE( 1.000000000000000082E-05 ), #549, 'distance_accuracy_value', 'NONE');
#317 = EDGE_CURVE ( 'NONE', #526, #1225, #852, .T. ) ;
#316 = CARTESIAN_POINT ( 'NONE',  ( 1.575721538653257925, 0.2999999999999999889, 0.6019778519456129295 ) ) ;
#318 = VERTEX_POINT ( 'NONE', #1439 ) ;
#319 = FACE_OUTER_BOUND ( 'NONE', #107, .T. ) ;
#320 = ADVANCED_FACE ( 'NONE', ( #1422 ), #3099, .F. ) ;
#321 = ORIENTED_EDGE ( 'NONE', *, *, #1154, .T. ) ;
#322 = ORIENTED_EDGE ( 'NONE', *, *, #1762, .T. ) ;
#323 = DIRECTION ( 'NONE',  ( -1.000000000000000000, 0.000000000000000000, 2.060216942011663975E-16 ) ) ;
#324 = ADVANCED_FACE ( 'NONE', ( #2628 ), #1366, .T. ) ;
#325 = AXIS2_PLACEMENT_3D ( 'NONE', #2523, #3034, #2534 ) ;
#326 = CARTESIAN_POINT ( 'NONE',  ( -0.8499999999999994227, 0.2999999999999999889, -0.6500000000000000222 ) ) ;
#327 = LINE ( 'NONE', #1562, #933 ) ;
#328 = CARTESIAN_POINT ( 'NONE',  ( 1.376256313292352651, 0.2999999999999999889, -0.6500000000000003553 ) ) ;
#329 = LINE ( 'NONE', #1137, #2875 ) ;
#330 = MANIFOLD_SOLID_BREP ( 'Boss-Extrude2', #2464 ) ;
#331 = ADVANCED_FACE ( 'NONE', ( #2859 ), #1402, .F. ) ;
#332 = ORIENTED_EDGE ( 'NONE', *, *, #2766, .F. ) ;
#333 = VECTOR ( 'NONE', #2967, 1000.000000000000000 ) ;
#334 = LINE ( 'NONE', #285, #2957 ) ;
#335 = VECTOR ( 'NONE', #2698, 1000.000000000000000 ) ;
#336 = EDGE_LOOP ( 'NONE', ( #2064, #1817, #465, #202 ) ) ;
#337 = CARTESIAN_POINT ( 'NONE',  ( -1.399999999999999467, 0.8325000000000000178, 0.000000000000000000 ) ) ;
#338 = DIRECTION ( 'NONE',  ( 0.000000000000000000, 0.000000000000000000, 1.000000000000000000 ) ) ;
#339 = CIRCLE ( 'NONE', #242, 0.3499999999999998668 ) ;
#340 = ADVANCED_FACE ( 'NONE', ( #2666 ), #3152, .T. ) ;
#341 = ADVANCED_FACE ( 'NONE', ( #1268 ), #2541, .F. ) ;
#342 = ORIENTED_EDGE ( 'NONE', *, *, #2201, .T. ) ;
#343 = EDGE_LOOP ( 'NONE', ( #2113, #1304, #2241, #2442 ) ) ;
#344 = CARTESIAN_POINT ( 'NONE',  ( -1.399999999999999467, 0.8325000000000000178, 0.2250000000000002831 ) ) ;
#345 = CARTESIAN_POINT ( 'NONE',  ( 1.600000000000000533, 0.7500000000000000000, 0.7499999999999998890 ) ) ;
#346 = CARTESIAN_POINT ( 'NONE',  ( 1.349999999999999645, -2.146981187374194189, 0.2250000000000000888 ) ) ;
#347 = CARTESIAN_POINT ( 'NONE',  ( 1.049999999999999822, 0.7500000000000000000, -0.2250000000000000888 ) ) ;
#348 = VECTOR ( 'NONE', #744, 1000.000000000000114 ) ;
#349 = DIRECTION ( 'NONE',  ( 0.000000000000000000, 0.000000000000000000, -1.000000000000000000 ) ) ;
#350 = VECTOR ( 'NONE', #96, 1000.000000000000000 ) ;
#351 = DIRECTION ( 'NONE',  ( 0.000000000000000000, 0.000000000000000000, -1.000000000000000000 ) ) ;
#352 = ORIENTED_EDGE ( 'NONE', *, *, #691, .F. ) ;
#353 = DIRECTION ( 'NONE',  ( 0.000000000000000000, 0.000000000000000000, -1.000000000000000000 ) ) ;
#354 = EDGE_CURVE ( 'NONE', #241, #598, #1683, .T. ) ;
#355 = DIRECTION ( 'NONE',  ( 0.000000000000000000, 0.000000000000000000, 1.000000000000000000 ) ) ;
#356 = VERTEX_POINT ( 'NONE', #1550 ) ;
#357 = ORIENTED_EDGE ( 'NONE', *, *, #306, .T. ) ;
#358 = ADVANCED_FACE ( 'NONE', ( #1523 ), #1948, .F. ) ;
#359 = DIRECTION ( 'NONE',  ( -1.000000000000000000, 0.000000000000000000, 0.000000000000000000 ) ) ;
#360 = AXIS2_PLACEMENT_3D ( 'NONE', #455, #3171, #2416 ) ;
#361 = DIRECTION ( 'NONE',  ( 0.000000000000000000, 1.000000000000000000, 0.000000000000000000 ) ) ;
#362 = CARTESIAN_POINT ( 'NONE',  ( 1.575721538653257925, 0.000000000000000000, -0.6019778519456130406 ) ) ;
#363 = PLANE ( 'NONE',  #2153 ) ;
#364 = DIRECTION ( 'NONE',  ( 1.000000000000000000, 0.000000000000000000, -4.120433884023326472E-16 ) ) ;
#365 = AXIS2_PLACEMENT_3D ( 'NONE', #1551, #1084, #1560 ) ;
#366 = CARTESIAN_POINT ( 'NONE',  ( -1.049999999999999822, 0.8325000000000000178, -0.5250000000000000222 ) ) ;
#367 = ORIENTED_EDGE ( 'NONE', *, *, #453, .F. ) ;
#368 = DIRECTION ( 'NONE',  ( -0.7071067811865431318, 0.000000000000000000, 0.7071067811865520136 ) ) ;
#369 = EDGE_LOOP ( 'NONE', ( #1794, #321, #1476, #1557 ) ) ;
#370 = PLANE ( 'NONE',  #2646 ) ;
#371 = DIRECTION ( 'NONE',  ( 0.7071067811865520136, 0.000000000000000000, 0.7071067811865431318 ) ) ;
#372 = ADVANCED_FACE ( 'NONE', ( #2286 ), #43, .F. ) ;
#373 = CIRCLE ( 'NONE', #1767, 0.1500000000000000777 ) ;
#374 = ORIENTED_EDGE ( 'NONE', *, *, #3094, .F. ) ;
#375 = VERTEX_POINT ( 'NONE', #758 ) ;
#376 = DIRECTION ( 'NONE',  ( 0.000000000000000000, 1.000000000000000000, 0.000000000000000000 ) ) ;
#377 = FACE_OUTER_BOUND ( 'NONE', #3020, .T. ) ;
#378 = PLANE ( 'NONE',  #3179 ) ;
#379 = LINE ( 'NONE', #3114, #2298 ) ;
#380 = MECHANICAL_DESIGN_GEOMETRIC_PRESENTATION_REPRESENTATION (  '', ( #47 ), #1226 ) ;
#381 = CYLINDRICAL_SURFACE ( 'NONE', #1351, 0.1500000000000000777 ) ;
#382 = CARTESIAN_POINT ( 'NONE',  ( 1.499999999999997780, 0.2999999999999999889, 0.5262563132923543385 ) ) ;
#383 = ORIENTED_EDGE ( 'NONE', *, *, #95, .T. ) ;
#384 = LINE ( 'NONE', #1389, #542 ) ;
#385 = PRESENTATION_LAYER_ASSIGNMENT (  '', '', ( #1282 ) ) ;
#386 = VERTEX_POINT ( 'NONE', #251 ) ;
#387 = CARTESIAN_POINT ( 'NONE',  ( -1.451977851945612796, 0.2999999999999999889, -0.7257215386532593904 ) ) ;
#388 = DIRECTION ( 'NONE',  ( -0.000000000000000000, -1.000000000000000000, -0.000000000000000000 ) ) ;
#389 = CIRCLE ( 'NONE', #2755, 0.1500000000000000777 ) ;
#390 = ORIENTED_EDGE ( 'NONE', *, *, #3103, .T. ) ;
#391 = ORIENTED_EDGE ( 'NONE', *, *, #216, .F. ) ;
#392 = VERTEX_POINT ( 'NONE', #3040 ) ;
#393 = VECTOR ( 'NONE', #2355, 1000.000000000000000 ) ;
#394 = CARTESIAN_POINT ( 'NONE',  ( 1.049999999999999822, 0.7500000000000000000, -0.2250000000000000888 ) ) ;
#395 = CARTESIAN_POINT ( 'NONE',  ( 1.049999999999999822, 0.8325000000000000178, -0.5250000000000001332 ) ) ;
#396 = DIRECTION ( 'NONE',  ( 0.000000000000000000, -0.000000000000000000, -1.000000000000000000 ) ) ;
#397 = CARTESIAN_POINT ( 'NONE',  ( 1.451977851945612796, 0.000000000000000000, 0.7257215386532593904 ) ) ;
#398 = CARTESIAN_POINT ( 'NONE',  ( 0.8499999999999992006, 0.2999999999999999889, -0.6500000000000001332 ) ) ;
#399 = ADVANCED_FACE ( 'NONE', ( #788 ), #2295, .F. ) ;
#400 = EDGE_LOOP ( 'NONE', ( #2603, #2220, #932, #3208 ) ) ;
#401 = DIRECTION ( 'NONE',  ( 0.000000000000000000, 1.000000000000000000, 0.000000000000000000 ) ) ;
#402 = ORIENTED_EDGE ( 'NONE', *, *, #556, .T. ) ;
#403 = ADVANCED_FACE ( 'NONE', ( #2526 ), #2500, .T. ) ;
#404 = AXIS2_PLACEMENT_3D ( 'NONE', #2089, #2316, #261 ) ;
#405 = DIRECTION ( 'NONE',  ( -0.000000000000000000, -1.000000000000000000, -0.000000000000000000 ) ) ;
#406 = DIRECTION ( 'NONE',  ( 1.000000000000000000, -0.000000000000000000, 2.060216942011664961E-16 ) ) ;
#407 = VERTEX_POINT ( 'NONE', #2037 ) ;
#408 = VERTEX_POINT ( 'NONE', #3050 ) ;
#409 = VERTEX_POINT ( 'NONE', #2703 ) ;
#410 = DIRECTION ( 'NONE',  ( -0.000000000000000000, 1.000000000000000000, -0.000000000000000000 ) ) ;
#411 = EDGE_CURVE ( 'NONE', #3087, #815, #1796, .T. ) ;
#412 = DIRECTION ( 'NONE',  ( -1.000000000000000000, -0.000000000000000000, -0.000000000000000000 ) ) ;
#413 = AXIS2_PLACEMENT_3D ( 'NONE', #2013, #488, #963 ) ;
#414 = CARTESIAN_POINT ( 'NONE',  ( -1.049999999999999822, 0.7499999999999997780, 0.5250000000000001332 ) ) ;
#415 = AXIS2_PLACEMENT_3D ( 'NONE', #2783, #14, #1582 ) ;
#416 = AXIS2_PLACEMENT_3D ( 'NONE', #1458, #1053, #2263 ) ;
#417 = CARTESIAN_POINT ( 'NONE',  ( 1.499999999999997780, 0.2999999999999999889, 0.5262563132923543385 ) ) ;
#418 = ADVANCED_FACE ( 'NONE', ( #9 ), #801, .T. ) ;
#419 = DIRECTION ( 'NONE',  ( 0.000000000000000000, -1.000000000000000000, 0.000000000000000000 ) ) ;
#420 = VECTOR ( 'NONE', #842, 1000.000000000000000 ) ;
#421 = PLANE ( 'NONE',  #2790 ) ;
#422 = VERTEX_POINT ( 'NONE', #2275 ) ;
#423 = DIRECTION ( 'NONE',  ( 1.355252715606880543E-16, -0.000000000000000000, 1.000000000000000000 ) ) ;
#424 = DIRECTION ( 'NONE',  ( 0.000000000000000000, -4.336808689942025625E-15, -1.000000000000000000 ) ) ;
#425 = VERTEX_POINT ( 'NONE', #3188 ) ;
#426 = CARTESIAN_POINT ( 'NONE',  ( 1.049999999999999822, 0.7500000000000000000, 0.5749999999999999556 ) ) ;
#427 = DIRECTION ( 'NONE',  ( 0.000000000000000000, 0.000000000000000000, 1.000000000000000000 ) ) ;
#428 = VERTEX_POINT ( 'NONE', #1707 ) ;
#429 = VERTEX_POINT ( 'NONE', #456 ) ;
#430 = ORIENTED_EDGE ( 'NONE', *, *, #1270, .T. ) ;
#431 = CARTESIAN_POINT ( 'NONE',  ( 1.600000000000000533, 0.7500000000000000000, 0.7499999999999998890 ) ) ;
#432 = MANIFOLD_SOLID_BREP ( 'Chamfer1', #1884 ) ;
#433 = EDGE_CURVE ( 'NONE', #159, #3232, #944, .T. ) ;
#434 = DIRECTION ( 'NONE',  ( 1.000000000000000000, -0.000000000000000000, 0.000000000000000000 ) ) ;
#435 = CARTESIAN_POINT ( 'NONE',  ( -1.575721538653257925, 0.000000000000000000, 0.6019778519456129295 ) ) ;
#436 = CARTESIAN_POINT ( 'NONE',  ( -1.498456843337575561, 0.8500000000000001998, 0.000000000000000000 ) ) ;
#437 = DIRECTION ( 'NONE',  ( 0.7071067811865515695, -0.000000000000000000, 0.7071067811865435759 ) ) ;
#438 = EDGE_LOOP ( 'NONE', ( #13, #675, #2596, #2984 ) ) ;
#439 = CARTESIAN_POINT ( 'NONE',  ( -1.049999999999999822, 0.9000000000000000222, -0.2250000000000000888 ) ) ;
#440 = EDGE_CURVE ( 'NONE', #617, #1958, #1662, .T. ) ;
#441 = CARTESIAN_POINT ( 'NONE',  ( -1.599999999999999645, 0.000000000000000000, 0.7500000000000003331 ) ) ;
#442 = VERTEX_POINT ( 'NONE', #856 ) ;
#443 = LINE ( 'NONE', #2443, #1508 ) ;
#444 = CARTESIAN_POINT ( 'NONE',  ( -1.399999999999999467, 0.8325000000000000178, -0.2250000000000000888 ) ) ;
#445 = DIRECTION ( 'NONE',  ( 0.000000000000000000, 0.000000000000000000, -1.000000000000000000 ) ) ;
#446 = AXIS2_PLACEMENT_3D ( 'NONE', #1222, #2960, #3184 ) ;
#447 = ORIENTED_EDGE ( 'NONE', *, *, #808, .F. ) ;
#448 = ORIENTED_EDGE ( 'NONE', *, *, #635, .T. ) ;
#449 = ADVANCED_FACE ( 'NONE', ( #1335 ), #122, .F. ) ;
#450 = EDGE_CURVE ( 'NONE', #2274, #121, #2338, .T. ) ;
#451 = DIRECTION ( 'NONE',  ( 0.000000000000000000, 1.000000000000000000, 0.000000000000000000 ) ) ;
#452 = CARTESIAN_POINT ( 'NONE',  ( 1.600000000000000533, 0.000000000000000000, 0.7499999999999998890 ) ) ;
#453 = EDGE_CURVE ( 'NONE', #222, #1430, #629, .T. ) ;
#454 = LINE ( 'NONE', #182, #1145 ) ;
#455 = CARTESIAN_POINT ( 'NONE',  ( 0.8499999999999992006, 0.2999999999999999889, -0.6500000000000001332 ) ) ;
#456 = CARTESIAN_POINT ( 'NONE',  ( -1.499999999999997780, 0.2999999999999999889, 0.5262563132923540055 ) ) ;
#457 = ORIENTED_EDGE ( 'NONE', *, *, #1847, .F. ) ;
#458 = DIRECTION ( 'NONE',  ( 0.000000000000000000, -0.000000000000000000, -1.000000000000000000 ) ) ;
#459 = DIRECTION ( 'NONE',  ( -0.7071067811865520136, 0.000000000000000000, 0.7071067811865431318 ) ) ;
#460 = ORIENTED_EDGE ( 'NONE', *, *, #3214, .F. ) ;
#461 = CARTESIAN_POINT ( 'NONE',  ( 1.049999999999999822, 0.8325000000000000178, 0.2250000000000000888 ) ) ;
#462 = DIRECTION ( 'NONE',  ( -1.355252715606880543E-16, 0.000000000000000000, -1.000000000000000000 ) ) ;
#463 = DIRECTION ( 'NONE',  ( -0.000000000000000000, 1.000000000000000000, -0.000000000000000000 ) ) ;
#464 = ORIENTED_EDGE ( 'NONE', *, *, #2576, .F. ) ;
#465 = ORIENTED_EDGE ( 'NONE', *, *, #17, .T. ) ;
#466 = ADVANCED_FACE ( 'NONE', ( #599 ), #1095, .F. ) ;
#467 = DIRECTION ( 'NONE',  ( 2.060216942011664715E-16, 0.000000000000000000, -1.000000000000000000 ) ) ;
#468 = EDGE_CURVE ( 'NONE', #1113, #2036, #1240, .T. ) ;
#469 = CARTESIAN_POINT ( 'NONE',  ( -1.599999999999999645, 0.000000000000000000, 0.6000000000000003109 ) ) ;
#470 = DIRECTION ( 'NONE',  ( -0.7071067811865435759, 0.000000000000000000, -0.7071067811865514585 ) ) ;
#471 = AXIS2_PLACEMENT_3D ( 'NONE', #492, #2238, #474 ) ;
#472 = EDGE_CURVE ( 'NONE', #582, #2049, #2652, .T. ) ;
#473 = VERTEX_POINT ( 'NONE', #2129 ) ;
#474 = DIRECTION ( 'NONE',  ( 0.000000000000000000, 0.000000000000000000, -1.000000000000000000 ) ) ;
#475 = VECTOR ( 'NONE', #1364, 1000.000000000000000 ) ;
#476 = AXIS2_PLACEMENT_3D ( 'NONE', #2460, #2444, #2189 ) ;
#477 = DIRECTION ( 'NONE',  ( -0.7071067811865431318, 0.000000000000000000, -0.7071067811865520136 ) ) ;
#478 = VERTEX_POINT ( 'NONE', #2833 ) ;
#479 = DIRECTION ( 'NONE',  ( 0.000000000000000000, 0.000000000000000000, 1.000000000000000000 ) ) ;
#480 = EDGE_CURVE ( 'NONE', #840, #917, #339, .T. ) ;
#481 = CARTESIAN_POINT ( 'NONE',  ( -1.049999999999999822, 0.7500000000000000000, -0.5750000000000000666 ) ) ;
#482 = AXIS2_PLACEMENT_3D ( 'NONE', #1844, #2109, #2873 ) ;
#483 = AXIS2_PLACEMENT_3D ( 'NONE', #1956, #2510, #974 ) ;
#484 = ORIENTED_EDGE ( 'NONE', *, *, #1691, .F. ) ;
#485 = VERTEX_POINT ( 'NONE', #841 ) ;
#486 = EDGE_CURVE ( 'NONE', #2168, #407, #1350, .T. ) ;
#487 = DIRECTION ( 'NONE',  ( -1.000000000000000000, -0.000000000000000000, -0.000000000000000000 ) ) ;
#488 = DIRECTION ( 'NONE',  ( 0.000000000000000000, 1.000000000000000000, 0.000000000000000000 ) ) ;
#489 = LINE ( 'NONE', #2701, #998 ) ;
#490 = CARTESIAN_POINT ( 'NONE',  ( -1.498456843337575561, 0.8500000000000001998, -0.2250000000000000888 ) ) ;
#491 = EDGE_LOOP ( 'NONE', ( #314, #352, #1083, #1004 ) ) ;
#492 = CARTESIAN_POINT ( 'NONE',  ( 1.600000000000000533, 0.7500000000000000000, 0.7499999999999998890 ) ) ;
#493 = CARTESIAN_POINT ( 'NONE',  ( -1.599999999999999645, 0.7500000000000000000, 0.6000000000000003109 ) ) ;
#494 = ORIENTED_EDGE ( 'NONE', *, *, #1139, .T. ) ;
#495 = LINE ( 'NONE', #2743, #669 ) ;
#496 = SURFACE_SIDE_STYLE ('',( #2022 ) ) ;
#497 = AXIS2_PLACEMENT_3D ( 'NONE', #1047, #2046, #3047 ) ;
#498 = EDGE_LOOP ( 'NONE', ( #2589, #2374, #494, #2149 ) ) ;
#499 = VERTEX_POINT ( 'NONE', #1851 ) ;
#500 = DIRECTION ( 'NONE',  ( -0.000000000000000000, 1.000000000000000000, -0.000000000000000000 ) ) ;
#501 = CIRCLE ( 'NONE', #3218, 0.3000000000000000444 ) ;
#502 = ADVANCED_FACE ( 'NONE', ( #1606 ), #3074, .F. ) ;
#503 = DIRECTION ( 'NONE',  ( -0.000000000000000000, -1.000000000000000000, -0.000000000000000000 ) ) ;
#504 = VECTOR ( 'NONE', #2499, 1000.000000000000000 ) ;
#505 = FACE_OUTER_BOUND ( 'NONE', #907, .T. ) ;
#506 = DIRECTION ( 'NONE',  ( 0.7071067811865521247, 0.000000000000000000, -0.7071067811865430208 ) ) ;
#507 = ORIENTED_EDGE ( 'NONE', *, *, #2786, .T. ) ;
#508 = CIRCLE ( 'NONE', #2496, 0.3499999999999998113 ) ;
#509 = CARTESIAN_POINT ( 'NONE',  ( 1.499999999999997780, 0.2999999999999999889, 0.5262563132923543385 ) ) ;
#510 =( NAMED_UNIT ( * ) PLANE_ANGLE_UNIT ( ) SI_UNIT ( $, .RADIAN. ) );
#511 = ORIENTED_EDGE ( 'NONE', *, *, #993, .T. ) ;
#512 = DIRECTION ( 'NONE',  ( -0.000000000000000000, -1.000000000000000000, -0.000000000000000000 ) ) ;
#513 = FILL_AREA_STYLE ('',( #738 ) ) ;
#514 = ADVANCED_FACE ( 'NONE', ( #3141 ), #649, .F. ) ;
#515 = VERTEX_POINT ( 'NONE', #1126 ) ;
#516 = ORIENTED_EDGE ( 'NONE', *, *, #2146, .T. ) ;
#517 = AXIS2_PLACEMENT_3D ( 'NONE', #1470, #759, #1981 ) ;
#518 = FILL_AREA_STYLE ('',( #2763 ) ) ;
#519 = FACE_OUTER_BOUND ( 'NONE', #3160, .T. ) ;
#520 = VECTOR ( 'NONE', #1089, 1000.000000000000000 ) ;
#521 = CARTESIAN_POINT ( 'NONE',  ( -1.349999999999999645, -2.146981187374194189, 0.2250000000000000888 ) ) ;
#522 = VERTEX_POINT ( 'NONE', #2863 ) ;
#523 = ADVANCED_FACE ( 'NONE', ( #2616 ), #370, .F. ) ;
#524 = DIRECTION ( 'NONE',  ( 0.000000000000000000, 0.000000000000000000, -1.000000000000000000 ) ) ;
#525 = FILL_AREA_STYLE ('',( #1261 ) ) ;
#526 = VERTEX_POINT ( 'NONE', #137 ) ;
#527 = VECTOR ( 'NONE', #364, 1000.000000000000000 ) ;
#528 = LINE ( 'NONE', #1315, #904 ) ;
#530 = AXIS2_PLACEMENT_3D ( 'NONE', #1920, #1183, #1201 ) ;
#529 = VECTOR ( 'NONE', #1012, 1000.000000000000000 ) ;
#531 = ORIENTED_EDGE ( 'NONE', *, *, #635, .F. ) ;
#532 = ORIENTED_EDGE ( 'NONE', *, *, #2381, .T. ) ;
#533 = VECTOR ( 'NONE', #657, 1000.000000000000000 ) ;
#534 = CARTESIAN_POINT ( 'NONE',  ( -0.8499999999999994227, 0.2999999999999999889, 0.6500000000000000222 ) ) ;
#535 = DIRECTION ( 'NONE',  ( -0.000000000000000000, 1.000000000000000000, -0.000000000000000000 ) ) ;
#536 = CARTESIAN_POINT ( 'NONE',  ( 1.376256313292352651, 0.2999999999999999889, 0.6500000000000003553 ) ) ;
#537 = EDGE_LOOP ( 'NONE', ( #726, #539, #2448, #2742 ) ) ;
#538 = FACE_OUTER_BOUND ( 'NONE', #2486, .T. ) ;
#539 = ORIENTED_EDGE ( 'NONE', *, *, #2540, .F. ) ;
#540 = ORIENTED_EDGE ( 'NONE', *, *, #2529, .F. ) ;
#541 = ORIENTED_EDGE ( 'NONE', *, *, #793, .T. ) ;
#542 = VECTOR ( 'NONE', #1140, 1000.000000000000000 ) ;
#543 = CARTESIAN_POINT ( 'NONE',  ( -1.499999999999997780, 0.000000000000000000, -0.5262563132923540055 ) ) ;
#544 = EDGE_CURVE ( 'NONE', #1427, #226, #893, .T. ) ;
#545 = CARTESIAN_POINT ( 'NONE',  ( -1.599999999999999645, 0.2999999999999999889, -0.7499999999999996669 ) ) ;
#546 = EDGE_CURVE ( 'NONE', #1188, #188, #1406, .T. ) ;
#547 = VECTOR ( 'NONE', #437, 999.9999999999998863 ) ;
#548 = CARTESIAN_POINT ( 'NONE',  ( -1.049999999999999822, 0.7500000000000000000, -0.5749999999999999556 ) ) ;
#549 =( LENGTH_UNIT ( ) NAMED_UNIT ( * ) SI_UNIT ( .MILLI., .METRE. ) );
#550 = ORIENTED_EDGE ( 'NONE', *, *, #1847, .T. ) ;
#551 = DIRECTION ( 'NONE',  ( 1.000000000000000000, 0.000000000000000000, 4.120433884023326472E-16 ) ) ;
#552 = ORIENTED_EDGE ( 'NONE', *, *, #2008, .F. ) ;
#553 = CARTESIAN_POINT ( 'NONE',  ( 1.376256313292352651, 0.000000000000000000, -0.6500000000000003553 ) ) ;
#554 = ADVANCED_FACE ( 'NONE', ( #227 ), #2709, .F. ) ;
#555 = DIRECTION ( 'NONE',  ( -0.7071067811865431318, 0.000000000000000000, 0.7071067811865520136 ) ) ;
#556 = EDGE_CURVE ( 'NONE', #1758, #1610, #1772, .T. ) ;
#557 = CARTESIAN_POINT ( 'NONE',  ( 1.049999999999999822, 0.7500000000000000000, -0.5750000000000000666 ) ) ;
#558 = DIRECTION ( 'NONE',  ( 0.7071067811865521247, -0.000000000000000000, -0.7071067811865430208 ) ) ;
#559 = CARTESIAN_POINT ( 'NONE',  ( -1.499999999999997780, 0.2999999999999999889, -0.5262563132923540055 ) ) ;
#560 = FACE_OUTER_BOUND ( 'NONE', #2245, .T. ) ;
#561 = ORIENTED_EDGE ( 'NONE', *, *, #1033, .F. ) ;
#562 = CARTESIAN_POINT ( 'NONE',  ( -1.349999999999999645, 0.8325000000000000178, 0.000000000000000000 ) ) ;
#563 = ORIENTED_EDGE ( 'NONE', *, *, #2552, .F. ) ;
#564 = VECTOR ( 'NONE', #323, 1000.000000000000000 ) ;
#565 = EDGE_CURVE ( 'NONE', #991, #2036, #1231, .T. ) ;
#566 = AXIS2_PLACEMENT_3D ( 'NONE', #903, #1671, #849 ) ;
#567 = FACE_OUTER_BOUND ( 'NONE', #2615, .T. ) ;
#568 = AXIS2_PLACEMENT_3D ( 'NONE', #957, #462, #1663 ) ;
#569 = EDGE_LOOP ( 'NONE', ( #3181, #2474, #1267, #2999 ) ) ;
#570 = VERTEX_POINT ( 'NONE', #670 ) ;
#571 = DIRECTION ( 'NONE',  ( -0.000000000000000000, -0.000000000000000000, 1.000000000000000000 ) ) ;
#572 = CARTESIAN_POINT ( 'NONE',  ( -1.049999999999999822, 0.7499999999999997780, 0.5250000000000000222 ) ) ;
#573 = VECTOR ( 'NONE', #359, 1000.000000000000000 ) ;
#574 = LINE ( 'NONE', #2271, #3070 ) ;
#575 = DIRECTION ( 'NONE',  ( -1.000000000000000000, 0.000000000000000000, -0.000000000000000000 ) ) ;
#576 = LINE ( 'NONE', #117, #1301 ) ;
#577 = ORIENTED_EDGE ( 'NONE', *, *, #1179, .F. ) ;
#578 = UNCERTAINTY_MEASURE_WITH_UNIT (LENGTH_MEASURE( 1.000000000000000082E-05 ), #747, 'distance_accuracy_value', 'NONE');
#579 = EDGE_CURVE ( 'NONE', #1188, #2032, #3170, .T. ) ;
#580 = CARTESIAN_POINT ( 'NONE',  ( -1.049999999999999822, 0.9000000000000000222, -0.5250000000000001332 ) ) ;
#581 = ADVANCED_FACE ( 'NONE', ( #154 ), #2954, .F. ) ;
#582 = VERTEX_POINT ( 'NONE', #1919 ) ;
#583 = CARTESIAN_POINT ( 'NONE',  ( -0.8499999999999994227, 0.2999999999999999889, 0.6500000000000000222 ) ) ;
#584 = DIRECTION ( 'NONE',  ( 0.000000000000000000, -1.000000000000000000, 0.000000000000000000 ) ) ;
#585 = ORIENTED_EDGE ( 'NONE', *, *, #989, .F. ) ;
#586 = VERTEX_POINT ( 'NONE', #1936 ) ;
#587 = DIRECTION ( 'NONE',  ( 0.000000000000000000, 0.000000000000000000, -1.000000000000000000 ) ) ;
#588 = DIRECTION ( 'NONE',  ( 0.000000000000000000, 0.000000000000000000, -1.000000000000000000 ) ) ;
#589 = EDGE_CURVE ( 'NONE', #478, #515, #508, .T. ) ;
#590 = DIRECTION ( 'NONE',  ( 0.000000000000000000, 1.000000000000000000, 0.000000000000000000 ) ) ;
#591 = DIRECTION ( 'NONE',  ( -1.000000000000000000, 0.000000000000000000, 2.060216942011663975E-16 ) ) ;
#592 = EDGE_CURVE ( 'NONE', #3205, #2116, #1974, .T. ) ;
#593 = LINE ( 'NONE', #2076, #2301 ) ;
#594 = ADVANCED_FACE ( 'NONE', ( #2673 ), #3209, .T. ) ;
#595 = ORIENTED_EDGE ( 'NONE', *, *, #1967, .T. ) ;
#596 = CARTESIAN_POINT ( 'NONE',  ( -1.451977851945612796, 0.2999999999999999889, -0.7257215386532593904 ) ) ;
#597 = VECTOR ( 'NONE', #1951, 1000.000000000000000 ) ;
#598 = VERTEX_POINT ( 'NONE', #3195 ) ;
#599 = FACE_OUTER_BOUND ( 'NONE', #369, .T. ) ;
#600 = CARTESIAN_POINT ( 'NONE',  ( -1.349999999999999645, 0.7499999999999997780, 0.2250000000000000888 ) ) ;
#601 = ORIENTED_EDGE ( 'NONE', *, *, #2886, .F. ) ;
#602 = VERTEX_POINT ( 'NONE', #2986 ) ;
#603 = LINE ( 'NONE', #3163, #573 ) ;
#604 = LINE ( 'NONE', #1873, #1386 ) ;
#605 = LINE ( 'NONE', #1615, #2504 ) ;
#606 = DIRECTION ( 'NONE',  ( -0.000000000000000000, 0.000000000000000000, -1.000000000000000000 ) ) ;
#607 = DIRECTION ( 'NONE',  ( 1.000000000000000000, -0.000000000000000000, -0.000000000000000000 ) ) ;
#608 = LINE ( 'NONE', #150, #2107 ) ;
#609 = ORIENTED_EDGE ( 'NONE', *, *, #1151, .T. ) ;
#610 = ADVANCED_FACE ( 'NONE', ( #737 ), #1750, .T. ) ;
#611 = PLANE ( 'NONE',  #1853 ) ;
#612 = ORIENTED_EDGE ( 'NONE', *, *, #1393, .T. ) ;
#613 = DIRECTION ( 'NONE',  ( 0.000000000000000000, 1.000000000000000000, 0.000000000000000000 ) ) ;
#614 = DIRECTION ( 'NONE',  ( -0.7071067811865489050, -0.000000000000000000, 0.7071067811865462405 ) ) ;
#615 = VECTOR ( 'NONE', #2735, 1000.000000000000000 ) ;
#616 = EDGE_LOOP ( 'NONE', ( #1630, #967, #2697, #288 ) ) ;
#617 = VERTEX_POINT ( 'NONE', #2969 ) ;
#618 = DIRECTION ( 'NONE',  ( -1.000000000000000000, -0.000000000000000000, -4.120433884023326472E-16 ) ) ;
#619 = VECTOR ( 'NONE', #624, 999.9999999999998863 ) ;
#620 = LINE ( 'NONE', #59, #2585 ) ;
#621 = FACE_OUTER_BOUND ( 'NONE', #2354, .T. ) ;
#622 = CARTESIAN_POINT ( 'NONE',  ( 1.499999999999997780, 0.000000000000000000, 0.5262563132923543385 ) ) ;
#623 = CIRCLE ( 'NONE', #1299, 0.1500000000000000777 ) ;
#624 = DIRECTION ( 'NONE',  ( 0.7071067811865515695, -0.000000000000000000, 0.7071067811865435759 ) ) ;
#625 = DIRECTION ( 'NONE',  ( -0.7071067811865520136, 0.000000000000000000, 0.7071067811865431318 ) ) ;
#626 = EDGE_LOOP ( 'NONE', ( #1357, #1922, #1204, #2326, #256, #1952, #153, #3123, #2020, #2965, #1866 ) ) ;
#627 = DIRECTION ( 'NONE',  ( 0.000000000000000000, -0.000000000000000000, -1.000000000000000000 ) ) ;
#628 = ORIENTED_EDGE ( 'NONE', *, *, #2104, .T. ) ;
#629 = LINE ( 'NONE', #583, #1354 ) ;
#630 = DIRECTION ( 'NONE',  ( -0.000000000000000000, -1.000000000000000000, -0.000000000000000000 ) ) ;
#631 = ORIENTED_EDGE ( 'NONE', *, *, #2495, .T. ) ;
#632 = ORIENTED_EDGE ( 'NONE', *, *, #440, .T. ) ;
#633 = ORIENTED_EDGE ( 'NONE', *, *, #217, .F. ) ;
#634 = CARTESIAN_POINT ( 'NONE',  ( -1.376256313292352651, 0.2999999999999999889, 0.6500000000000001332 ) ) ;
#635 = EDGE_CURVE ( 'NONE', #598, #2899, #443, .T. ) ;
#636 = CARTESIAN_POINT ( 'NONE',  ( -1.049999999999999822, 0.7499999999999997780, -0.5250000000000001332 ) ) ;
#637 = EDGE_CURVE ( 'NONE', #2036, #2206, #1713, .T. ) ;
#638 = DIRECTION ( 'NONE',  ( -0.7071067811865505703, 0.000000000000000000, 0.7071067811865444641 ) ) ;
#639 = DIRECTION ( 'NONE',  ( -0.000000000000000000, -0.000000000000000000, 1.000000000000000000 ) ) ;
#640 = EDGE_CURVE ( 'NONE', #763, #250, #495, .T. ) ;
#641 = VECTOR ( 'NONE', #2488, 1000.000000000000000 ) ;
#642 = DIRECTION ( 'NONE',  ( 0.000000000000000000, 0.000000000000000000, -1.000000000000000000 ) ) ;
#643 = CARTESIAN_POINT ( 'NONE',  ( 0.8499999999999992006, 0.2999999999999999889, 0.6500000000000001332 ) ) ;
#644 = ORIENTED_EDGE ( 'NONE', *, *, #2676, .T. ) ;
#645 = FACE_OUTER_BOUND ( 'NONE', #2776, .T. ) ;
#646 = VECTOR ( 'NONE', #128, 1000.000000000000000 ) ;
#647 = ORIENTED_EDGE ( 'NONE', *, *, #1602, .T. ) ;
#648 = PRESENTATION_LAYER_ASSIGNMENT (  '', '', ( #236 ) ) ;
#649 = PLANE ( 'NONE',  #70 ) ;
#650 = FACE_OUTER_BOUND ( 'NONE', #1712, .T. ) ;
#651 = VECTOR ( 'NONE', #2432, 1000.000000000000000 ) ;
#652 = PRODUCT_DEFINITION_FORMATION_WITH_SPECIFIED_SOURCE ( 'ANY', '', #1009, .NOT_KNOWN. ) ;
#653 = ORIENTED_EDGE ( 'NONE', *, *, #2190, .T. ) ;
#654 = VERTEX_POINT ( 'NONE', #1200 ) ;
#655 = ORIENTED_EDGE ( 'NONE', *, *, #2050, .T. ) ;
#656 = AXIS2_PLACEMENT_3D ( 'NONE', #2225, #987, #2242 ) ;
#657 = DIRECTION ( 'NONE',  ( 0.000000000000000000, 1.000000000000000000, 0.000000000000000000 ) ) ;
#658 = DIRECTION ( 'NONE',  ( 0.000000000000000000, 0.000000000000000000, -1.000000000000000000 ) ) ;
#659 = CARTESIAN_POINT ( 'NONE',  ( -1.049999999999999822, 0.8325000000000000178, -0.5250000000000001332 ) ) ;
#660 = LINE ( 'NONE', #1616, #146 ) ;
#661 = DIRECTION ( 'NONE',  ( 0.000000000000000000, 0.000000000000000000, 1.000000000000000000 ) ) ;
#662 = EDGE_CURVE ( 'NONE', #2536, #918, #2207, .T. ) ;
#663 = CARTESIAN_POINT ( 'NONE',  ( -1.349999999999999645, 0.8325000000000000178, 0.2250000000000000611 ) ) ;
#664 = ORIENTED_EDGE ( 'NONE', *, *, #1752, .T. ) ;
#665 = DIRECTION ( 'NONE',  ( -0.000000000000000000, 1.000000000000000000, -0.000000000000000000 ) ) ;
#666 = VECTOR ( 'NONE', #638, 1000.000000000000000 ) ;
#667 = LINE ( 'NONE', #735, #1658 ) ;
#668 = ORIENTED_EDGE ( 'NONE', *, *, #3064, .T. ) ;
#669 = VECTOR ( 'NONE', #2165, 1000.000000000000000 ) ;
#670 = CARTESIAN_POINT ( 'NONE',  ( 1.450000000000000622, 0.7500000000000000000, 0.7499999999999998890 ) ) ;
#671 = DIRECTION ( 'NONE',  ( 0.000000000000000000, 0.000000000000000000, -1.000000000000000000 ) ) ;
#672 = ADVANCED_FACE ( 'NONE', ( #209 ), #972, .F. ) ;
#673 = ORIENTED_EDGE ( 'NONE', *, *, #777, .F. ) ;
#674 = ORIENTED_EDGE ( 'NONE', *, *, #2467, .T. ) ;
#675 = ORIENTED_EDGE ( 'NONE', *, *, #1738, .F. ) ;
#676 = CARTESIAN_POINT ( 'NONE',  ( -1.449999999999999734, 0.000000000000000000, 0.7500000000000003331 ) ) ;
#677 = CARTESIAN_POINT ( 'NONE',  ( -0.8499999999999994227, 0.2999999999999999889, -0.6500000000000000222 ) ) ;
#678 = CARTESIAN_POINT ( 'NONE',  ( -1.049999999999999822, 0.8325000000000000178, -0.2250000000000000888 ) ) ;
#679 = AXIS2_PLACEMENT_3D ( 'NONE', #509, #1513, #524 ) ;
#680 = EDGE_CURVE ( 'NONE', #1610, #1917, #1483, .T. ) ;
#681 = STYLED_ITEM ( 'NONE', ( #2794 ), #432 ) ;
#682 = LINE ( 'NONE', #2177, #2142 ) ;
#683 = DIRECTION ( 'NONE',  ( -0.000000000000000000, 0.000000000000000000, -1.000000000000000000 ) ) ;
#684 = DIRECTION ( 'NONE',  ( 0.000000000000000000, 0.000000000000000000, -1.000000000000000000 ) ) ;
#685 = ORIENTED_EDGE ( 'NONE', *, *, #680, .F. ) ;
#686 = FACE_OUTER_BOUND ( 'NONE', #779, .T. ) ;
#687 = CARTESIAN_POINT ( 'NONE',  ( 1.049999999999999822, 0.8500000000000001998, 0.2250000000000000888 ) ) ;
#688 = VERTEX_POINT ( 'NONE', #1019 ) ;
#689 = CARTESIAN_POINT ( 'NONE',  ( 1.399999999999999467, 0.8325000000000000178, 0.2250000000000001443 ) ) ;
#690 = LINE ( 'NONE', #2388, #1627 ) ;
#691 = EDGE_CURVE ( 'NONE', #2811, #1187, #1312, .T. ) ;
#692 = EDGE_CURVE ( 'NONE', #2707, #1113, #327, .T. ) ;
#693 = EDGE_LOOP ( 'NONE', ( #1821, #2906, #1412, #772, #2310, #2325 ) ) ;
#694 = ORIENTED_EDGE ( 'NONE', *, *, #1849, .F. ) ;
#695 = DIRECTION ( 'NONE',  ( 0.000000000000000000, -0.000000000000000000, 1.000000000000000000 ) ) ;
#696 = CARTESIAN_POINT ( 'NONE',  ( 1.499999999999997780, 0.000000000000000000, -0.5262563132923536724 ) ) ;
#697 = LINE ( 'NONE', #746, #3080 ) ;
#698 = DIRECTION ( 'NONE',  ( 1.000000000000000000, 0.000000000000000000, 0.000000000000000000 ) ) ;
#699 = DIRECTION ( 'NONE',  ( 2.060216942011663975E-16, 0.000000000000000000, 1.000000000000000000 ) ) ;
#700 = ORIENTED_EDGE ( 'NONE', *, *, #2886, .T. ) ;
#701 = EDGE_CURVE ( 'NONE', #1251, #1871, #1500, .T. ) ;
#702 = CARTESIAN_POINT ( 'NONE',  ( 0.8499999999999992006, 0.2999999999999999889, -0.6500000000000001332 ) ) ;
#703 = ADVANCED_FACE ( 'NONE', ( #2347 ), #1105, .F. ) ;
#704 = DIRECTION ( 'NONE',  ( -0.000000000000000000, -1.000000000000000000, 0.000000000000000000 ) ) ;
#705 = ORIENTED_EDGE ( 'NONE', *, *, #908, .T. ) ;
#706 = DIRECTION ( 'NONE',  ( -0.000000000000000000, 1.000000000000000000, -0.000000000000000000 ) ) ;
#707 = DIRECTION ( 'NONE',  ( 0.000000000000000000, -1.000000000000000000, 0.000000000000000000 ) ) ;
#708 = DIRECTION ( 'NONE',  ( 1.000000000000000000, 0.000000000000000000, 0.000000000000000000 ) ) ;
#709 = ADVANCED_FACE ( 'NONE', ( #60 ), #2856, .T. ) ;
#710 = COLOUR_RGB ( '',0.9686274509803921573, 0.8784313725490195957, 0.5999999999999999778 ) ;
#711 = ORIENTED_EDGE ( 'NONE', *, *, #2292, .F. ) ;
#712 = ORIENTED_EDGE ( 'NONE', *, *, #2011, .T. ) ;
#713 = DIRECTION ( 'NONE',  ( -4.120433884023326472E-16, 0.000000000000000000, 1.000000000000000000 ) ) ;
#714 = CARTESIAN_POINT ( 'NONE',  ( 1.600000000000000533, 0.000000000000000000, 0.5999999999999998668 ) ) ;
#715 = DIRECTION ( 'NONE',  ( -1.000000000000000000, 0.000000000000000000, 0.000000000000000000 ) ) ;
#716 = SURFACE_STYLE_FILL_AREA ( #1965 ) ;
#717 = ORIENTED_EDGE ( 'NONE', *, *, #1055, .F. ) ;
#718 = CARTESIAN_POINT ( 'NONE',  ( 1.376256313292352651, 0.000000000000000000, 0.6500000000000003553 ) ) ;
#719 = FACE_OUTER_BOUND ( 'NONE', #2566, .T. ) ;
#720 = ORIENTED_EDGE ( 'NONE', *, *, #2063, .F. ) ;
#721 = EDGE_CURVE ( 'NONE', #815, #473, #2757, .T. ) ;
#722 = CARTESIAN_POINT ( 'NONE',  ( 1.600000000000000533, 0.7500000000000000000, 0.7499999999999998890 ) ) ;
#723 = LINE ( 'NONE', #3211, #106 ) ;
#724 = DIRECTION ( 'NONE',  ( -0.000000000000000000, -1.000000000000000000, -0.000000000000000000 ) ) ;
#725 = VERTEX_POINT ( 'NONE', #835 ) ;
#726 = ORIENTED_EDGE ( 'NONE', *, *, #2623, .F. ) ;
#727 = DIRECTION ( 'NONE',  ( -0.000000000000000000, -1.000000000000000000, -0.000000000000000000 ) ) ;
#728 = CARTESIAN_POINT ( 'NONE',  ( -1.499999999999997780, 0.2999999999999999889, -0.5262563132923540055 ) ) ;
#729 = DIRECTION ( 'NONE',  ( -0.7071067811865521247, -0.000000000000000000, -0.7071067811865430208 ) ) ;
#730 = VECTOR ( 'NONE', #2276, 1000.000000000000000 ) ;
#731 = LINE ( 'NONE', #2685, #2700 ) ;
#732 = AXIS2_PLACEMENT_3D ( 'NONE', #3221, #470, #981 ) ;
#733 = ORIENTED_EDGE ( 'NONE', *, *, #1841, .F. ) ;
#734 = LINE ( 'NONE', #2740, #46 ) ;
#735 = CARTESIAN_POINT ( 'NONE',  ( -1.376256313292352651, 0.000000000000000000, 0.6500000000000001332 ) ) ;
#736 = ORIENTED_EDGE ( 'NONE', *, *, #3101, .T. ) ;
#737 = FACE_OUTER_BOUND ( 'NONE', #3241, .T. ) ;
#738 = FILL_AREA_STYLE_COLOUR ( '', #1481 ) ;
#739 = VECTOR ( 'NONE', #2826, 999.9999999999998863 ) ;
#740 = CIRCLE ( 'NONE', #1945, 0.4484568433375758501 ) ;
#741 = ORIENTED_EDGE ( 'NONE', *, *, #1361, .F. ) ;
#742 = EDGE_LOOP ( 'NONE', ( #2391, #287, #1639, #674 ) ) ;
#743 = PLANE ( 'NONE',  #66 ) ;
#744 = DIRECTION ( 'NONE',  ( -0.7071067811865501263, -0.000000000000000000, 0.7071067811865450192 ) ) ;
#745 = EDGE_CURVE ( 'NONE', #875, #2866, #2006, .T. ) ;
#746 = CARTESIAN_POINT ( 'NONE',  ( -1.349999999999999645, 0.8325000000000000178, -0.2250000000000000888 ) ) ;
#747 =( LENGTH_UNIT ( ) NAMED_UNIT ( * ) SI_UNIT ( .MILLI., .METRE. ) );
#748 = EDGE_LOOP ( 'NONE', ( #2939, #2744, #2816, #67, #1902, #631, #266, #2058, #1015, #644, #2098 ) ) ;
#749 = EDGE_CURVE ( 'NONE', #386, #284, #3084, .T. ) ;
#750 = CARTESIAN_POINT ( 'NONE',  ( -1.049999999999999822, 0.8325000000000000178, 0.5750000000000000666 ) ) ;
#751 = PRESENTATION_STYLE_ASSIGNMENT (( #1541 ) ) ;
#752 = ORIENTED_EDGE ( 'NONE', *, *, #2522, .F. ) ;
#753 = DIRECTION ( 'NONE',  ( 0.000000000000000000, -1.000000000000000000, 0.000000000000000000 ) ) ;
#754 = DIRECTION ( 'NONE',  ( -1.000000000000000000, 0.000000000000000000, 1.355252715606880543E-16 ) ) ;
#755 = AXIS2_PLACEMENT_3D ( 'NONE', #2668, #401, #2112 ) ;
#756 = VERTEX_POINT ( 'NONE', #76 ) ;
#757 = ORIENTED_EDGE ( 'NONE', *, *, #1374, .T. ) ;
#758 = CARTESIAN_POINT ( 'NONE',  ( -1.349999999999999645, 0.9000000000000000222, 0.2250000000000000888 ) ) ;
#759 = DIRECTION ( 'NONE',  ( 0.000000000000000000, -1.000000000000000000, 0.000000000000000000 ) ) ;
#760 = VECTOR ( 'NONE', #29, 1000.000000000000000 ) ;
#761 = AXIS2_PLACEMENT_3D ( 'NONE', #1247, #1987, #2476 ) ;
#762 = DIRECTION ( 'NONE',  ( 0.7071067811865500152, 0.000000000000000000, -0.7071067811865450192 ) ) ;
#763 = VERTEX_POINT ( 'NONE', #2108 ) ;
#764 = CARTESIAN_POINT ( 'NONE',  ( 1.349999999999999645, 0.7499999999999997780, 0.2250000000000000888 ) ) ;
#765 = ADVANCED_FACE ( 'NONE', ( #768 ), #820, .F. ) ;
#766 = CARTESIAN_POINT ( 'NONE',  ( -0.8499999999999994227, 0.2999999999999999889, 0.6500000000000000222 ) ) ;
#767 = VERTEX_POINT ( 'NONE', #1005 ) ;
#768 = FACE_OUTER_BOUND ( 'NONE', #2386, .T. ) ;
#769 = DIRECTION ( 'NONE',  ( 0.000000000000000000, 0.000000000000000000, -1.000000000000000000 ) ) ;
#770 = ORIENTED_EDGE ( 'NONE', *, *, #1984, .F. ) ;
#771 = ADVANCED_FACE ( 'NONE', ( #848 ), #1598, .T. ) ;
#772 = ORIENTED_EDGE ( 'NONE', *, *, #2754, .F. ) ;
#773 = AXIS2_PLACEMENT_3D ( 'NONE', #2994, #2715, #1775 ) ;
#774 = SURFACE_STYLE_USAGE ( .BOTH. , #268 ) ;
#775 = FACE_OUTER_BOUND ( 'NONE', #1138, .T. ) ;
#776 =( NAMED_UNIT ( * ) SI_UNIT ( $, .STERADIAN. ) SOLID_ANGLE_UNIT ( ) );
#777 = EDGE_CURVE ( 'NONE', #586, #1403, #2593, .T. ) ;
#778 = CARTESIAN_POINT ( 'NONE',  ( 1.499999999999997780, 0.2999999999999999889, 0.5262563132923543385 ) ) ;
#779 = EDGE_LOOP ( 'NONE', ( #2084, #1050, #1979, #2888, #1959, #2466, #1022, #2953 ) ) ;
#780 = VECTOR ( 'NONE', #1742, 1000.000000000000000 ) ;
#781 = CYLINDRICAL_SURFACE ( 'NONE', #1064, 0.2999999999999999334 ) ;
#782 = CIRCLE ( 'NONE', #476, 0.2999999999999999889 ) ;
#783 = EDGE_CURVE ( 'NONE', #654, #1230, #1263, .T. ) ;
#784 = ORIENTED_EDGE ( 'NONE', *, *, #1497, .T. ) ;
#785 = ORIENTED_EDGE ( 'NONE', *, *, #900, .T. ) ;
#786 = EDGE_CURVE ( 'NONE', #2359, #1758, #2824, .T. ) ;
#787 = VECTOR ( 'NONE', #3147, 1000.000000000000000 ) ;
#788 = FACE_OUTER_BOUND ( 'NONE', #2880, .T. ) ;
#789 = DIRECTION ( 'NONE',  ( -0.000000000000000000, -1.000000000000000000, 0.000000000000000000 ) ) ;
#790 = DIRECTION ( 'NONE',  ( 0.000000000000000000, -1.000000000000000000, 0.000000000000000000 ) ) ;
#791 = CARTESIAN_POINT ( 'NONE',  ( 1.399999999999999467, 0.8325000000000000178, -0.2250000000000000888 ) ) ;
#792 = ORIENTED_EDGE ( 'NONE', *, *, #2050, .F. ) ;
#793 = EDGE_CURVE ( 'NONE', #1870, #1871, #574, .T. ) ;
#794 = ADVANCED_FACE ( 'NONE', ( #1581 ), #2494, .F. ) ;
#795 = CARTESIAN_POINT ( 'NONE',  ( 1.498456843337575561, 0.7500000000000000000, -0.2250000000000002276 ) ) ;
#796 = ADVANCED_FACE ( 'NONE', ( #247 ), #1812, .F. ) ;
#797 = VERTEX_POINT ( 'NONE', #2892 ) ;
#798 = ORIENTED_EDGE ( 'NONE', *, *, #1425, .F. ) ;
#799 = ADVANCED_FACE ( 'NONE', ( #2156 ), #2661, .F. ) ;
#800 = VECTOR ( 'NONE', #65, 1000.000000000000000 ) ;
#801 = PLANE ( 'NONE',  #1527 ) ;
#802 = LINE ( 'NONE', #344, #1735 ) ;
#803 = VECTOR ( 'NONE', #2980, 1000.000000000000000 ) ;
#804 = CARTESIAN_POINT ( 'NONE',  ( 1.049999999999999822, 0.9000000000000000222, -0.2250000000000000888 ) ) ;
#805 = AXIS2_PLACEMENT_3D ( 'NONE', #2449, #1942, #658 ) ;
#806 = DIRECTION ( 'NONE',  ( -0.000000000000000000, 0.000000000000000000, 1.000000000000000000 ) ) ;
#807 = AXIS2_PLACEMENT_3D ( 'NONE', #1461, #2952, #1480 ) ;
#808 = EDGE_CURVE ( 'NONE', #1494, #840, #2175, .T. ) ;
#809 = ORIENTED_EDGE ( 'NONE', *, *, #1425, .T. ) ;
#810 = VECTOR ( 'NONE', #1899, 1000.000000000000000 ) ;
#811 = UNCERTAINTY_MEASURE_WITH_UNIT (LENGTH_MEASURE( 1.000000000000000082E-05 ), #221, 'distance_accuracy_value', 'NONE');
#812 = CARTESIAN_POINT ( 'NONE',  ( -1.049999999999999822, -2.146981187374194189, -0.5250000000000001332 ) ) ;
#813 = EDGE_LOOP ( 'NONE', ( #2521, #169, #1542, #653 ) ) ;
#814 = PLANE ( 'NONE',  #1472 ) ;
#815 = VERTEX_POINT ( 'NONE', #362 ) ;
#816 = EDGE_LOOP ( 'NONE', ( #1584, #18, #1195, #1248 ) ) ;
#817 = CARTESIAN_POINT ( 'NONE',  ( -0.8499999999999994227, 0.2999999999999999889, 0.6500000000000000222 ) ) ;
#818 = CARTESIAN_POINT ( 'NONE',  ( -1.498456843337575561, 0.8500000000000001998, 0.2250000000000000611 ) ) ;
#819 = AXIS2_PLACEMENT_3D ( 'NONE', #2808, #311, #1943 ) ;
#820 = PLANE ( 'NONE',  #1088 ) ;
#821 = LINE ( 'NONE', #3067, #2882 ) ;
#822 = PLANE ( 'NONE',  #2936 ) ;
#823 = ORIENTED_EDGE ( 'NONE', *, *, #2531, .T. ) ;
#824 = DIRECTION ( 'NONE',  ( -0.000000000000000000, -0.000000000000000000, 1.000000000000000000 ) ) ;
#825 = EDGE_LOOP ( 'NONE', ( #1252, #2569, #784, #1940 ) ) ;
#826 = DIRECTION ( 'NONE',  ( 1.445602896647338522E-15, 0.000000000000000000, 1.000000000000000000 ) ) ;
#827 = VECTOR ( 'NONE', #2716, 1000.000000000000000 ) ;
#828 = FACE_OUTER_BOUND ( 'NONE', #139, .T. ) ;
#829 = EDGE_CURVE ( 'NONE', #2508, #159, #3130, .T. ) ;
#830 = ORIENTED_EDGE ( 'NONE', *, *, #1076, .T. ) ;
#831 = ORIENTED_EDGE ( 'NONE', *, *, #1099, .T. ) ;
#832 = DIRECTION ( 'NONE',  ( -1.000000000000000000, 0.000000000000000000, 0.000000000000000000 ) ) ;
#833 = EDGE_CURVE ( 'NONE', #2359, #1044, #145, .T. ) ;
#834 = CARTESIAN_POINT ( 'NONE',  ( -1.049999999999999822, 0.8500000000000001998, -0.6734568433375761609 ) ) ;
#835 = CARTESIAN_POINT ( 'NONE',  ( -1.498456843337575561, 0.7500000000000000000, -0.2250000000000000888 ) ) ;
#836 = CARTESIAN_POINT ( 'NONE',  ( 1.049999999999999822, 0.7500000000000000000, 0.5749999999999999556 ) ) ;
#837 = LINE ( 'NONE', #2626, #2610 ) ;
#838 = ORIENTED_EDGE ( 'NONE', *, *, #3137, .F. ) ;
#839 = CARTESIAN_POINT ( 'NONE',  ( -1.049999999999999822, 0.7500000000000000000, -0.2250000000000000888 ) ) ;
#840 = VERTEX_POINT ( 'NONE', #181 ) ;
#841 = CARTESIAN_POINT ( 'NONE',  ( -1.575721538653257925, 0.2999999999999999889, 0.6019778519456129295 ) ) ;
#842 = DIRECTION ( 'NONE',  ( -0.000000000000000000, -0.000000000000000000, 1.000000000000000000 ) ) ;
#843 = EDGE_LOOP ( 'NONE', ( #2667, #2344, #1686, #140 ) ) ;
#844 = ORIENTED_EDGE ( 'NONE', *, *, #308, .T. ) ;
#845 = DIRECTION ( 'NONE',  ( 0.7071067811865505703, 0.000000000000000000, -0.7071067811865444641 ) ) ;
#846 = CARTESIAN_POINT ( 'NONE',  ( 0.8499999999999992006, 0.2999999999999999889, 0.6500000000000001332 ) ) ;
#847 = ADVANCED_FACE ( 'NONE', ( #621 ), #378, .F. ) ;
#848 = FACE_OUTER_BOUND ( 'NONE', #2251, .T. ) ;
#849 = DIRECTION ( 'NONE',  ( 0.000000000000000000, -0.000000000000000000, 1.000000000000000000 ) ) ;
#850 = CARTESIAN_POINT ( 'NONE',  ( -1.499999999999997780, 0.2999999999999999889, -0.5262563132923540055 ) ) ;
#851 = VECTOR ( 'NONE', #419, 1000.000000000000000 ) ;
#852 = LINE ( 'NONE', #366, #2587 ) ;
#853 = VERTEX_POINT ( 'NONE', #414 ) ;
#854 = CARTESIAN_POINT ( 'NONE',  ( -1.399999999999999467, 0.7500000000000000000, 0.000000000000000000 ) ) ;
#855 = ORIENTED_EDGE ( 'NONE', *, *, #2793, .F. ) ;
#856 = CARTESIAN_POINT ( 'NONE',  ( 1.600000000000000533, 0.000000000000000000, -0.6000000000000000888 ) ) ;
#857 = LINE ( 'NONE', #1869, #2876 ) ;
#858 = ORIENTED_EDGE ( 'NONE', *, *, #3033, .F. ) ;
#859 = ORIENTED_EDGE ( 'NONE', *, *, #2446, .F. ) ;
#860 = DIRECTION ( 'NONE',  ( -0.000000000000000000, -1.000000000000000000, 0.000000000000000000 ) ) ;
#861 = DIRECTION ( 'NONE',  ( 0.000000000000000000, 0.000000000000000000, 1.000000000000000000 ) ) ;
#862 = DIRECTION ( 'NONE',  ( -1.000000000000000000, 0.000000000000000000, -0.000000000000000000 ) ) ;
#863 = LINE ( 'NONE', #2332, #615 ) ;
#864 = DIRECTION ( 'NONE',  ( 0.000000000000000000, 0.000000000000000000, 1.000000000000000000 ) ) ;
#865 = DIRECTION ( 'NONE',  ( -1.000000000000000000, 0.000000000000000000, -0.000000000000000000 ) ) ;
#866 = ORIENTED_EDGE ( 'NONE', *, *, #2839, .F. ) ;
#867 = DIRECTION ( 'NONE',  ( 0.000000000000000000, 1.000000000000000000, 0.000000000000000000 ) ) ;
#868 = ORIENTED_EDGE ( 'NONE', *, *, #2947, .F. ) ;
#869 = DIRECTION ( 'NONE',  ( -0.000000000000000000, -1.000000000000000000, 0.000000000000000000 ) ) ;
#870 = CARTESIAN_POINT ( 'NONE',  ( -1.451977851945612796, 0.000000000000000000, 0.7257215386532593904 ) ) ;
#871 = EDGE_CURVE ( 'NONE', #1587, #1244, #605, .T. ) ;
#872 = AXIS2_PLACEMENT_3D ( 'NONE', #1704, #252, #3202 ) ;
#873 = EDGE_CURVE ( 'NONE', #81, #318, #922, .T. ) ;
#874 = AXIS2_PLACEMENT_3D ( 'NONE', #439, #3000, #203 ) ;
#875 = VERTEX_POINT ( 'NONE', #2433 ) ;
#876 = ORIENTED_EDGE ( 'NONE', *, *, #306, .F. ) ;
#877 = ORIENTED_EDGE ( 'NONE', *, *, #2774, .F. ) ;
#878 = CYLINDRICAL_SURFACE ( 'NONE', #953, 0.2999999999999999889 ) ;
#879 = AXIS2_PLACEMENT_3D ( 'NONE', #3203, #1757, #254 ) ;
#880 = AXIS2_PLACEMENT_3D ( 'NONE', #2208, #2405, #2941 ) ;
#881 = ADVANCED_FACE ( 'NONE', ( #1892 ), #2929, .F. ) ;
#882 = CARTESIAN_POINT ( 'NONE',  ( -1.499999999999997780, 0.000000000000000000, 0.5262563132923540055 ) ) ;
#883 = DIRECTION ( 'NONE',  ( 0.7071067811865521247, 0.000000000000000000, -0.7071067811865430208 ) ) ;
#884 = CARTESIAN_POINT ( 'NONE',  ( -1.451977851945612796, 0.000000000000000000, -0.7257215386532593904 ) ) ;
#885 = DIRECTION ( 'NONE',  ( -0.7071067811865505703, 0.000000000000000000, 0.7071067811865444641 ) ) ;
#886 = AXIS2_PLACEMENT_3D ( 'NONE', #634, #2890, #845 ) ;
#887 = LINE ( 'NONE', #1194, #961 ) ;
#888 = ORIENTED_EDGE ( 'NONE', *, *, #157, .T. ) ;
#889 = CARTESIAN_POINT ( 'NONE',  ( 0.8499999999999992006, 0.000000000000000000, 0.6500000000000001332 ) ) ;
#890 = ORIENTED_EDGE ( 'NONE', *, *, #1264, .F. ) ;
#891 = EDGE_CURVE ( 'NONE', #1430, #1427, #1399, .T. ) ;
#892 = EDGE_CURVE ( 'NONE', #121, #1494, #1085, .T. ) ;
#893 = LINE ( 'NONE', #1142, #810 ) ;
#894 = CARTESIAN_POINT ( 'NONE',  ( -1.049999999999999822, 0.8500000000000001998, 0.2250000000000000888 ) ) ;
#895 = ADVANCED_FACE ( 'NONE', ( #2364 ), #1650, .F. ) ;
#896 = ORIENTED_EDGE ( 'NONE', *, *, #1473, .T. ) ;
#897 = ORIENTED_EDGE ( 'NONE', *, *, #2708, .T. ) ;
#898 = ORIENTED_EDGE ( 'NONE', *, *, #1760, .F. ) ;
#899 = PLANE ( 'NONE',  #2004 ) ;
#900 = EDGE_CURVE ( 'NONE', #2745, #1870, #1635, .T. ) ;
#901 = LINE ( 'NONE', #3217, #2437 ) ;
#902 = DIRECTION ( 'NONE',  ( 0.000000000000000000, 1.000000000000000000, 0.000000000000000000 ) ) ;
#903 = CARTESIAN_POINT ( 'NONE',  ( 0.000000000000000000, 0.000000000000000000, 0.000000000000000000 ) ) ;
#904 = VECTOR ( 'NONE', #824, 1000.000000000000000 ) ;
#905 = SURFACE_STYLE_USAGE ( .BOTH. , #1420 ) ;
#906 = DIRECTION ( 'NONE',  ( 0.000000000000000000, -1.000000000000000000, 0.000000000000000000 ) ) ;
#907 = EDGE_LOOP ( 'NONE', ( #890, #1830, #2835, #2267 ) ) ;
#908 = EDGE_CURVE ( 'NONE', #222, #30, #1435, .T. ) ;
#909 = DIRECTION ( 'NONE',  ( 0.000000000000000000, -0.000000000000000000, 1.000000000000000000 ) ) ;
#910 = CIRCLE ( 'NONE', #26, 0.1500000000000000777 ) ;
#911 = ORIENTED_EDGE ( 'NONE', *, *, #2989, .F. ) ;
#912 = DIRECTION ( 'NONE',  ( 0.000000000000000000, 0.000000000000000000, -1.000000000000000000 ) ) ;
#913 = DIRECTION ( 'NONE',  ( -0.7071067811865536790, 0.000000000000000000, -0.7071067811865414665 ) ) ;
#914 = AXIS2_PLACEMENT_3D ( 'NONE', #1239, #727, #1488 ) ;
#915 = ADVANCED_FACE ( 'NONE', ( #2135 ), #1670, .F. ) ;
#916 = ORIENTED_EDGE ( 'NONE', *, *, #97, .F. ) ;
#917 = VERTEX_POINT ( 'NONE', #2682 ) ;
#918 = VERTEX_POINT ( 'NONE', #435 ) ;
#919 = AXIS2_PLACEMENT_3D ( 'NONE', #3177, #2919, #912 ) ;
#920 = LINE ( 'NONE', #1888, #2782 ) ;
#921 = DIRECTION ( 'NONE',  ( 1.000000000000000000, 0.000000000000000000, 4.120433884023326472E-16 ) ) ;
#922 = LINE ( 'NONE', #1927, #2765 ) ;
#923 = DIRECTION ( 'NONE',  ( 0.000000000000000000, 0.000000000000000000, -1.000000000000000000 ) ) ;
#924 = CARTESIAN_POINT ( 'NONE',  ( 0.8499999999999992006, 0.2999999999999999889, 0.6500000000000001332 ) ) ;
#925 = EDGE_CURVE ( 'NONE', #1199, #1225, #79, .T. ) ;
#926 = EDGE_CURVE ( 'NONE', #991, #1110, #941, .T. ) ;
#927 = LINE ( 'NONE', #2398, #1368 ) ;
#928 = VERTEX_POINT ( 'NONE', #2452 ) ;
#929 = LINE ( 'NONE', #750, #2731 ) ;
#930 = VECTOR ( 'NONE', #1170, 1000.000000000000000 ) ;
#931 = CARTESIAN_POINT ( 'NONE',  ( 1.049999999999999822, 0.8325000000000000178, 0.2250000000000000888 ) ) ;
#932 = ORIENTED_EDGE ( 'NONE', *, *, #1185, .T. ) ;
#933 = VECTOR ( 'NONE', #2509, 1000.000000000000000 ) ;
#934 = DIRECTION ( 'NONE',  ( -1.000000000000000000, 0.000000000000000000, 4.120433884023326472E-16 ) ) ;
#935 = CYLINDRICAL_SURFACE ( 'NONE', #880, 0.2999999999999999889 ) ;
#936 = EDGE_LOOP ( 'NONE', ( #577, #785, #1697, #1220 ) ) ;
#937 = VERTEX_POINT ( 'NONE', #469 ) ;
#938 = CARTESIAN_POINT ( 'NONE',  ( 1.498456843337575561, 0.8500000000000001998, -0.2250000000000000888 ) ) ;
#939 = CARTESIAN_POINT ( 'NONE',  ( 1.498456843337575561, 0.8500000000000001998, 0.2250000000000001443 ) ) ;
#940 = ADVANCED_FACE ( 'NONE', ( #2961 ), #1963, .F. ) ;
#941 = LINE ( 'NONE', #994, #1613 ) ;
#942 = AXIS2_PLACEMENT_3D ( 'NONE', #2092, #80, #1876 ) ;
#943 = EDGE_CURVE ( 'NONE', #875, #1079, #2451, .T. ) ;
#945 = CLOSED_SHELL ( 'NONE', ( #331, #940, #502, #2121, #1570, #1445, #2059, #1609, #2048, #2082, #895, #881, #799, #2737, #1316, #2829, #2654, #1623, #2290, #2897, #915, #2881, #3237, #1319, #341, #2544, #1479, #554, #3060, #1938, #372, #1861, #1810, #358, #77, #703, #1281, #1041, #110, #514, #320, #581, #2734, #847, #466 ) ) ;
#944 = CIRCLE ( 'NONE', #1098, 0.1500000000000000777 ) ;
#946 = LINE ( 'NONE', #239, #2261 ) ;
#947 = PLANE ( 'NONE',  #360 ) ;
#948 = DIRECTION ( 'NONE',  ( -1.000000000000000000, 0.000000000000000000, -2.060216942011664715E-16 ) ) ;
#949 = VERTEX_POINT ( 'NONE', #1509 ) ;
#950 = ADVANCED_FACE ( 'NONE', ( #1720 ), #197, .T. ) ;
#951 = LINE ( 'NONE', #3190, #229 ) ;
#952 = LINE ( 'NONE', #1442, #597 ) ;
#953 = AXIS2_PLACEMENT_3D ( 'NONE', #3093, #1612, #142 ) ;
#954 = ORIENTED_EDGE ( 'NONE', *, *, #1849, .T. ) ;
#955 = DIRECTION ( 'NONE',  ( 0.000000000000000000, 0.000000000000000000, -1.000000000000000000 ) ) ;
#956 = SHAPE_DEFINITION_REPRESENTATION ( #245, #2767 ) ;
#957 = CARTESIAN_POINT ( 'NONE',  ( 1.600000000000000533, 0.7500000000000000000, 0.7499999999999998890 ) ) ;
#958 = CYLINDRICAL_SURFACE ( 'NONE', #483, 0.1500000000000000777 ) ;
#959 = EDGE_LOOP ( 'NONE', ( #286, #2336, #2657, #2237 ) ) ;
#960 = ORIENTED_EDGE ( 'NONE', *, *, #2450, .F. ) ;
#961 = VECTOR ( 'NONE', #684, 1000.000000000000000 ) ;
#962 = PLANE ( 'NONE',  #2240 ) ;
#963 = DIRECTION ( 'NONE',  ( 0.000000000000000000, 0.000000000000000000, 1.000000000000000000 ) ) ;
#964 = LINE ( 'NONE', #1192, #2461 ) ;
#965 = EDGE_CURVE ( 'NONE', #917, #1555, #2195, .T. ) ;
#966 = CARTESIAN_POINT ( 'NONE',  ( 1.349999999999999645, 0.7499999999999997780, -0.2250000000000000888 ) ) ;
#967 = ORIENTED_EDGE ( 'NONE', *, *, #292, .T. ) ;
#968 = AXIS2_PLACEMENT_3D ( 'NONE', #839, #1745, #1933 ) ;
#969 = CARTESIAN_POINT ( 'NONE',  ( -1.599999999999999645, 0.2999999999999999889, -0.7499999999999996669 ) ) ;
#970 = DIRECTION ( 'NONE',  ( 0.000000000000000000, 1.000000000000000000, 0.000000000000000000 ) ) ;
#971 = ORIENTED_EDGE ( 'NONE', *, *, #2676, .F. ) ;
#972 = PLANE ( 'NONE',  #2770 ) ;
#973 = DIRECTION ( 'NONE',  ( 0.000000000000000000, -1.000000000000000000, 0.000000000000000000 ) ) ;
#974 = DIRECTION ( 'NONE',  ( 0.000000000000000000, 0.000000000000000000, -1.000000000000000000 ) ) ;
#975 = VECTOR ( 'NONE', #1028, 1000.000000000000000 ) ;
#976 = ORIENTED_EDGE ( 'NONE', *, *, #34, .F. ) ;
#977 = VERTEX_POINT ( 'NONE', #1455 ) ;
#978 =( GEOMETRIC_REPRESENTATION_CONTEXT ( 3 ) GLOBAL_UNCERTAINTY_ASSIGNED_CONTEXT ( ( #315 ) ) GLOBAL_UNIT_ASSIGNED_CONTEXT ( ( #549, #510, #2019 ) ) REPRESENTATION_CONTEXT ( 'NONE', 'WORKASPACE' ) );
#979 = CARTESIAN_POINT ( 'NONE',  ( 1.049999999999999822, 0.7499999999999997780, -0.5250000000000001332 ) ) ;
#980 = DIRECTION ( 'NONE',  ( 0.000000000000000000, 0.000000000000000000, 1.000000000000000000 ) ) ;
#981 = DIRECTION ( 'NONE',  ( 0.000000000000000000, 1.000000000000000000, 0.000000000000000000 ) ) ;
#982 = CARTESIAN_POINT ( 'NONE',  ( -1.575721538653257925, 0.2999999999999999889, 0.6019778519456129295 ) ) ;
#983 = EDGE_LOOP ( 'NONE', ( #1279, #2620, #2678, #1317 ) ) ;
#984 = LINE ( 'NONE', #1214, #1051 ) ;
#985 = CARTESIAN_POINT ( 'NONE',  ( -1.499999999999997780, 0.2999999999999999889, 0.5262563132923540055 ) ) ;
#986 = ORIENTED_EDGE ( 'NONE', *, *, #2688, .F. ) ;
#987 = DIRECTION ( 'NONE',  ( 0.000000000000000000, 1.000000000000000000, 0.000000000000000000 ) ) ;
#988 = CARTESIAN_POINT ( 'NONE',  ( -1.049999999999999822, 0.7500000000000000000, 0.2250000000000000888 ) ) ;
#989 = EDGE_CURVE ( 'NONE', #52, #3109, #2945, .T. ) ;
#990 = ORIENTED_EDGE ( 'NONE', *, *, #2889, .T. ) ;
#991 = VERTEX_POINT ( 'NONE', #2699 ) ;
#992 = CARTESIAN_POINT ( 'NONE',  ( -1.599999999999999645, 0.2999999999999999889, 0.7499999999999996669 ) ) ;
#993 = EDGE_CURVE ( 'NONE', #2672, #392, #23, .T. ) ;
#994 = CARTESIAN_POINT ( 'NONE',  ( 1.049999999999999822, 0.7500000000000000000, 0.6734568433375761609 ) ) ;
#995 = DIRECTION ( 'NONE',  ( -0.000000000000000000, -1.000000000000000000, -0.000000000000000000 ) ) ;
#996 = VECTOR ( 'NONE', #571, 1000.000000000000000 ) ;
#997 = DIRECTION ( 'NONE',  ( -0.000000000000000000, -1.000000000000000000, -0.000000000000000000 ) ) ;
#998 = VECTOR ( 'NONE', #1436, 1000.000000000000000 ) ;
#999 = VERTEX_POINT ( 'NONE', #1756 ) ;
#1000 = FACE_OUTER_BOUND ( 'NONE', #1611, .T. ) ;
#1001 = AXIS2_PLACEMENT_3D ( 'NONE', #302, #3058, #355 ) ;
#1002 = SURFACE_STYLE_FILL_AREA ( #525 ) ;
#1003 = ADVANCED_FACE ( 'NONE', ( #519 ), #2764, .T. ) ;
#1004 = ORIENTED_EDGE ( 'NONE', *, *, #2529, .T. ) ;
#1005 = CARTESIAN_POINT ( 'NONE',  ( -1.349999999999999645, 0.8325000000000000178, 0.000000000000000000 ) ) ;
#1006 = FACE_OUTER_BOUND ( 'NONE', #2186, .T. ) ;
#1007 = ADVANCED_FACE ( 'NONE', ( #10 ), #2516, .T. ) ;
#1008 = AXIS2_PLACEMENT_3D ( 'NONE', #3213, #3230, #2007 ) ;
#1009 = PRODUCT ( 'XTAL_3215-2P', 'XTAL_3215-2P', '', ( #3210 ) ) ;
#1010 = VERTEX_POINT ( 'NONE', #714 ) ;
#1011 = EDGE_LOOP ( 'NONE', ( #2804, #2905, #2992, #1573 ) ) ;
#1012 = DIRECTION ( 'NONE',  ( 0.000000000000000000, -1.000000000000000000, 0.000000000000000000 ) ) ;
#1013 = CARTESIAN_POINT ( 'NONE',  ( 0.8499999999999992006, 0.2999999999999999889, 0.6500000000000001332 ) ) ;
#1014 = EDGE_CURVE ( 'NONE', #1010, #2294, #2140, .T. ) ;
#1015 = ORIENTED_EDGE ( 'NONE', *, *, #1293, .T. ) ;
#1016 = DIRECTION ( 'NONE',  ( 0.000000000000000000, 1.000000000000000000, 0.000000000000000000 ) ) ;
#1017 = VERTEX_POINT ( 'NONE', #1254 ) ;
#1018 = EDGE_CURVE ( 'NONE', #526, #409, #1025, .T. ) ;
#1019 = CARTESIAN_POINT ( 'NONE',  ( 1.451977851945612796, 0.2999999999999999889, -0.7257215386532593904 ) ) ;
#1020 =( LENGTH_UNIT ( ) NAMED_UNIT ( * ) SI_UNIT ( .MILLI., .METRE. ) );
#1021 = ORIENTED_EDGE ( 'NONE', *, *, #1380, .T. ) ;
#1022 = ORIENTED_EDGE ( 'NONE', *, *, #220, .T. ) ;
#1023 = EDGE_CURVE ( 'NONE', #485, #2582, #2215, .T. ) ;
#1024 = VECTOR ( 'NONE', #2250, 1000.000000000000000 ) ;
#1025 = LINE ( 'NONE', #269, #2556 ) ;
#1026 = VECTOR ( 'NONE', #187, 1000.000000000000000 ) ;
#1027 = CIRCLE ( 'NONE', #3220, 0.2999999999999999889 ) ;
#1028 = DIRECTION ( 'NONE',  ( 0.000000000000000000, 0.000000000000000000, -1.000000000000000000 ) ) ;
#1029 = ORIENTED_EDGE ( 'NONE', *, *, #1432, .T. ) ;
#1030 = DIRECTION ( 'NONE',  ( -0.000000000000000000, -1.000000000000000000, -0.000000000000000000 ) ) ;
#1031 = EDGE_CURVE ( 'NONE', #1188, #2026, #3234, .T. ) ;
#1032 = CARTESIAN_POINT ( 'NONE',  ( -0.8499999999999994227, 0.000000000000000000, 0.6500000000000000222 ) ) ;
#1033 = EDGE_CURVE ( 'NONE', #2230, #1978, #1739, .T. ) ;
#1034 = EDGE_LOOP ( 'NONE', ( #1985, #1777, #1733, #990 ) ) ;
#1035 = LINE ( 'NONE', #562, #800 ) ;
#1036 = EDGE_CURVE ( 'NONE', #763, #231, #2817, .T. ) ;
#1037 = ORIENTED_EDGE ( 'NONE', *, *, #2218, .F. ) ;
#1038 = ORIENTED_EDGE ( 'NONE', *, *, #692, .T. ) ;
#1039 = DIRECTION ( 'NONE',  ( 0.000000000000000000, 1.000000000000000000, 0.000000000000000000 ) ) ;
#1040 = DIRECTION ( 'NONE',  ( 0.000000000000000000, 0.000000000000000000, 1.000000000000000000 ) ) ;
#1041 = ADVANCED_FACE ( 'NONE', ( #2484 ), #237, .F. ) ;
#1042 = CARTESIAN_POINT ( 'NONE',  ( 1.049999999999999822, 0.8325000000000000178, 0.5250000000000001332 ) ) ;
#1043 = VECTOR ( 'NONE', #1456, 1000.000000000000000 ) ;
#1044 = VERTEX_POINT ( 'NONE', #3063 ) ;
#1045 = EDGE_CURVE ( 'NONE', #617, #928, #1340, .T. ) ;
#1046 = CIRCLE ( 'NONE', #2726, 0.1000000000000000472 ) ;
#1047 = CARTESIAN_POINT ( 'NONE',  ( 1.049999999999999822, 0.9000000000000000222, 0.2250000000000000888 ) ) ;
#1048 = AXIS2_PLACEMENT_3D ( 'NONE', #1558, #2322, #69 ) ;
#1049 = ORIENTED_EDGE ( 'NONE', *, *, #2775, .F. ) ;
#1050 = ORIENTED_EDGE ( 'NONE', *, *, #354, .F. ) ;
#1051 = VECTOR ( 'NONE', #1725, 1000.000000000000000 ) ;
#1052 = CIRCLE ( 'NONE', #2357, 0.4484568433375759056 ) ;
#1053 = DIRECTION ( 'NONE',  ( 0.000000000000000000, 1.000000000000000000, -0.000000000000000000 ) ) ;
#1054 = DIRECTION ( 'NONE',  ( -0.7071067811865501263, -0.000000000000000000, 0.7071067811865450192 ) ) ;
#1055 = EDGE_CURVE ( 'NONE', #284, #515, #3079, .T. ) ;
#1056 = DIRECTION ( 'NONE',  ( -0.000000000000000000, -0.000000000000000000, 1.000000000000000000 ) ) ;
#1057 = EDGE_CURVE ( 'NONE', #3232, #522, #2527, .T. ) ;
#1058 = CARTESIAN_POINT ( 'NONE',  ( -1.349999999999999645, 0.7499999999999997780, 0.2250000000000003109 ) ) ;
#1059 = DIRECTION ( 'NONE',  ( 0.000000000000000000, 0.000000000000000000, -1.000000000000000000 ) ) ;
#1060 = ORIENTED_EDGE ( 'NONE', *, *, #2637, .T. ) ;
#1061 = CARTESIAN_POINT ( 'NONE',  ( -1.376256313292352651, 0.000000000000000000, 0.6500000000000001332 ) ) ;
#1062 = ORIENTED_EDGE ( 'NONE', *, *, #2063, .T. ) ;
#1063 = LINE ( 'NONE', #1112, #3192 ) ;
#1064 = AXIS2_PLACEMENT_3D ( 'NONE', #2097, #2773, #769 ) ;
#1065 = ORIENTED_EDGE ( 'NONE', *, *, #3228, .T. ) ;
#1066 = DIRECTION ( 'NONE',  ( -0.7071067811865520136, 0.000000000000000000, 0.7071067811865431318 ) ) ;
#1067 = MECHANICAL_DESIGN_GEOMETRIC_PRESENTATION_REPRESENTATION (  '', ( #1282 ), #1549 ) ;
#1068 = LINE ( 'NONE', #846, #1857 ) ;
#1069 = DIRECTION ( 'NONE',  ( 0.000000000000000000, 1.000000000000000000, 0.000000000000000000 ) ) ;
#1070 = VECTOR ( 'NONE', #434, 1000.000000000000000 ) ;
#1071 = CARTESIAN_POINT ( 'NONE',  ( 1.600000000000000533, 0.000000000000000000, -0.7500000000000001110 ) ) ;
#1072 = CIRCLE ( 'NONE', #807, 0.4484568433375758501 ) ;
#1073 = CARTESIAN_POINT ( 'NONE',  ( -1.399999999999999467, 0.7500000000000000000, 0.2250000000000002831 ) ) ;
#1074 = ORIENTED_EDGE ( 'NONE', *, *, #2754, .T. ) ;
#1075 = AXIS2_PLACEMENT_3D ( 'NONE', #1217, #1990, #955 ) ;
#1076 = EDGE_CURVE ( 'NONE', #126, #1592, #802, .T. ) ;
#1077 = UNCERTAINTY_MEASURE_WITH_UNIT (LENGTH_MEASURE( 1.000000000000000082E-05 ), #2031, 'distance_accuracy_value', 'NONE');
#1078 = FACE_OUTER_BOUND ( 'NONE', #816, .T. ) ;
#1079 = VERTEX_POINT ( 'NONE', #44 ) ;
#1080 = DIRECTION ( 'NONE',  ( 4.336808689942025625E-15, 1.000000000000000000, 0.000000000000000000 ) ) ;
#1081 = DIRECTION ( 'NONE',  ( 1.000000000000000000, -0.000000000000000000, 0.000000000000000000 ) ) ;
#1082 = EDGE_LOOP ( 'NONE', ( #2309, #391, #3139, #1885 ) ) ;
#1083 = ORIENTED_EDGE ( 'NONE', *, *, #1734, .T. ) ;
#1084 = DIRECTION ( 'NONE',  ( -0.000000000000000000, -1.000000000000000000, -0.000000000000000000 ) ) ;
#1085 = CIRCLE ( 'NONE', #1780, 0.3499999999999998113 ) ;
#1086 = EDGE_CURVE ( 'NONE', #425, #815, #300, .T. ) ;
#1087 = CYLINDRICAL_SURFACE ( 'NONE', #2535, 0.1500000000000000777 ) ;
#1088 = AXIS2_PLACEMENT_3D ( 'NONE', #2560, #1069, #3096 ) ;
#1089 = DIRECTION ( 'NONE',  ( -0.7071067811865521247, 0.000000000000000000, -0.7071067811865430208 ) ) ;
#1090 = CARTESIAN_POINT ( 'NONE',  ( -1.451977851945612796, 0.000000000000000000, 0.7257215386532593904 ) ) ;
#1091 = CARTESIAN_POINT ( 'NONE',  ( 1.575721538653257925, 0.000000000000000000, 0.6019778519456129295 ) ) ;
#1092 = EDGE_LOOP ( 'NONE', ( #2720, #633, #2843, #1645 ) ) ;
#1093 = CARTESIAN_POINT ( 'NONE',  ( 0.8499999999999992006, 0.2999999999999999889, 0.6500000000000001332 ) ) ;
#1094 = ORIENTED_EDGE ( 'NONE', *, *, #3044, .T. ) ;
#1095 = PLANE ( 'NONE',  #1661 ) ;
#1096 = AXIS2_PLACEMENT_3D ( 'NONE', #1617, #2894, #2380 ) ;
#1097 = CARTESIAN_POINT ( 'NONE',  ( 1.498456843337575561, 0.7500000000000000000, -0.2250000000000000888 ) ) ;
#1098 = AXIS2_PLACEMENT_3D ( 'NONE', #2583, #68, #826 ) ;
#1099 = EDGE_CURVE ( 'NONE', #2009, #386, #2985, .T. ) ;
#1100 = EDGE_LOOP ( 'NONE', ( #101, #1322, #1605, #270 ) ) ;
#1101 = ORIENTED_EDGE ( 'NONE', *, *, #589, .F. ) ;
#1102 = CARTESIAN_POINT ( 'NONE',  ( 1.049999999999999822, 0.7500000000000000000, 0.2250000000000000888 ) ) ;
#1103 = VECTOR ( 'NONE', #2695, 1000.000000000000000 ) ;
#1104 = DIRECTION ( 'NONE',  ( 1.000000000000000000, 0.000000000000000000, 0.000000000000000000 ) ) ;
#1105 = PLANE ( 'NONE',  #404 ) ;
#1106 = CARTESIAN_POINT ( 'NONE',  ( 1.450000000000000622, 0.000000000000000000, 0.7499999999999998890 ) ) ;
#1107 = DIRECTION ( 'NONE',  ( 0.000000000000000000, 0.000000000000000000, -1.000000000000000000 ) ) ;
#1108 = EDGE_LOOP ( 'NONE', ( #84, #2923, #3032, #3216 ) ) ;
#1109 = CARTESIAN_POINT ( 'NONE',  ( -0.8499999999999994227, 0.2999999999999999889, -0.6500000000000000222 ) ) ;
#1110 = VERTEX_POINT ( 'NONE', #1294 ) ;
#1111 = DIRECTION ( 'NONE',  ( 0.000000000000000000, -1.000000000000000000, -0.000000000000000000 ) ) ;
#1112 = CARTESIAN_POINT ( 'NONE',  ( -1.599999999999999645, 0.7500000000000000000, 0.7500000000000003331 ) ) ;
#1113 = VERTEX_POINT ( 'NONE', #279 ) ;
#1114 = ORIENTED_EDGE ( 'NONE', *, *, #926, .T. ) ;
#1115 = FACE_OUTER_BOUND ( 'NONE', #1390, .T. ) ;
#1116 = DIRECTION ( 'NONE',  ( 0.000000000000000000, 0.000000000000000000, 1.000000000000000000 ) ) ;
#1117 = DIRECTION ( 'NONE',  ( 0.000000000000000000, -1.000000000000000000, 0.000000000000000000 ) ) ;
#1118 = DIRECTION ( 'NONE',  ( 0.000000000000000000, 1.000000000000000000, -0.000000000000000000 ) ) ;
#1119 = DIRECTION ( 'NONE',  ( -1.000000000000000000, -0.000000000000000000, 0.000000000000000000 ) ) ;
#1120 = VECTOR ( 'NONE', #2120, 1000.000000000000000 ) ;
#1121 = FILL_AREA_STYLE ('',( #133 ) ) ;
#1122 = VERTEX_POINT ( 'NONE', #557 ) ;
#1123 = ADVANCED_FACE ( 'NONE', ( #2038 ), #1797, .T. ) ;
#1124 = DIRECTION ( 'NONE',  ( 1.000000000000000000, -0.000000000000000000, 2.060216942011664961E-16 ) ) ;
#1125 = VERTEX_POINT ( 'NONE', #2819 ) ;
#1126 = CARTESIAN_POINT ( 'NONE',  ( 1.049999999999999822, 0.8325000000000000178, 0.5749999999999999556 ) ) ;
#1127 = PLANE ( 'NONE',  #2823 ) ;
#1128 = EDGE_CURVE ( 'NONE', #499, #1187, #1827, .T. ) ;
#1129 = EDGE_LOOP ( 'NONE', ( #550, #2360, #531, #2321 ) ) ;
#1130 = ORIENTED_EDGE ( 'NONE', *, *, #783, .T. ) ;
#1131 = DIRECTION ( 'NONE',  ( 0.000000000000000000, 1.000000000000000000, 0.000000000000000000 ) ) ;
#1132 = CARTESIAN_POINT ( 'NONE',  ( -1.575721538653257925, 0.2999999999999999889, -0.6019778519456129295 ) ) ;
#1133 = CARTESIAN_POINT ( 'NONE',  ( -0.8499999999999994227, 0.2999999999999999889, 0.4499999999999999556 ) ) ;
#1134 = LINE ( 'NONE', #1860, #2724 ) ;
#1135 = EDGE_CURVE ( 'NONE', #392, #231, #2570, .T. ) ;
#1136 = ADVANCED_FACE ( 'NONE', ( #775 ), #2807, .F. ) ;
#1137 = CARTESIAN_POINT ( 'NONE',  ( 1.499999999999997780, 0.000000000000000000, 0.5262563132923543385 ) ) ;
#1138 = EDGE_LOOP ( 'NONE', ( #2132, #1660, #1203, #3061, #277, #844, #390, #3189 ) ) ;
#1139 = EDGE_CURVE ( 'NONE', #409, #2811, #2296, .T. ) ;
#1140 = DIRECTION ( 'NONE',  ( 1.000000000000000000, 0.000000000000000000, -4.120433884023326472E-16 ) ) ;
#1141 = ORIENTED_EDGE ( 'NONE', *, *, #1393, .F. ) ;
#1142 = CARTESIAN_POINT ( 'NONE',  ( -1.451977851945612796, 0.2999999999999999889, 0.7257215386532593904 ) ) ;
#1143 = CARTESIAN_POINT ( 'NONE',  ( 1.575721538653257925, 0.2999999999999999889, 0.6019778519456132626 ) ) ;
#1144 = AXIS2_PLACEMENT_3D ( 'NONE', #2732, #2748, #1524 ) ;
#1145 = VECTOR ( 'NONE', #729, 1000.000000000000000 ) ;
#1146 = ORIENTED_EDGE ( 'NONE', *, *, #2173, .F. ) ;
#1147 = ORIENTED_EDGE ( 'NONE', *, *, #2675, .T. ) ;
#1148 = ORIENTED_EDGE ( 'NONE', *, *, #2793, .T. ) ;
#1149 = DIRECTION ( 'NONE',  ( 1.000000000000000000, 0.000000000000000000, 1.813221587416001467E-16 ) ) ;
#1150 = LINE ( 'NONE', #979, #1443 ) ;
#1151 = EDGE_CURVE ( 'NONE', #1314, #1292, #2543, .T. ) ;
#1152 = DIRECTION ( 'NONE',  ( 0.000000000000000000, 1.000000000000000000, 0.000000000000000000 ) ) ;
#1153 = DIRECTION ( 'NONE',  ( 1.000000000000000000, 0.000000000000000000, 0.000000000000000000 ) ) ;
#1154 = EDGE_CURVE ( 'NONE', #1664, #1521, #1809, .T. ) ;
#1155 = CARTESIAN_POINT ( 'NONE',  ( 1.499999999999997780, 0.2999999999999999889, 0.5262563132923543385 ) ) ;
#1156 = AXIS2_PLACEMENT_3D ( 'NONE', #2591, #2345, #90 ) ;
#1157 = FACE_OUTER_BOUND ( 'NONE', #336, .T. ) ;
#1158 = ORIENTED_EDGE ( 'NONE', *, *, #2420, .T. ) ;
#1159 = FACE_OUTER_BOUND ( 'NONE', #959, .T. ) ;
#1160 = ORIENTED_EDGE ( 'NONE', *, *, #1492, .F. ) ;
#1161 = DIRECTION ( 'NONE',  ( -0.000000000000000000, -1.000000000000000000, 0.000000000000000000 ) ) ;
#1162 = CARTESIAN_POINT ( 'NONE',  ( -0.8499999999999994227, 0.000000000000000000, -0.6500000000000000222 ) ) ;
#1163 = ORIENTED_EDGE ( 'NONE', *, *, #2088, .F. ) ;
#1164 = ORIENTED_EDGE ( 'NONE', *, *, #3004, .T. ) ;
#1165 = ORIENTED_EDGE ( 'NONE', *, *, #232, .T. ) ;
#1166 = DIRECTION ( 'NONE',  ( 0.000000000000000000, 0.000000000000000000, -1.000000000000000000 ) ) ;
#1167 = ADVANCED_FACE ( 'NONE', ( #3051 ), #1309, .T. ) ;
#1168 = ADVANCED_FACE ( 'NONE', ( #2070 ), #1840, .F. ) ;
#1169 = CARTESIAN_POINT ( 'NONE',  ( 1.049999999999999822, 0.7499999999999997780, 0.5250000000000001332 ) ) ;
#1170 = DIRECTION ( 'NONE',  ( 0.000000000000000000, -1.000000000000000000, 0.000000000000000000 ) ) ;
#1171 = LINE ( 'NONE', #3168, #780 ) ;
#1172 = AXIS2_PLACEMENT_3D ( 'NONE', #1196, #257, #1477 ) ;
#1173 = CARTESIAN_POINT ( 'NONE',  ( -1.399999999999999467, 0.7500000000000000000, -0.2250000000000000888 ) ) ;
#1174 = VERTEX_POINT ( 'NONE', #1594 ) ;
#1175 = DIRECTION ( 'NONE',  ( 1.000000000000000000, 0.000000000000000000, -1.355252715606880543E-16 ) ) ;
#1176 = CARTESIAN_POINT ( 'NONE',  ( -1.050000000000000044, 0.000000000000000000, 0.6500000000000000222 ) ) ;
#1177 = VECTOR ( 'NONE', #790, 1000.000000000000000 ) ;
#1178 = ORIENTED_EDGE ( 'NONE', *, *, #1580, .F. ) ;
#1179 = EDGE_CURVE ( 'NONE', #2745, #81, #3143, .T. ) ;
#1180 = AXIS2_PLACEMENT_3D ( 'NONE', #2686, #3172, #118 ) ;
#1181 = CARTESIAN_POINT ( 'NONE',  ( -0.8499999999999994227, 0.2999999999999999889, 0.6500000000000000222 ) ) ;
#1182 = DIRECTION ( 'NONE',  ( 1.000000000000000000, 0.000000000000000000, 0.000000000000000000 ) ) ;
#1183 = DIRECTION ( 'NONE',  ( -0.000000000000000000, 0.000000000000000000, -1.000000000000000000 ) ) ;
#1184 = VECTOR ( 'NONE', #487, 1000.000000000000000 ) ;
#1185 = EDGE_CURVE ( 'NONE', #1521, #767, #2640, .T. ) ;
#1186 = ORIENTED_EDGE ( 'NONE', *, *, #2690, .T. ) ;
#1187 = VERTEX_POINT ( 'NONE', #1414 ) ;
#1188 = VERTEX_POINT ( 'NONE', #676 ) ;
#1189 = LINE ( 'NONE', #2012, #2154 ) ;
#1190 = DIRECTION ( 'NONE',  ( 0.000000000000000000, 1.000000000000000000, 0.000000000000000000 ) ) ;
#1191 = CARTESIAN_POINT ( 'NONE',  ( -1.049999999999999822, 0.8325000000000000178, -0.2250000000000000888 ) ) ;
#1192 = CARTESIAN_POINT ( 'NONE',  ( 0.8499999999999992006, 0.2999999999999999889, -0.6500000000000001332 ) ) ;
#1193 = DIRECTION ( 'NONE',  ( -0.000000000000000000, 1.000000000000000000, -0.000000000000000000 ) ) ;
#1194 = CARTESIAN_POINT ( 'NONE',  ( -1.499999999999997780, 0.000000000000000000, 0.5262563132923540055 ) ) ;
#1195 = ORIENTED_EDGE ( 'NONE', *, *, #1718, .F. ) ;
#1196 = CARTESIAN_POINT ( 'NONE',  ( -1.049999999999999822, 0.9000000000000000222, -0.2250000000000000888 ) ) ;
#1197 = AXIS2_PLACEMENT_3D ( 'NONE', #3041, #2795, #74 ) ;
#1198 = LINE ( 'NONE', #1228, #3056 ) ;
#1199 = VERTEX_POINT ( 'NONE', #2854 ) ;
#1200 = CARTESIAN_POINT ( 'NONE',  ( -1.376256313292352429, 0.2999999999999999889, -0.6500000000000001332 ) ) ;
#1201 = DIRECTION ( 'NONE',  ( 1.000000000000000000, 0.000000000000000000, 0.000000000000000000 ) ) ;
#1202 = CARTESIAN_POINT ( 'NONE',  ( -1.399999999999999467, 0.8325000000000000178, 0.000000000000000000 ) ) ;
#1203 = ORIENTED_EDGE ( 'NONE', *, *, #2554, .T. ) ;
#1204 = ORIENTED_EDGE ( 'NONE', *, *, #1045, .T. ) ;
#1205 = ADVANCED_FACE ( 'NONE', ( #1115 ), #1687, .T. ) ;
#1206 = VECTOR ( 'NONE', #1636, 1000.000000000000000 ) ;
#1207 = DIRECTION ( 'NONE',  ( 0.000000000000000000, 1.000000000000000000, 0.000000000000000000 ) ) ;
#1208 = DIRECTION ( 'NONE',  ( 1.000000000000000000, 0.000000000000000000, 0.000000000000000000 ) ) ;
#1209 = AXIS2_PLACEMENT_3D ( 'NONE', #1491, #1474, #1224 ) ;
#1210 = AXIS2_PLACEMENT_3D ( 'NONE', #1589, #1081, #3090 ) ;
#1211 = CARTESIAN_POINT ( 'NONE',  ( -1.049999999999999822, 0.8325000000000000178, -0.5749999999999999556 ) ) ;
#1212 = FACE_OUTER_BOUND ( 'NONE', #3144, .T. ) ;
#1213 = ORIENTED_EDGE ( 'NONE', *, *, #1762, .F. ) ;
#1214 = CARTESIAN_POINT ( 'NONE',  ( -1.049999999999999822, 0.8325000000000000178, -0.5250000000000001332 ) ) ;
#1215 = DIRECTION ( 'NONE',  ( 0.000000000000000000, 0.000000000000000000, -1.000000000000000000 ) ) ;
#1216 = ORIENTED_EDGE ( 'NONE', *, *, #2788, .F. ) ;
#1217 = CARTESIAN_POINT ( 'NONE',  ( -1.399999999999999467, 0.8325000000000000178, 0.2250000000000000611 ) ) ;
#1218 = CARTESIAN_POINT ( 'NONE',  ( -1.050000000000000044, 0.2999999999999999889, 0.6500000000000000222 ) ) ;
#1219 = FACE_OUTER_BOUND ( 'NONE', #273, .T. ) ;
#1220 = ORIENTED_EDGE ( 'NONE', *, *, #2586, .F. ) ;
#1221 = VERTEX_POINT ( 'NONE', #3111 ) ;
#1222 = CARTESIAN_POINT ( 'NONE',  ( -1.049999999999999822, 0.7499999999999997780, -0.5250000000000001332 ) ) ;
#1223 = CARTESIAN_POINT ( 'NONE',  ( -1.575721538653257925, 0.2999999999999999889, 0.6019778519456129295 ) ) ;
#1224 = DIRECTION ( 'NONE',  ( 0.000000000000000000, 0.000000000000000000, 1.000000000000000000 ) ) ;
#1225 = VERTEX_POINT ( 'NONE', #1397 ) ;
#1226 =( GEOMETRIC_REPRESENTATION_CONTEXT ( 3 ) GLOBAL_UNCERTAINTY_ASSIGNED_CONTEXT ( ( #2096 ) ) GLOBAL_UNIT_ASSIGNED_CONTEXT ( ( #1020, #248, #2550 ) ) REPRESENTATION_CONTEXT ( 'NONE', 'WORKASPACE' ) );
#1227 = FACE_OUTER_BOUND ( 'NONE', #3007, .T. ) ;
#1228 = CARTESIAN_POINT ( 'NONE',  ( -1.049999999999999822, 0.7499999999999997780, 0.5250000000000001332 ) ) ;
#1229 = EDGE_CURVE ( 'NONE', #1339, #725, #2925, .T. ) ;
#1230 = VERTEX_POINT ( 'NONE', #2133 ) ;
#1231 = LINE ( 'NONE', #426, #1918 ) ;
#1232 = EDGE_CURVE ( 'NONE', #2707, #991, #740, .T. ) ;
#1233 = DIRECTION ( 'NONE',  ( 0.000000000000000000, 0.000000000000000000, -1.000000000000000000 ) ) ;
#1234 = MECHANICAL_DESIGN_GEOMETRIC_PRESENTATION_REPRESENTATION (  '', ( #2850 ), #1382 ) ;
#1235 = VECTOR ( 'NONE', #3233, 1000.000000000000000 ) ;
#1236 = EDGE_LOOP ( 'NONE', ( #1094, #3091, #2836, #2756 ) ) ;
#1237 = EDGE_LOOP ( 'NONE', ( #3238, #859, #2005, #2519 ) ) ;
#1238 = AXIS2_PLACEMENT_3D ( 'NONE', #3240, #1916, #1677 ) ;
#1239 = CARTESIAN_POINT ( 'NONE',  ( -1.049999999999999822, 0.8325000000000000178, 0.2250000000000000888 ) ) ;
#1240 = CIRCLE ( 'NONE', #3059, 0.3499999999999998113 ) ;
#1241 = CARTESIAN_POINT ( 'NONE',  ( -1.049999999999999822, 0.8325000000000000178, 0.5749999999999999556 ) ) ;
#1242 = DIRECTION ( 'NONE',  ( 0.000000000000000000, -0.000000000000000000, 1.000000000000000000 ) ) ;
#1243 = LINE ( 'NONE', #2781, #1651 ) ;
#1244 = VERTEX_POINT ( 'NONE', #2604 ) ;
#1245 = EDGE_CURVE ( 'NONE', #1815, #570, #1307, .T. ) ;
#1246 = DIRECTION ( 'NONE',  ( -0.7071067811865521247, 0.000000000000000000, -0.7071067811865430208 ) ) ;
#1247 = CARTESIAN_POINT ( 'NONE',  ( -1.049999999999999822, 0.9000000000000000222, 0.2250000000000000888 ) ) ;
#1248 = ORIENTED_EDGE ( 'NONE', *, *, #745, .F. ) ;
#1249 = DIRECTION ( 'NONE',  ( 0.000000000000000000, 1.000000000000000000, 0.000000000000000000 ) ) ;
#1250 = VECTOR ( 'NONE', #2478, 1000.000000000000000 ) ;
#1251 = VERTEX_POINT ( 'NONE', #2429 ) ;
#1252 = ORIENTED_EDGE ( 'NONE', *, *, #450, .F. ) ;
#1253 = CARTESIAN_POINT ( 'NONE',  ( 1.049999999999999822, 0.8500000000000001998, 0.6734568433375761609 ) ) ;
#1254 = CARTESIAN_POINT ( 'NONE',  ( -1.499999999999997780, 0.2999999999999999889, 0.5262563132923540055 ) ) ;
#1255 = ADVANCED_FACE ( 'NONE', ( #1433 ), #899, .F. ) ;
#1256 = SURFACE_STYLE_USAGE ( .BOTH. , #2518 ) ;
#1257 = VECTOR ( 'NONE', #2435, 1000.000000000000000 ) ;
#1258 = VECTOR ( 'NONE', #1371, 1000.000000000000000 ) ;
#1259 = ORIENTED_EDGE ( 'NONE', *, *, #1531, .F. ) ;
#1260 = FACE_OUTER_BOUND ( 'NONE', #2117, .T. ) ;
#1261 = FILL_AREA_STYLE_COLOUR ( '', #124 ) ;
#1262 = VERTEX_POINT ( 'NONE', #127 ) ;
#1263 = LINE ( 'NONE', #3003, #1930 ) ;
#1264 = EDGE_CURVE ( 'NONE', #428, #1555, #1052, .T. ) ;
#1265 = DIRECTION ( 'NONE',  ( -1.000000000000000000, -0.000000000000000000, 0.000000000000000000 ) ) ;
#1266 = ORIENTED_EDGE ( 'NONE', *, *, #1807, .F. ) ;
#1267 = ORIENTED_EDGE ( 'NONE', *, *, #2090, .F. ) ;
#1268 = FACE_OUTER_BOUND ( 'NONE', #185, .T. ) ;
#1269 = DIRECTION ( 'NONE',  ( -0.000000000000000000, -1.000000000000000000, -0.000000000000000000 ) ) ;
#1270 = EDGE_CURVE ( 'NONE', #1110, #2206, #1872, .T. ) ;
#1271 = EDGE_CURVE ( 'NONE', #1801, #1174, #2908, .T. ) ;
#1272 = DIRECTION ( 'NONE',  ( -0.000000000000000000, -1.000000000000000000, -0.000000000000000000 ) ) ;
#1273 = ORIENTED_EDGE ( 'NONE', *, *, #2901, .T. ) ;
#1274 = DIRECTION ( 'NONE',  ( 1.000000000000000000, -4.336808689942025625E-15, -0.000000000000000000 ) ) ;
#1275 = CARTESIAN_POINT ( 'NONE',  ( -1.349999999999999645, 0.9000000000000000222, -0.2250000000000000888 ) ) ;
#1276 = ORIENTED_EDGE ( 'NONE', *, *, #2090, .T. ) ;
#1277 = CARTESIAN_POINT ( 'NONE',  ( 1.349999999999999645, 0.8325000000000000178, -0.2250000000000000888 ) ) ;
#1278 = EDGE_LOOP ( 'NONE', ( #2958, #3069, #39, #1165 ) ) ;
#1279 = ORIENTED_EDGE ( 'NONE', *, *, #2528, .F. ) ;
#1280 = EDGE_CURVE ( 'NONE', #2524, #2811, #1667, .T. ) ;
#1281 = ADVANCED_FACE ( 'NONE', ( #161 ), #878, .F. ) ;
#1282 = STYLED_ITEM ( 'NONE', ( #1723 ), #2546 ) ;
#1283 = DIRECTION ( 'NONE',  ( 0.000000000000000000, 0.000000000000000000, 1.000000000000000000 ) ) ;
#1284 = DIRECTION ( 'NONE',  ( 0.000000000000000000, 0.000000000000000000, 1.000000000000000000 ) ) ;
#1285 = EDGE_CURVE ( 'NONE', #2934, #1522, #920, .T. ) ;
#1286 = FACE_OUTER_BOUND ( 'NONE', #49, .T. ) ;
#1287 = DIRECTION ( 'NONE',  ( -0.7071067811865521247, -0.000000000000000000, -0.7071067811865430208 ) ) ;
#1288 = PLANE ( 'NONE',  #1446 ) ;
#1289 = ORIENTED_EDGE ( 'NONE', *, *, #2389, .T. ) ;
#1290 = DIRECTION ( 'NONE',  ( 1.000000000000000000, 0.000000000000000000, -4.120433884023326472E-16 ) ) ;
#1291 = ORIENTED_EDGE ( 'NONE', *, *, #1879, .F. ) ;
#1292 = VERTEX_POINT ( 'NONE', #2152 ) ;
#1293 = EDGE_CURVE ( 'NONE', #422, #1917, #212, .T. ) ;
#1294 = CARTESIAN_POINT ( 'NONE',  ( -1.049999999999999822, 0.7500000000000000000, 0.6734568433375761609 ) ) ;
#1295 = LINE ( 'NONE', #1539, #1024 ) ;
#1296 = PLANE ( 'NONE',  #2820 ) ;
#1297 = AXIS2_PLACEMENT_3D ( 'NONE', #452, #218, #2501 ) ;
#1298 =( NAMED_UNIT ( * ) SI_UNIT ( $, .STERADIAN. ) SOLID_ANGLE_UNIT ( ) );
#1299 = AXIS2_PLACEMENT_3D ( 'NONE', #2456, #1709, #1496 ) ;
#1300 = EDGE_LOOP ( 'NONE', ( #56, #195, #2828, #125 ) ) ;
#1301 = VECTOR ( 'NONE', #885, 1000.000000000000000 ) ;
#1302 = DIRECTION ( 'NONE',  ( 1.000000000000000000, -0.000000000000000000, 2.060216942011664961E-16 ) ) ;
#1303 = VECTOR ( 'NONE', #630, 1000.000000000000000 ) ;
#1304 = ORIENTED_EDGE ( 'NONE', *, *, #965, .F. ) ;
#1305 = CARTESIAN_POINT ( 'NONE',  ( -0.8499999999999994227, 0.2999999999999999889, 0.4499999999999999556 ) ) ;
#1306 = VECTOR ( 'NONE', #2204, 1000.000000000000000 ) ;
#1307 = CIRCLE ( 'NONE', #2996, 0.1500000000000000777 ) ;
#1308 = ORIENTED_EDGE ( 'NONE', *, *, #2406, .F. ) ;
#1309 = PLANE ( 'NONE',  #2885 ) ;
#1310 = DIRECTION ( 'NONE',  ( -1.000000000000000000, -0.000000000000000000, -4.120433884023326472E-16 ) ) ;
#1311 = EDGE_CURVE ( 'NONE', #1199, #121, #603, .T. ) ;
#1312 = LINE ( 'NONE', #2573, #350 ) ;
#1313 = CARTESIAN_POINT ( 'NONE',  ( -1.049999999999999822, 0.7499999999999997780, -0.5250000000000001332 ) ) ;
#1314 = VERTEX_POINT ( 'NONE', #1358 ) ;
#1315 = CARTESIAN_POINT ( 'NONE',  ( 1.499999999999997780, 0.2999999999999999889, 0.5262563132923543385 ) ) ;
#1316 = ADVANCED_FACE ( 'NONE', ( #2361 ), #2621, .F. ) ;
#1317 = ORIENTED_EDGE ( 'NONE', *, *, #662, .T. ) ;
#1318 = PLANE ( 'NONE',  #1048 ) ;
#1319 = ADVANCED_FACE ( 'NONE', ( #2193 ), #3182, .F. ) ;
#1320 = AXIS2_PLACEMENT_3D ( 'NONE', #2614, #368, #1604 ) ;
#1321 = ORIENTED_EDGE ( 'NONE', *, *, #1910, .T. ) ;
#1322 = ORIENTED_EDGE ( 'NONE', *, *, #292, .F. ) ;
#1323 = CARTESIAN_POINT ( 'NONE',  ( 1.049999999999999822, 0.8325000000000000178, 0.5749999999999999556 ) ) ;
#1324 = VECTOR ( 'NONE', #506, 1000.000000000000000 ) ;
#1325 = CARTESIAN_POINT ( 'NONE',  ( -1.050000000000000044, 0.2999999999999999889, 0.6500000000000000222 ) ) ;
#1326 = DIRECTION ( 'NONE',  ( 0.000000000000000000, -0.000000000000000000, -1.000000000000000000 ) ) ;
#1327 = CIRCLE ( 'NONE', #3018, 0.1500000000000000777 ) ;
#1328 = DIRECTION ( 'NONE',  ( 0.000000000000000000, 0.000000000000000000, 1.000000000000000000 ) ) ;
#1329 = VECTOR ( 'NONE', #2719, 1000.000000000000000 ) ;
#1330 = CARTESIAN_POINT ( 'NONE',  ( 0.000000000000000000, 0.000000000000000000, 0.000000000000000000 ) ) ;
#1331 = ORIENTED_EDGE ( 'NONE', *, *, #258, .T. ) ;
#1332 = AXIS2_PLACEMENT_3D ( 'NONE', #689, #1680, #2404 ) ;
#1333 = FACE_OUTER_BOUND ( 'NONE', #742, .T. ) ;
#1334 = ORIENTED_EDGE ( 'NONE', *, *, #546, .F. ) ;
#1335 = FACE_OUTER_BOUND ( 'NONE', #1278, .T. ) ;
#1336 = DIRECTION ( 'NONE',  ( 0.7071067811865521247, 0.000000000000000000, -0.7071067811865430208 ) ) ;
#1337 = EDGE_CURVE ( 'NONE', #1010, #1815, #1189, .T. ) ;
#1338 = ORIENTED_EDGE ( 'NONE', *, *, #544, .T. ) ;
#1339 = VERTEX_POINT ( 'NONE', #1450 ) ;
#1340 = LINE ( 'NONE', #817, #564 ) ;
#1341 = AXIS2_PLACEMENT_3D ( 'NONE', #2414, #2871, #2395 ) ;
#1342 = LINE ( 'NONE', #326, #2962 ) ;
#1343 = AXIS2_PLACEMENT_3D ( 'NONE', #1344, #1859, #3021 ) ;
#1344 = CARTESIAN_POINT ( 'NONE',  ( 1.499999999999997780, 0.2999999999999999889, 0.5262563132923543385 ) ) ;
#1345 = EDGE_CURVE ( 'NONE', #515, #991, #1633, .T. ) ;
#1346 = DIRECTION ( 'NONE',  ( 0.000000000000000000, 0.000000000000000000, 1.000000000000000000 ) ) ;
#1347 = LINE ( 'NONE', #2349, #475 ) ;
#1348 = FACE_OUTER_BOUND ( 'NONE', #1487, .T. ) ;
#1349 = ORIENTED_EDGE ( 'NONE', *, *, #2586, .T. ) ;
#1350 = LINE ( 'NONE', #2902, #2244 ) ;
#1351 = AXIS2_PLACEMENT_3D ( 'NONE', #3098, #2647, #3068 ) ;
#1352 = LINE ( 'NONE', #1372, #1355 ) ;
#1353 = EDGE_CURVE ( 'NONE', #767, #2274, #4, .T. ) ;
#1355 = VECTOR ( 'NONE', #54, 1000.000000000000000 ) ;
#1354 = VECTOR ( 'NONE', #85, 1000.000000000000000 ) ;
#1356 = ORIENTED_EDGE ( 'NONE', *, *, #3076, .F. ) ;
#1357 = ORIENTED_EDGE ( 'NONE', *, *, #592, .T. ) ;
#1358 = CARTESIAN_POINT ( 'NONE',  ( 1.575721538653257925, 0.2999999999999999889, -0.6019778519456130406 ) ) ;
#1359 = VECTOR ( 'NONE', #754, 1000.000000000000000 ) ;
#1360 = DIRECTION ( 'NONE',  ( -1.000000000000000000, 0.000000000000000000, 0.000000000000000000 ) ) ;
#1361 = EDGE_CURVE ( 'NONE', #928, #2465, #3197, .T. ) ;
#1362 = DIRECTION ( 'NONE',  ( 0.000000000000000000, 0.000000000000000000, -1.000000000000000000 ) ) ;
#1363 = CARTESIAN_POINT ( 'NONE',  ( -1.049999999999999822, 0.9000000000000000222, -0.2250000000000000888 ) ) ;
#1364 = DIRECTION ( 'NONE',  ( -0.000000000000000000, -1.000000000000000000, -0.000000000000000000 ) ) ;
#1365 = ADVANCED_FACE ( 'NONE', ( #1006 ), #1700, .F. ) ;
#1366 = PLANE ( 'NONE',  #1597 ) ;
#1367 = ORIENTED_EDGE ( 'NONE', *, *, #2413, .F. ) ;
#1368 = VECTOR ( 'NONE', #906, 1000.000000000000000 ) ;
#1369 = DIRECTION ( 'NONE',  ( 0.7071067811865505703, 0.000000000000000000, -0.7071067811865444641 ) ) ;
#1370 = ORIENTED_EDGE ( 'NONE', *, *, #87, .F. ) ;
#1371 = DIRECTION ( 'NONE',  ( -0.000000000000000000, -1.000000000000000000, 0.000000000000000000 ) ) ;
#1372 = CARTESIAN_POINT ( 'NONE',  ( -1.499999999999997780, 0.2999999999999999889, 0.5262563132923540055 ) ) ;
#1373 = ORIENTED_EDGE ( 'NONE', *, *, #433, .T. ) ;
#1374 = EDGE_CURVE ( 'NONE', #522, #756, #2725, .T. ) ;
#1375 = ORIENTED_EDGE ( 'NONE', *, *, #3017, .T. ) ;
#1376 = CIRCLE ( 'NONE', #1172, 0.2999999999999999889 ) ;
#1377 = CARTESIAN_POINT ( 'NONE',  ( 1.349999999999999645, 0.7499999999999997780, -0.2250000000000001443 ) ) ;
#1378 = EDGE_CURVE ( 'NONE', #2602, #2426, #2445, .T. ) ;
#1379 = LINE ( 'NONE', #2106, #3014 ) ;
#1380 = EDGE_CURVE ( 'NONE', #1881, #1122, #1765, .T. ) ;
#1381 = CARTESIAN_POINT ( 'NONE',  ( 1.376256313292352651, 0.000000000000000000, -0.6500000000000003553 ) ) ;
#1382 =( GEOMETRIC_REPRESENTATION_CONTEXT ( 3 ) GLOBAL_UNCERTAINTY_ASSIGNED_CONTEXT ( ( #578 ) ) GLOBAL_UNIT_ASSIGNED_CONTEXT ( ( #747, #2277, #3042 ) ) REPRESENTATION_CONTEXT ( 'NONE', 'WORKASPACE' ) );
#1383 = FACE_OUTER_BOUND ( 'NONE', #1629, .T. ) ;
#1384 = ADVANCED_FACE ( 'NONE', ( #1484 ), #958, .F. ) ;
#1385 = CARTESIAN_POINT ( 'NONE',  ( -1.049999999999999822, 0.8500000000000001998, -0.6734568433375760499 ) ) ;
#1386 = VECTOR ( 'NONE', #2377, 1000.000000000000000 ) ;
#1387 = CARTESIAN_POINT ( 'NONE',  ( -1.599999999999999645, 0.7500000000000000000, 0.7500000000000003331 ) ) ;
#1388 = EDGE_LOOP ( 'NONE', ( #2171, #2974, #3161, #1164 ) ) ;
#1389 = CARTESIAN_POINT ( 'NONE',  ( 0.8499999999999992006, 0.000000000000000000, -0.6500000000000001332 ) ) ;
#1390 = EDGE_LOOP ( 'NONE', ( #2862, #752, #194, #1338 ) ) ;
#1391 = DIRECTION ( 'NONE',  ( -0.7071067811865520136, 0.000000000000000000, 0.7071067811865431318 ) ) ;
#1392 = DIRECTION ( 'NONE',  ( 0.000000000000000000, 0.000000000000000000, -1.000000000000000000 ) ) ;
#1393 = EDGE_CURVE ( 'NONE', #2206, #2426, #2733, .T. ) ;
#1394 = ORIENTED_EDGE ( 'NONE', *, *, #1280, .T. ) ;
#1395 = ORIENTED_EDGE ( 'NONE', *, *, #1751, .F. ) ;
#1396 = ORIENTED_EDGE ( 'NONE', *, *, #701, .T. ) ;
#1397 = CARTESIAN_POINT ( 'NONE',  ( -1.049999999999999822, 0.8325000000000000178, -0.5250000000000000222 ) ) ;
#1398 = CYLINDRICAL_SURFACE ( 'NONE', #2909, 0.3000000000000000444 ) ;
#1399 = LINE ( 'NONE', #2606, #666 ) ;
#1400 = DIRECTION ( 'NONE',  ( 0.000000000000000000, 0.000000000000000000, -1.000000000000000000 ) ) ;
#1401 = DIRECTION ( 'NONE',  ( 0.000000000000000000, -1.000000000000000000, 0.000000000000000000 ) ) ;
#1402 = PLANE ( 'NONE',  #2663 ) ;
#1403 = VERTEX_POINT ( 'NONE', #1715 ) ;
#1404 = CARTESIAN_POINT ( 'NONE',  ( -1.399999999999999467, 0.8325000000000000178, 0.2250000000000002831 ) ) ;
#1405 = ORIENTED_EDGE ( 'NONE', *, *, #2542, .F. ) ;
#1406 = LINE ( 'NONE', #3229, #2071 ) ;
#1407 = APPLICATION_PROTOCOL_DEFINITION ( 'draft international standard', 'automotive_design', 1998, #2041 ) ;
#1408 = CARTESIAN_POINT ( 'NONE',  ( -1.449999999999999734, 0.7500000000000000000, 0.7500000000000003331 ) ) ;
#1409 = VECTOR ( 'NONE', #2780, 1000.000000000000000 ) ;
#1410 = AXIS2_PLACEMENT_3D ( 'NONE', #1363, #2157, #3097 ) ;
#1411 = ORIENTED_EDGE ( 'NONE', *, *, #1353, .T. ) ;
#1412 = ORIENTED_EDGE ( 'NONE', *, *, #1989, .F. ) ;
#1413 = EDGE_LOOP ( 'NONE', ( #1795, #2896, #1334, #2924 ) ) ;
#1414 = CARTESIAN_POINT ( 'NONE',  ( 1.349999999999999645, 0.8325000000000000178, -0.2250000000000001721 ) ) ;
#1415 = CLOSED_SHELL ( 'NONE', ( #1511, #11, #2358, #324, #1819, #1519, #2761, #1167, #594, #298, #1255, #950 ) ) ;
#1416 = CARTESIAN_POINT ( 'NONE',  ( 1.049999999999999822, 0.7500000000000000000, -0.5749999999999999556 ) ) ;
#1417 = DIRECTION ( 'NONE',  ( 0.000000000000000000, 1.000000000000000000, 0.000000000000000000 ) ) ;
#1418 = CARTESIAN_POINT ( 'NONE',  ( 1.499999999999997780, 0.000000000000000000, 0.5262563132923543385 ) ) ;
#1419 = EDGE_CURVE ( 'NONE', #999, #428, #2272, .T. ) ;
#1420 = SURFACE_SIDE_STYLE ('',( #716 ) ) ;
#1421 = VECTOR ( 'NONE', #2054, 1000.000000000000000 ) ;
#1422 = FACE_OUTER_BOUND ( 'NONE', #2246, .T. ) ;
#1423 = ORIENTED_EDGE ( 'NONE', *, *, #2406, .T. ) ;
#1424 = PLANE ( 'NONE',  #2170 ) ;
#1425 = EDGE_CURVE ( 'NONE', #1522, #407, #1991, .T. ) ;
#1426 = CARTESIAN_POINT ( 'NONE',  ( -1.376256313292352651, 0.000000000000000000, 0.6500000000000001332 ) ) ;
#1427 = VERTEX_POINT ( 'NONE', #1976 ) ;
#1428 = DIRECTION ( 'NONE',  ( -4.120433884023326472E-16, 0.000000000000000000, -1.000000000000000000 ) ) ;
#1429 = CARTESIAN_POINT ( 'NONE',  ( -1.575721538653257925, 0.000000000000000000, -0.6019778519456129295 ) ) ;
#1430 = VERTEX_POINT ( 'NONE', #2971 ) ;
#1431 = ORIENTED_EDGE ( 'NONE', *, *, #871, .F. ) ;
#1432 = EDGE_CURVE ( 'NONE', #407, #108, #2471, .T. ) ;
#1433 = FACE_OUTER_BOUND ( 'NONE', #2791, .T. ) ;
#1434 = LINE ( 'NONE', #1169, #173 ) ;
#1435 = LINE ( 'NONE', #1133, #2599 ) ;
#1436 = DIRECTION ( 'NONE',  ( 0.000000000000000000, 0.000000000000000000, -1.000000000000000000 ) ) ;
#1437 = VECTOR ( 'NONE', #1781, 1000.000000000000000 ) ;
#1438 = DIRECTION ( 'NONE',  ( -0.7071067811865521247, 0.000000000000000000, -0.7071067811865430208 ) ) ;
#1439 = CARTESIAN_POINT ( 'NONE',  ( -1.349999999999999645, 0.7499999999999997780, -0.2250000000000001443 ) ) ;
#1440 = ORIENTED_EDGE ( 'NONE', *, *, #453, .T. ) ;
#1441 = CARTESIAN_POINT ( 'NONE',  ( 1.049999999999999822, 0.8325000000000000178, 0.5750000000000000666 ) ) ;
#1442 = CARTESIAN_POINT ( 'NONE',  ( -1.599999999999999645, 0.000000000000000000, 0.7500000000000003331 ) ) ;
#1443 = VECTOR ( 'NONE', #1469, 1000.000000000000000 ) ;
#1444 = ORIENTED_EDGE ( 'NONE', *, *, #2105, .F. ) ;
#1445 = ADVANCED_FACE ( 'NONE', ( #1219 ), #2758, .F. ) ;
#1446 = AXIS2_PLACEMENT_3D ( 'NONE', #2057, #2562, #1059 ) ;
#1447 = DIRECTION ( 'NONE',  ( -0.000000000000000000, -0.000000000000000000, 1.000000000000000000 ) ) ;
#1448 = DIRECTION ( 'NONE',  ( 0.000000000000000000, 0.000000000000000000, 1.000000000000000000 ) ) ;
#1449 = PLANE ( 'NONE',  #6 ) ;
#1450 = CARTESIAN_POINT ( 'NONE',  ( -1.498456843337575561, 0.7500000000000000000, 0.000000000000000000 ) ) ;
#1451 = MANIFOLD_SOLID_BREP ( 'Boss-Extrude3[1]', #1415 ) ;
#1452 = ORIENTED_EDGE ( 'NONE', *, *, #2637, .F. ) ;
#1453 = VERTEX_POINT ( 'NONE', #1061 ) ;
#1454 = CARTESIAN_POINT ( 'NONE',  ( 1.575721538653257925, 0.2999999999999999889, -0.6019778519456130406 ) ) ;
#1455 = CARTESIAN_POINT ( 'NONE',  ( 1.376256313292352651, 0.2999999999999999889, -0.6500000000000003553 ) ) ;
#1456 = DIRECTION ( 'NONE',  ( 0.000000000000000000, -0.000000000000000000, -1.000000000000000000 ) ) ;
#1457 = CARTESIAN_POINT ( 'NONE',  ( 1.399999999999999467, 0.7500000000000000000, -0.2250000000000001166 ) ) ;
#1458 = CARTESIAN_POINT ( 'NONE',  ( 1.349999999999999645, 0.7499999999999998890, 0.2250000000000001443 ) ) ;
#1459 = EDGE_LOOP ( 'NONE', ( #855, #1619, #2477, #1186 ) ) ;
#1460 = CARTESIAN_POINT ( 'NONE',  ( -1.575721538653257925, 0.2999999999999999889, -0.6019778519456129295 ) ) ;
#1461 = CARTESIAN_POINT ( 'NONE',  ( -1.049999999999999822, 0.7500000000000000000, -0.2250000000000000888 ) ) ;
#1462 = ORIENTED_EDGE ( 'NONE', *, *, #3120, .F. ) ;
#1463 = DIRECTION ( 'NONE',  ( -0.7071067811865521247, -0.000000000000000000, -0.7071067811865430208 ) ) ;
#1464 = CARTESIAN_POINT ( 'NONE',  ( -1.049999999999999822, 0.7500000000000000000, -0.5749999999999999556 ) ) ;
#1465 = CARTESIAN_POINT ( 'NONE',  ( 1.599999999999999645, 0.000000000000000000, 0.7499999999999996669 ) ) ;
#1466 = ORIENTED_EDGE ( 'NONE', *, *, #2389, .F. ) ;
#1467 = ORIENTED_EDGE ( 'NONE', *, *, #1973, .F. ) ;
#1468 = VECTOR ( 'NONE', #591, 1000.000000000000000 ) ;
#1469 = DIRECTION ( 'NONE',  ( 0.000000000000000000, -4.336808689942025625E-15, 1.000000000000000000 ) ) ;
#1470 = CARTESIAN_POINT ( 'NONE',  ( 1.599999999999999645, 0.000000000000000000, 0.7499999999999996669 ) ) ;
#1471 = CIRCLE ( 'NONE', #42, 0.1000000000000000472 ) ;
#1472 = AXIS2_PLACEMENT_3D ( 'NONE', #3106, #2849, #584 ) ;
#1473 = EDGE_CURVE ( 'NONE', #1292, #3109, #2243, .T. ) ;
#1474 = DIRECTION ( 'NONE',  ( -0.000000000000000000, -1.000000000000000000, -0.000000000000000000 ) ) ;
#1475 = EDGE_CURVE ( 'NONE', #1079, #2368, #1791, .T. ) ;
#1476 = ORIENTED_EDGE ( 'NONE', *, *, #2200, .F. ) ;
#1477 = DIRECTION ( 'NONE',  ( 0.000000000000000000, 0.000000000000000000, -1.000000000000000000 ) ) ;
#1478 = CIRCLE ( 'NONE', #2669, 0.1500000000000000777 ) ;
#1479 = ADVANCED_FACE ( 'NONE', ( #3055 ), #781, .F. ) ;
#1480 = DIRECTION ( 'NONE',  ( -1.000000000000000000, 0.000000000000000000, -4.230850370637336347E-16 ) ) ;
#1481 = COLOUR_RGB ( '',0.9686274509803921573, 0.8784313725490195957, 0.5999999999999999778 ) ;
#1482 = ORIENTED_EDGE ( 'NONE', *, *, #1378, .F. ) ;
#1483 = LINE ( 'NONE', #3157, #1250 ) ;
#1484 = FACE_OUTER_BOUND ( 'NONE', #176, .T. ) ;
#1485 = APPLICATION_CONTEXT ( 'automotive_design' ) ;
#1486 = ORIENTED_EDGE ( 'NONE', *, *, #1602, .F. ) ;
#1487 = EDGE_LOOP ( 'NONE', ( #2425, #2293, #2619, #2161 ) ) ;
#1488 = DIRECTION ( 'NONE',  ( 0.000000000000000000, 0.000000000000000000, 1.000000000000000000 ) ) ;
#1489 = EDGE_CURVE ( 'NONE', #1187, #2712, #1556, .T. ) ;
#1490 = CARTESIAN_POINT ( 'NONE',  ( 1.600000000000000533, 0.000000000000000000, 0.7499999999999998890 ) ) ;
#1491 = CARTESIAN_POINT ( 'NONE',  ( -1.049999999999999822, 0.7500000000000000000, 0.2250000000000000888 ) ) ;
#1492 = EDGE_CURVE ( 'NONE', #1292, #2968, #528, .T. ) ;
#1493 = SURFACE_STYLE_FILL_AREA ( #3236 ) ;
#1494 = VERTEX_POINT ( 'NONE', #2787 ) ;
#1495 = CIRCLE ( 'NONE', #325, 0.1500000000000000777 ) ;
#1496 = DIRECTION ( 'NONE',  ( 0.000000000000000000, 0.000000000000000000, 1.000000000000000000 ) ) ;
#1497 = EDGE_CURVE ( 'NONE', #767, #1199, #1035, .T. ) ;
#1498 = DIRECTION ( 'NONE',  ( -0.7071067811865505703, 0.000000000000000000, 0.7071067811865444641 ) ) ;
#1499 = ORIENTED_EDGE ( 'NONE', *, *, #2688, .T. ) ;
#1500 = LINE ( 'NONE', #2, #2199 ) ;
#1501 = PRESENTATION_STYLE_ASSIGNMENT (( #1517 ) ) ;
#1502 = VECTOR ( 'NONE', #1579, 1000.000000000000000 ) ;
#1503 = AXIS2_PLACEMENT_3D ( 'NONE', #939, #2660, #2910 ) ;
#1504 = ORIENTED_EDGE ( 'NONE', *, *, #112, .T. ) ;
#1505 = EDGE_LOOP ( 'NONE', ( #655, #2738, #1160, #896 ) ) ;
#1506 = ADVANCED_FACE ( 'NONE', ( #1078 ), #2320, .T. ) ;
#1507 = CARTESIAN_POINT ( 'NONE',  ( 1.399999999999999467, 0.7500000000000000000, -0.2250000000000000888 ) ) ;
#1508 = VECTOR ( 'NONE', #1463, 1000.000000000000000 ) ;
#1509 = CARTESIAN_POINT ( 'NONE',  ( -1.049999999999999822, 0.8325000000000000178, 0.5750000000000000666 ) ) ;
#1510 = LINE ( 'NONE', #1552, #2434 ) ;
#1511 = ADVANCED_FACE ( 'NONE', ( #538 ), #2564, .T. ) ;
#1512 = ORIENTED_EDGE ( 'NONE', *, *, #2235, .T. ) ;
#1513 = DIRECTION ( 'NONE',  ( 1.000000000000000000, 0.000000000000000000, 0.000000000000000000 ) ) ;
#1514 = VERTEX_POINT ( 'NONE', #580 ) ;
#1515 = CARTESIAN_POINT ( 'NONE',  ( 1.599999999999999645, 0.2999999999999999889, 0.7499999999999996669 ) ) ;
#1516 = AXIS2_PLACEMENT_3D ( 'NONE', #1191, #2196, #3185 ) ;
#1517 = SURFACE_STYLE_USAGE ( .BOTH. , #496 ) ;
#1518 = VECTOR ( 'NONE', #2459, 1000.000000000000000 ) ;
#1519 = ADVANCED_FACE ( 'NONE', ( #1533 ), #1585, .T. ) ;
#1520 = EDGE_CURVE ( 'NONE', #2492, #1174, #2062, .T. ) ;
#1521 = VERTEX_POINT ( 'NONE', #2034 ) ;
#1522 = VERTEX_POINT ( 'NONE', #316 ) ;
#1523 = FACE_OUTER_BOUND ( 'NONE', #1779, .T. ) ;
#1524 = DIRECTION ( 'NONE',  ( 0.000000000000000000, 0.000000000000000000, 1.000000000000000000 ) ) ;
#1525 = CARTESIAN_POINT ( 'NONE',  ( 1.451977851945612796, 0.2999999999999999889, -0.7257215386532593904 ) ) ;
#1526 = CIRCLE ( 'NONE', #3191, 0.1000000000000000472 ) ;
#1527 = AXIS2_PLACEMENT_3D ( 'NONE', #2806, #555, #304 ) ;
#1528 = ORIENTED_EDGE ( 'NONE', *, *, #308, .F. ) ;
#1529 = CARTESIAN_POINT ( 'NONE',  ( 1.349999999999999645, 0.9000000000000000222, 0.2250000000000000888 ) ) ;
#1530 = ORIENTED_EDGE ( 'NONE', *, *, #1432, .F. ) ;
#1531 = EDGE_CURVE ( 'NONE', #2273, #582, #1495, .T. ) ;
#1532 = EDGE_CURVE ( 'NONE', #2538, #2508, #334, .T. ) ;
#1533 = FACE_OUTER_BOUND ( 'NONE', #2305, .T. ) ;
#1534 = VECTOR ( 'NONE', #708, 1000.000000000000000 ) ;
#1535 = EDGE_LOOP ( 'NONE', ( #3037, #3155, #2094, #1887 ) ) ;
#1536 = EDGE_LOOP ( 'NONE', ( #1727, #668, #3023, #976 ) ) ;
#1537 =( NAMED_UNIT ( * ) SI_UNIT ( $, .STERADIAN. ) SOLID_ANGLE_UNIT ( ) );
#1538 = CARTESIAN_POINT ( 'NONE',  ( 1.450000000000000622, 0.7500000000000000000, -0.7500000000000001110 ) ) ;
#1539 = CARTESIAN_POINT ( 'NONE',  ( -1.349999999999999645, 0.7499999999999997780, -0.2250000000000000888 ) ) ;
#1540 = LINE ( 'NONE', #2043, #1746 ) ;
#1541 = SURFACE_STYLE_USAGE ( .BOTH. , #3001 ) ;
#1542 = ORIENTED_EDGE ( 'NONE', *, *, #1787, .T. ) ;
#1543 = AXIS2_PLACEMENT_3D ( 'NONE', #2650, #665, #1915 ) ;
#1544 = CARTESIAN_POINT ( 'NONE',  ( 0.8499999999999992006, 0.2999999999999999889, 0.6500000000000001332 ) ) ;
#1545 = EDGE_CURVE ( 'NONE', #1871, #1403, #2844, .T. ) ;
#1546 = ORIENTED_EDGE ( 'NONE', *, *, #317, .F. ) ;
#1547 = ORIENTED_EDGE ( 'NONE', *, *, #2262, .T. ) ;
#1548 = ORIENTED_EDGE ( 'NONE', *, *, #2147, .T. ) ;
#1549 =( GEOMETRIC_REPRESENTATION_CONTEXT ( 3 ) GLOBAL_UNCERTAINTY_ASSIGNED_CONTEXT ( ( #811 ) ) GLOBAL_UNIT_ASSIGNED_CONTEXT ( ( #221, #2236, #776 ) ) REPRESENTATION_CONTEXT ( 'NONE', 'WORKASPACE' ) );
#1550 = CARTESIAN_POINT ( 'NONE',  ( -1.449999999999999734, 0.000000000000000000, -0.7499999999999996669 ) ) ;
#1551 = CARTESIAN_POINT ( 'NONE',  ( 1.049999999999999822, 0.7499999999999997780, -0.2250000000000000888 ) ) ;
#1552 = CARTESIAN_POINT ( 'NONE',  ( -1.451977851945612796, 0.2999999999999999889, 0.7257215386532593904 ) ) ;
#1553 = DIRECTION ( 'NONE',  ( 1.000000000000000000, 0.000000000000000000, -0.000000000000000000 ) ) ;
#1554 = DIRECTION ( 'NONE',  ( 0.000000000000000000, -0.000000000000000000, -1.000000000000000000 ) ) ;
#1555 = VERTEX_POINT ( 'NONE', #795 ) ;
#1556 = LINE ( 'NONE', #1277, #2232 ) ;
#1557 = ORIENTED_EDGE ( 'NONE', *, *, #1905, .F. ) ;
#1558 = CARTESIAN_POINT ( 'NONE',  ( 1.049999999999999822, 0.7500000000000000000, 0.5750000000000000666 ) ) ;
#1559 = CARTESIAN_POINT ( 'NONE',  ( 1.599999999999999645, 0.2999999999999999889, 0.7499999999999996669 ) ) ;
#1560 = DIRECTION ( 'NONE',  ( 0.000000000000000000, 0.000000000000000000, -1.000000000000000000 ) ) ;
#1561 = CARTESIAN_POINT ( 'NONE',  ( 1.049999999999999822, 0.7500000000000000000, -0.5750000000000000666 ) ) ;
#1562 = CARTESIAN_POINT ( 'NONE',  ( 1.399999999999999467, 0.7500000000000000000, 0.2250000000000001443 ) ) ;
#1563 = EDGE_CURVE ( 'NONE', #1221, #602, #2307, .T. ) ;
#1564 = PLANE ( 'NONE',  #309 ) ;
#1565 = AXIS2_PLACEMENT_3D ( 'NONE', #3026, #789, #1822 ) ;
#1566 = EDGE_CURVE ( 'NONE', #2481, #108, #1803, .T. ) ;
#1567 = CARTESIAN_POINT ( 'NONE',  ( 1.049999999999999822, 0.8325000000000000178, -0.5750000000000000666 ) ) ;
#1568 = VECTOR ( 'NONE', #312, 1000.000000000000000 ) ;
#1569 = ORIENTED_EDGE ( 'NONE', *, *, #2218, .T. ) ;
#1570 = ADVANCED_FACE ( 'NONE', ( #1333 ), #2861, .F. ) ;
#1571 = UNCERTAINTY_MEASURE_WITH_UNIT (LENGTH_MEASURE( 1.000000000000000082E-05 ), #2417, 'distance_accuracy_value', 'NONE');
#1572 = CIRCLE ( 'NONE', #1001, 0.3000000000000000444 ) ;
#1573 = ORIENTED_EDGE ( 'NONE', *, *, #637, .T. ) ;
#1574 = DIRECTION ( 'NONE',  ( 0.000000000000000000, 0.000000000000000000, 1.000000000000000000 ) ) ;
#1575 = EDGE_CURVE ( 'NONE', #72, #2375, #2162, .T. ) ;
#1576 = ORIENTED_EDGE ( 'NONE', *, *, #1154, .F. ) ;
#1577 = ORIENTED_EDGE ( 'NONE', *, *, #2190, .F. ) ;
#1578 = CARTESIAN_POINT ( 'NONE',  ( -0.8499999999999994227, 0.2999999999999999889, 0.6500000000000000222 ) ) ;
#1579 = DIRECTION ( 'NONE',  ( 0.000000000000000000, -4.336808689942025625E-15, 1.000000000000000000 ) ) ;
#1580 = EDGE_CURVE ( 'NONE', #3232, #356, #1897, .T. ) ;
#1581 = FACE_OUTER_BOUND ( 'NONE', #1505, .T. ) ;
#1582 = DIRECTION ( 'NONE',  ( 0.000000000000000000, 0.000000000000000000, 1.000000000000000000 ) ) ;
#1583 = FACE_OUTER_BOUND ( 'NONE', #2655, .T. ) ;
#1584 = ORIENTED_EDGE ( 'NONE', *, *, #2901, .F. ) ;
#1586 = EDGE_CURVE ( 'NONE', #1839, #1514, #1848, .T. ) ;
#1585 = PLANE ( 'NONE',  #1903 ) ;
#1587 = VERTEX_POINT ( 'NONE', #3088 ) ;
#1588 = DIRECTION ( 'NONE',  ( -1.000000000000000000, 0.000000000000000000, 0.000000000000000000 ) ) ;
#1589 = CARTESIAN_POINT ( 'NONE',  ( 1.349999999999999645, -2.146981187374194189, 0.2250000000000000888 ) ) ;
#1590 = PRESENTATION_LAYER_ASSIGNMENT (  '', '', ( #47 ) ) ;
#1591 = ADVANCED_FACE ( 'NONE', ( #2845 ), #2369, .F. ) ;
#1592 = VERTEX_POINT ( 'NONE', #1404 ) ;
#1593 = ORIENTED_EDGE ( 'NONE', *, *, #680, .T. ) ;
#1594 = CARTESIAN_POINT ( 'NONE',  ( 0.8499999999999992006, 0.000000000000000000, 0.6500000000000001332 ) ) ;
#1595 = AXIS2_PLACEMENT_3D ( 'NONE', #677, #467, #1906 ) ;
#1596 = CYLINDRICAL_SURFACE ( 'NONE', #2176, 0.1000000000000000472 ) ;
#1597 = AXIS2_PLACEMENT_3D ( 'NONE', #382, #1931, #2138 ) ;
#1598 = PLANE ( 'NONE',  #2927 ) ;
#1599 = CIRCLE ( 'NONE', #761, 0.2999999999999999889 ) ;
#1600 = DIRECTION ( 'NONE',  ( 0.7071067811865521247, 0.000000000000000000, -0.7071067811865430208 ) ) ;
#1601 = FACE_OUTER_BOUND ( 'NONE', #983, .T. ) ;
#1602 = EDGE_CURVE ( 'NONE', #2481, #2069, #2879, .T. ) ;
#1603 = ORIENTED_EDGE ( 'NONE', *, *, #1640, .T. ) ;
#1604 = DIRECTION ( 'NONE',  ( 0.7071067811865520136, 0.000000000000000000, 0.7071067811865431318 ) ) ;
#1605 = ORIENTED_EDGE ( 'NONE', *, *, #1752, .F. ) ;
#1606 = FACE_OUTER_BOUND ( 'NONE', #825, .T. ) ;
#1607 = DIRECTION ( 'NONE',  ( 1.000000000000000000, 0.000000000000000000, -0.000000000000000000 ) ) ;
#1608 = ADVANCED_FACE ( 'NONE', ( #645 ), #1424, .F. ) ;
#1609 = ADVANCED_FACE ( 'NONE', ( #1348 ), #611, .F. ) ;
#1610 = VERTEX_POINT ( 'NONE', #596 ) ;
#1611 = EDGE_LOOP ( 'NONE', ( #1855, #2065, #1321, #2533 ) ) ;
#1612 = DIRECTION ( 'NONE',  ( -0.000000000000000000, -1.000000000000000000, -0.000000000000000000 ) ) ;
#1613 = VECTOR ( 'NONE', #2233, 1000.000000000000000 ) ;
#1614 = CARTESIAN_POINT ( 'NONE',  ( -1.049999999999999822, 0.7499999999999997780, -0.5250000000000000222 ) ) ;
#1615 = CARTESIAN_POINT ( 'NONE',  ( -0.8499999999999994227, 0.000000000000000000, 0.6500000000000000222 ) ) ;
#1616 = CARTESIAN_POINT ( 'NONE',  ( -1.499999999999997780, 0.000000000000000000, 0.5262563132923540055 ) ) ;
#1617 = CARTESIAN_POINT ( 'NONE',  ( 1.599999999999999645, 0.2999999999999999889, 0.7499999999999996669 ) ) ;
#1618 = FACE_OUTER_BOUND ( 'NONE', #3173, .T. ) ;
#1619 = ORIENTED_EDGE ( 'NONE', *, *, #1944, .F. ) ;
#1620 = LINE ( 'NONE', #1109, #3156 ) ;
#1621 = AXIS2_PLACEMENT_3D ( 'NONE', #3132, #606, #1153 ) ;
#1622 = VERTEX_POINT ( 'NONE', #2401 ) ;
#1623 = ADVANCED_FACE ( 'NONE', ( #1659 ), #1641, .F. ) ;
#1624 = DIRECTION ( 'NONE',  ( 0.000000000000000000, 0.000000000000000000, 1.000000000000000000 ) ) ;
#1625 = CIRCLE ( 'NONE', #879, 0.1000000000000000472 ) ;
#1626 = CARTESIAN_POINT ( 'NONE',  ( 0.8499999999999992006, 0.000000000000000000, 0.6500000000000001332 ) ) ;
#1627 = VECTOR ( 'NONE', #2227, 1000.000000000000000 ) ;
#1628 = EDGE_CURVE ( 'NONE', #654, #3205, #1620, .T. ) ;
#1629 = EDGE_LOOP ( 'NONE', ( #2010, #1577, #1331, #2613 ) ) ;
#1630 = ORIENTED_EDGE ( 'NONE', *, *, #3094, .T. ) ;
#1631 = EDGE_CURVE ( 'NONE', #1427, #2536, #2796, .T. ) ;
#1632 = DIRECTION ( 'NONE',  ( -1.000000000000000000, -4.336808689942025625E-15, 1.807003620809174878E-16 ) ) ;
#1633 = CIRCLE ( 'NONE', #156, 0.1000000000000000472 ) ;
#1634 = CARTESIAN_POINT ( 'NONE',  ( -1.499999999999997780, 0.2999999999999999889, -0.5262563132923540055 ) ) ;
#1635 = LINE ( 'NONE', #2378, #2921 ) ;
#1636 = DIRECTION ( 'NONE',  ( 1.000000000000000000, -0.000000000000000000, -1.355252715606880543E-16 ) ) ;
#1637 = CARTESIAN_POINT ( 'NONE',  ( -1.049999999999999822, 0.8500000000000001998, 0.6734568433375761609 ) ) ;
#1638 = DIRECTION ( 'NONE',  ( 0.000000000000000000, 1.000000000000000000, 0.000000000000000000 ) ) ;
#1639 = ORIENTED_EDGE ( 'NONE', *, *, #1229, .T. ) ;
#1640 = EDGE_CURVE ( 'NONE', #2049, #356, #2017, .T. ) ;
#1641 = PLANE ( 'NONE',  #1646 ) ;
#1642 = ORIENTED_EDGE ( 'NONE', *, *, #2339, .T. ) ;
#1643 = EDGE_CURVE ( 'NONE', #2230, #72, #2385, .T. ) ;
#1644 = ORIENTED_EDGE ( 'NONE', *, *, #217, .T. ) ;
#1645 = ORIENTED_EDGE ( 'NONE', *, *, #2684, .T. ) ;
#1646 = AXIS2_PLACEMENT_3D ( 'NONE', #120, #135, #167 ) ;
#1647 = ORIENTED_EDGE ( 'NONE', *, *, #1086, .T. ) ;
#1648 = DIRECTION ( 'NONE',  ( 0.000000000000000000, -1.000000000000000000, 0.000000000000000000 ) ) ;
#1649 = FACE_OUTER_BOUND ( 'NONE', #2428, .T. ) ;
#1650 = PLANE ( 'NONE',  #1341 ) ;
#1651 = VECTOR ( 'NONE', #1056, 1000.000000000000000 ) ;
#1652 = CYLINDRICAL_SURFACE ( 'NONE', #1410, 0.2999999999999999889 ) ;
#1653 = COLOUR_RGB ( '',0.7921568627450980005, 0.8196078431372548767, 0.9333333333333333481 ) ;
#1654 = CARTESIAN_POINT ( 'NONE',  ( 1.349999999999999645, 0.9000000000000000222, -0.2250000000000000888 ) ) ;
#1655 = TOROIDAL_SURFACE ( 'NONE', #2025, 0.4484568433375758501, 0.1000000000000000472 ) ;
#1656 =( NAMED_UNIT ( * ) SI_UNIT ( $, .STERADIAN. ) SOLID_ANGLE_UNIT ( ) );
#1657 = VERTEX_POINT ( 'NONE', #2127 ) ;
#1658 = VECTOR ( 'NONE', #2239, 1000.000000000000000 ) ;
#1659 = FACE_OUTER_BOUND ( 'NONE', #1034, .T. ) ;
#1660 = ORIENTED_EDGE ( 'NONE', *, *, #2995, .F. ) ;
#1661 = AXIS2_PLACEMENT_3D ( 'NONE', #2848, #1080, #2080 ) ;
#1662 = LINE ( 'NONE', #2387, #1258 ) ;
#1663 = DIRECTION ( 'NONE',  ( -1.000000000000000000, 0.000000000000000000, 1.355252715606880543E-16 ) ) ;
#1664 = VERTEX_POINT ( 'NONE', #854 ) ;
#1665 = VERTEX_POINT ( 'NONE', #1865 ) ;
#1666 = EDGE_LOOP ( 'NONE', ( #1749, #2762, #2051, #516 ) ) ;
#1667 = LINE ( 'NONE', #1377, #2618 ) ;
#1668 = EDGE_CURVE ( 'NONE', #2375, #32, #384, .T. ) ;
#1669 = LINE ( 'NONE', #1454, #2283 ) ;
#1670 = PLANE ( 'NONE',  #3028 ) ;
#1671 = DIRECTION ( 'NONE',  ( 0.000000000000000000, 1.000000000000000000, 0.000000000000000000 ) ) ;
#1672 = CARTESIAN_POINT ( 'NONE',  ( -1.599999999999999645, 0.000000000000000000, 0.7499999999999996669 ) ) ;
#1673 = VECTOR ( 'NONE', #883, 1000.000000000000000 ) ;
#1674 = DIRECTION ( 'NONE',  ( 0.000000000000000000, 1.000000000000000000, 0.000000000000000000 ) ) ;
#1675 = ORIENTED_EDGE ( 'NONE', *, *, #2299, .F. ) ;
#1676 = PLANE ( 'NONE',  #2578 ) ;
#1677 = DIRECTION ( 'NONE',  ( -0.7071067811865515695, 0.000000000000000000, -0.7071067811865435759 ) ) ;
#1678 = ORIENTED_EDGE ( 'NONE', *, *, #2576, .T. ) ;
#1679 = ADVANCED_FACE ( 'NONE', ( #1159 ), #1676, .F. ) ;
#1680 = DIRECTION ( 'NONE',  ( 0.000000000000000000, -1.000000000000000000, 0.000000000000000000 ) ) ;
#1681 = LINE ( 'NONE', #1937, #1833 ) ;
#1682 = VECTOR ( 'NONE', #2056, 1000.000000000000000 ) ;
#1683 = CIRCLE ( 'NONE', #2937, 0.1500000000000000777 ) ;
#1684 = ORIENTED_EDGE ( 'NONE', *, *, #1139, .F. ) ;
#1685 = ORIENTED_EDGE ( 'NONE', *, *, #1045, .F. ) ;
#1686 = ORIENTED_EDGE ( 'NONE', *, *, #1264, .T. ) ;
#1687 = PLANE ( 'NONE',  #886 ) ;
#1688 = CARTESIAN_POINT ( 'NONE',  ( 1.049999999999999822, 0.8325000000000000178, 0.5250000000000001332 ) ) ;
#1689 = CARTESIAN_POINT ( 'NONE',  ( 1.049999999999999822, 0.7499999999999998890, -0.5250000000000000222 ) ) ;
#1690 = CARTESIAN_POINT ( 'NONE',  ( -1.349999999999999645, 0.7499999999999997780, 0.2250000000000000611 ) ) ;
#1691 = EDGE_CURVE ( 'NONE', #1949, #1881, #2371, .T. ) ;
#1692 = LINE ( 'NONE', #2948, #2210 ) ;
#1693 = DIRECTION ( 'NONE',  ( 0.000000000000000000, 1.000000000000000000, 0.000000000000000000 ) ) ;
#1694 = ORIENTED_EDGE ( 'NONE', *, *, #3120, .T. ) ;
#1695 = CARTESIAN_POINT ( 'NONE',  ( -0.1999999999999945710, 0.000000000000000000, -0.1999999999999967915 ) ) ;
#1696 = DIRECTION ( 'NONE',  ( 0.000000000000000000, 0.000000000000000000, 1.000000000000000000 ) ) ;
#1697 = ORIENTED_EDGE ( 'NONE', *, *, #3029, .F. ) ;
#1698 = CARTESIAN_POINT ( 'NONE',  ( 0.8499999999999992006, 0.2999999999999999889, -0.6500000000000001332 ) ) ;
#1699 = CARTESIAN_POINT ( 'NONE',  ( 1.499999999999997780, 0.2999999999999999889, 0.5262563132923543385 ) ) ;
#1700 = CYLINDRICAL_SURFACE ( 'NONE', #1008, 0.1500000000000000777 ) ;
#1701 = VERTEX_POINT ( 'NONE', #186 ) ;
#1702 = ORIENTED_EDGE ( 'NONE', *, *, #1179, .T. ) ;
#1703 = PLANE ( 'NONE',  #446 ) ;
#1704 = CARTESIAN_POINT ( 'NONE',  ( -0.8499999999999994227, 0.2999999999999999889, 0.6500000000000000222 ) ) ;
#1705 = CARTESIAN_POINT ( 'NONE',  ( -1.049999999999999822, 0.7500000000000000000, 0.5750000000000000666 ) ) ;
#1706 = CARTESIAN_POINT ( 'NONE',  ( -1.499999999999997780, 0.2999999999999999889, -0.5262563132923540055 ) ) ;
#1707 = CARTESIAN_POINT ( 'NONE',  ( 1.049999999999999822, 0.7500000000000000000, -0.6734568433375761609 ) ) ;
#1708 = ORIENTED_EDGE ( 'NONE', *, *, #745, .T. ) ;
#1709 = DIRECTION ( 'NONE',  ( -0.000000000000000000, 1.000000000000000000, -0.000000000000000000 ) ) ;
#1710 = LINE ( 'NONE', #2983, #238 ) ;
#1711 = AXIS2_PLACEMENT_3D ( 'NONE', #834, #1104, #2822 ) ;
#1712 = EDGE_LOOP ( 'NONE', ( #1037, #1913, #2480, #2192 ) ) ;
#1713 = LINE ( 'NONE', #171, #2083 ) ;
#1714 = LINE ( 'NONE', #1464, #303 ) ;
#1715 = CARTESIAN_POINT ( 'NONE',  ( 1.349999999999999645, 0.9000000000000000222, 0.2250000000000000888 ) ) ;
#1716 = ORIENTED_EDGE ( 'NONE', *, *, #354, .T. ) ;
#1717 = ORIENTED_EDGE ( 'NONE', *, *, #1721, .T. ) ;
#1718 = EDGE_CURVE ( 'NONE', #2866, #1514, #951, .T. ) ;
#1719 = CARTESIAN_POINT ( 'NONE',  ( 1.499999999999997780, 0.2999999999999999889, 0.5262563132923543385 ) ) ;
#1720 = FACE_OUTER_BOUND ( 'NONE', #2383, .T. ) ;
#1721 = EDGE_CURVE ( 'NONE', #1514, #3162, #1376, .T. ) ;
#1722 = CARTESIAN_POINT ( 'NONE',  ( -1.399999999999999467, 0.7500000000000000000, 0.000000000000000000 ) ) ;
#1723 = PRESENTATION_STYLE_ASSIGNMENT (( #905 ) ) ;
#1724 = ORIENTED_EDGE ( 'NONE', *, *, #1271, .F. ) ;
#1725 = DIRECTION ( 'NONE',  ( 1.000000000000000000, 0.000000000000000000, 0.000000000000000000 ) ) ;
#1726 = PLANE ( 'NONE',  #2537 ) ;
#1727 = ORIENTED_EDGE ( 'NONE', *, *, #640, .F. ) ;
#1728 = DIRECTION ( 'NONE',  ( 1.000000000000000000, 0.000000000000000000, 1.548860246407864322E-16 ) ) ;
#1729 = DIRECTION ( 'NONE',  ( -1.000000000000000000, 0.000000000000000000, -6.324512672832110842E-16 ) ) ;
#1730 = DIRECTION ( 'NONE',  ( -0.000000000000000000, -1.000000000000000000, -0.000000000000000000 ) ) ;
#1731 = ADVANCED_FACE ( 'NONE', ( #3225 ), #2222, .T. ) ;
#1732 = ORIENTED_EDGE ( 'NONE', *, *, #2313, .T. ) ;
#1733 = ORIENTED_EDGE ( 'NONE', *, *, #1128, .T. ) ;
#1734 = EDGE_CURVE ( 'NONE', #2811, #2009, #2718, .T. ) ;
#1735 = VECTOR ( 'NONE', #832, 1000.000000000000000 ) ;
#1736 = VECTOR ( 'NONE', #639, 1000.000000000000000 ) ;
#1737 = CARTESIAN_POINT ( 'NONE',  ( 1.049999999999999822, 0.8325000000000000178, 0.5750000000000000666 ) ) ;
#1738 = EDGE_CURVE ( 'NONE', #1017, #1754, #2935, .T. ) ;
#1739 = LINE ( 'NONE', #1013, #730 ) ;
#1740 = AXIS2_PLACEMENT_3D ( 'NONE', #1828, #3133, #1894 ) ;
#1741 = CIRCLE ( 'NONE', #2363, 0.2999999999999999334 ) ;
#1742 = DIRECTION ( 'NONE',  ( -1.000000000000000000, -0.000000000000000000, -4.120433884023326472E-16 ) ) ;
#1743 = CARTESIAN_POINT ( 'NONE',  ( 1.376256313292352651, 0.000000000000000000, -0.6500000000000003553 ) ) ;
#1744 = ORIENTED_EDGE ( 'NONE', *, *, #943, .T. ) ;
#1745 = DIRECTION ( 'NONE',  ( -0.000000000000000000, -1.000000000000000000, 0.000000000000000000 ) ) ;
#1746 = VECTOR ( 'NONE', #2809, 1000.000000000000000 ) ;
#1747 = CARTESIAN_POINT ( 'NONE',  ( -1.049999999999999822, 0.7499999999999997780, 0.2250000000000000888 ) ) ;
#1748 = VECTOR ( 'NONE', #2868, 1000.000000000000000 ) ;
#1749 = ORIENTED_EDGE ( 'NONE', *, *, #1271, .T. ) ;
#1750 = PLANE ( 'NONE',  #2913 ) ;
#1751 = EDGE_CURVE ( 'NONE', #1978, #2375, #2252, .T. ) ;
#1752 = EDGE_CURVE ( 'NONE', #1958, #2777, #1969, .T. ) ;
#1753 = ORIENTED_EDGE ( 'NONE', *, *, #3008, .T. ) ;
#1754 = VERTEX_POINT ( 'NONE', #3174 ) ;
#1755 = CARTESIAN_POINT ( 'NONE',  ( -1.599999999999999645, 0.000000000000000000, -0.7499999999999996669 ) ) ;
#1756 = CARTESIAN_POINT ( 'NONE',  ( -1.049999999999999822, 0.7500000000000000000, -0.6734568433375760499 ) ) ;
#1757 = DIRECTION ( 'NONE',  ( 1.000000000000000000, -0.000000000000000000, -0.000000000000000000 ) ) ;
#1758 = VERTEX_POINT ( 'NONE', #1460 ) ;
#1759 = CARTESIAN_POINT ( 'NONE',  ( 1.600000000000000533, 0.7500000000000000000, 0.5999999999999998668 ) ) ;
#1760 = EDGE_CURVE ( 'NONE', #1665, #949, #929, .T. ) ;
#1761 = CARTESIAN_POINT ( 'NONE',  ( 1.450000000000000622, 0.000000000000000000, -0.7500000000000001110 ) ) ;
#1762 = EDGE_CURVE ( 'NONE', #688, #3087, #623, .T. ) ;
#1763 = ORIENTED_EDGE ( 'NONE', *, *, #1520, .T. ) ;
#1764 = CARTESIAN_POINT ( 'NONE',  ( 1.499999999999997780, 0.000000000000000000, -0.5262563132923536724 ) ) ;
#1765 = LINE ( 'NONE', #481, #1103 ) ;
#1766 = CIRCLE ( 'NONE', #2904, 0.1500000000000000777 ) ;
#1767 = AXIS2_PLACEMENT_3D ( 'NONE', #1387, #1638, #2382 ) ;
#1768 = AXIS2_PLACEMENT_3D ( 'NONE', #3193, #970, #3207 ) ;
#1769 = ORIENTED_EDGE ( 'NONE', *, *, #1086, .F. ) ;
#1770 = ORIENTED_EDGE ( 'NONE', *, *, #2766, .T. ) ;
#1771 = AXIS2_PLACEMENT_3D ( 'NONE', #272, #1800, #2280 ) ;
#1772 = CIRCLE ( 'NONE', #919, 0.1500000000000000777 ) ;
#1773 = DIRECTION ( 'NONE',  ( 0.000000000000000000, -0.000000000000000000, 1.000000000000000000 ) ) ;
#1774 = ADVANCED_FACE ( 'NONE', ( #686 ), #2475, .F. ) ;
#1775 = DIRECTION ( 'NONE',  ( 0.000000000000000000, 0.000000000000000000, 1.000000000000000000 ) ) ;
#1776 = ADVANCED_FACE ( 'NONE', ( #3239 ), #2689, .F. ) ;
#1777 = ORIENTED_EDGE ( 'NONE', *, *, #3169, .F. ) ;
#1778 = CARTESIAN_POINT ( 'NONE',  ( -1.399999999999999467, 0.7500000000000000000, -0.2250000000000000888 ) ) ;
#1779 = EDGE_LOOP ( 'NONE', ( #208, #2649, #2390, #1642 ) ) ;
#1780 = AXIS2_PLACEMENT_3D ( 'NONE', #678, #1874, #113 ) ;
#1781 = DIRECTION ( 'NONE',  ( 0.000000000000000000, 1.000000000000000000, 0.000000000000000000 ) ) ;
#1782 = ORIENTED_EDGE ( 'NONE', *, *, #793, .F. ) ;
#1783 = ORIENTED_EDGE ( 'NONE', *, *, #1293, .F. ) ;
#1784 = DIRECTION ( 'NONE',  ( -0.000000000000000000, 1.000000000000000000, -0.000000000000000000 ) ) ;
#1785 = CYLINDRICAL_SURFACE ( 'NONE', #3108, 0.2999999999999999889 ) ;
#1786 = VECTOR ( 'NONE', #3235, 1000.000000000000000 ) ;
#1787 = EDGE_CURVE ( 'NONE', #1521, #2318, #2966, .T. ) ;
#1788 = CARTESIAN_POINT ( 'NONE',  ( -1.451977851945612796, 0.000000000000000000, -0.7257215386532593904 ) ) ;
#1789 = LINE ( 'NONE', #766, #2493 ) ;
#1790 = ORIENTED_EDGE ( 'NONE', *, *, #129, .F. ) ;
#1791 = LINE ( 'NONE', #2830, #1437 ) ;
#1792 = AXIS2_PLACEMENT_3D ( 'NONE', #2228, #2479, #2988 ) ;
#1793 = ORIENTED_EDGE ( 'NONE', *, *, #2164, .F. ) ;
#1794 = ORIENTED_EDGE ( 'NONE', *, *, #2315, .T. ) ;
#1795 = ORIENTED_EDGE ( 'NONE', *, *, #220, .F. ) ;
#1796 = LINE ( 'NONE', #289, #529 ) ;
#1797 = PLANE ( 'NONE',  #144 ) ;
#1798 = FILL_AREA_STYLE_COLOUR ( '', #1908 ) ;
#1799 = DIRECTION ( 'NONE',  ( -0.000000000000000000, -0.000000000000000000, 1.000000000000000000 ) ) ;
#1800 = DIRECTION ( 'NONE',  ( 0.000000000000000000, 1.000000000000000000, 0.000000000000000000 ) ) ;
#1801 = VERTEX_POINT ( 'NONE', #718 ) ;
#1802 = VECTOR ( 'NONE', #2951, 1000.000000000000000 ) ;
#1803 = LINE ( 'NONE', #50, #21 ) ;
#1804 = EDGE_LOOP ( 'NONE', ( #2539, #2291, #552, #1763 ) ) ;
#1805 = CYLINDRICAL_SURFACE ( 'NONE', #149, 0.2999999999999999889 ) ;
#1806 = VECTOR ( 'NONE', #1498, 1000.000000000000000 ) ;
#1807 = EDGE_CURVE ( 'NONE', #1225, #499, #984, .T. ) ;
#1808 = DIRECTION ( 'NONE',  ( -1.000000000000000000, -0.000000000000000000, -0.000000000000000000 ) ) ;
#1809 = LINE ( 'NONE', #305, #1421 ) ;
#1810 = ADVANCED_FACE ( 'NONE', ( #1227 ), #1986, .F. ) ;
#1811 = EDGE_CURVE ( 'NONE', #1044, #422, #734, .T. ) ;
#1812 = CYLINDRICAL_SURFACE ( 'NONE', #819, 0.1500000000000000777 ) ;
#1813 = CARTESIAN_POINT ( 'NONE',  ( -1.050000000000000711, 0.000000000000000000, 0.6500000000000000222 ) ) ;
#1814 = CARTESIAN_POINT ( 'NONE',  ( -0.8499999999999994227, 0.2999999999999999889, -0.6500000000000000222 ) ) ;
#1815 = VERTEX_POINT ( 'NONE', #1759 ) ;
#1816 = DIRECTION ( 'NONE',  ( -4.120433884023326472E-16, 0.000000000000000000, 1.000000000000000000 ) ) ;
#1817 = ORIENTED_EDGE ( 'NONE', *, *, #662, .F. ) ;
#1818 = FACE_OUTER_BOUND ( 'NONE', #2497, .T. ) ;
#1819 = ADVANCED_FACE ( 'NONE', ( #1000 ), #2002, .T. ) ;
#1820 = ORIENTED_EDGE ( 'NONE', *, *, #1545, .T. ) ;
#1821 = ORIENTED_EDGE ( 'NONE', *, *, #1036, .T. ) ;
#1822 = DIRECTION ( 'NONE',  ( 1.000000000000000000, 0.000000000000000000, 1.807003620809174385E-16 ) ) ;
#1823 = DIRECTION ( 'NONE',  ( 0.000000000000000000, 0.000000000000000000, -1.000000000000000000 ) ) ;
#1824 = EDGE_CURVE ( 'NONE', #2116, #617, #1540, .T. ) ;
#1825 = DIRECTION ( 'NONE',  ( 0.000000000000000000, 1.000000000000000000, 0.000000000000000000 ) ) ;
#1826 = FACE_OUTER_BOUND ( 'NONE', #438, .T. ) ;
#1827 = CIRCLE ( 'NONE', #1994, 0.2999999999999999889 ) ;
#1828 = CARTESIAN_POINT ( 'NONE',  ( -1.599999999999999645, 0.7500000000000000000, 0.7500000000000003331 ) ) ;
#1829 = VECTOR ( 'NONE', #282, 1000.000000000000000 ) ;
#1830 = ORIENTED_EDGE ( 'NONE', *, *, #2262, .F. ) ;
#1831 = AXIS2_PLACEMENT_3D ( 'NONE', #534, #35, #2949 ) ;
#1832 = UNCERTAINTY_MEASURE_WITH_UNIT (LENGTH_MEASURE( 1.000000000000000082E-05 ), #22, 'distance_accuracy_value', 'NONE');
#1833 = VECTOR ( 'NONE', #2710, 1000.000000000000000 ) ;
#1834 = EDGE_CURVE ( 'NONE', #1403, #2368, #2532, .T. ) ;
#1835 = ORIENTED_EDGE ( 'NONE', *, *, #2420, .F. ) ;
#1836 = DIRECTION ( 'NONE',  ( 0.7071067811865536790, 0.000000000000000000, 0.7071067811865414665 ) ) ;
#1837 = CARTESIAN_POINT ( 'NONE',  ( 0.8499999999999992006, 0.2999999999999999889, 0.6500000000000001332 ) ) ;
#1838 = ORIENTED_EDGE ( 'NONE', *, *, #3004, .F. ) ;
#1839 = VERTEX_POINT ( 'NONE', #1313 ) ;
#1840 = PLANE ( 'NONE',  #100 ) ;
#1841 = EDGE_CURVE ( 'NONE', #2069, #134, #2520, .T. ) ;
#1842 = LINE ( 'NONE', #1132, #646 ) ;
#1843 = DIRECTION ( 'NONE',  ( 0.000000000000000000, 1.000000000000000000, 0.000000000000000000 ) ) ;
#1844 = CARTESIAN_POINT ( 'NONE',  ( -1.049999999999999822, 0.8500000000000001998, -0.2250000000000000888 ) ) ;
#1845 = DIRECTION ( 'NONE',  ( 0.000000000000000000, -1.000000000000000000, 0.000000000000000000 ) ) ;
#1846 = ORIENTED_EDGE ( 'NONE', *, *, #3212, .F. ) ;
#1847 = EDGE_CURVE ( 'NONE', #2035, #1801, #2547, .T. ) ;
#1848 = LINE ( 'NONE', #1880, #2747 ) ;
#1849 = EDGE_CURVE ( 'NONE', #2049, #1230, #2798, .T. ) ;
#1850 = ORIENTED_EDGE ( 'NONE', *, *, #160, .F. ) ;
#1851 = CARTESIAN_POINT ( 'NONE',  ( 1.049999999999999822, 0.8325000000000000178, -0.5250000000000001332 ) ) ;
#1852 = PLANE ( 'NONE',  #2611 ) ;
#1853 = AXIS2_PLACEMENT_3D ( 'NONE', #3102, #2597, #627 ) ;
#1854 = ORIENTED_EDGE ( 'NONE', *, *, #2235, .F. ) ;
#1855 = ORIENTED_EDGE ( 'NONE', *, *, #2381, .F. ) ;
#1856 = CARTESIAN_POINT ( 'NONE',  ( -1.599999999999999645, 0.000000000000000000, -0.7499999999999996669 ) ) ;
#1857 = VECTOR ( 'NONE', #1310, 1000.000000000000000 ) ;
#1858 = CARTESIAN_POINT ( 'NONE',  ( -0.8499999999999994227, 0.000000000000000000, 0.4500000000000007883 ) ) ;
#1859 = DIRECTION ( 'NONE',  ( 1.000000000000000000, -0.000000000000000000, 0.000000000000000000 ) ) ;
#1860 = CARTESIAN_POINT ( 'NONE',  ( 0.8499999999999992006, 0.2999999999999999889, 0.6500000000000001332 ) ) ;
#1861 = ADVANCED_FACE ( 'NONE', ( #560 ), #1564, .F. ) ;
#1862 = CYLINDRICAL_SURFACE ( 'NONE', #91, 0.1500000000000000777 ) ;
#1863 = ADVANCED_FACE ( 'NONE', ( #1260 ), #1296, .F. ) ;
#1864 = EDGE_LOOP ( 'NONE', ( #3036, #2713, #1431, #876 ) ) ;
#1865 = CARTESIAN_POINT ( 'NONE',  ( -1.049999999999999822, 0.8325000000000000178, 0.5250000000000001332 ) ) ;
#1866 = ORIENTED_EDGE ( 'NONE', *, *, #1628, .T. ) ;
#1867 = EDGE_CURVE ( 'NONE', #917, #478, #3045, .T. ) ;
#1868 = CARTESIAN_POINT ( 'NONE',  ( -1.049999999999999822, 0.7500000000000000000, 0.5749999999999999556 ) ) ;
#1869 = CARTESIAN_POINT ( 'NONE',  ( -0.6250000000000009992, 0.000000000000000000, 0.2250000000000024203 ) ) ;
#1870 = VERTEX_POINT ( 'NONE', #2018 ) ;
#1871 = VERTEX_POINT ( 'NONE', #48 ) ;
#1872 = LINE ( 'NONE', #2393, #1748 ) ;
#1873 = CARTESIAN_POINT ( 'NONE',  ( -1.449999999999999734, 0.7500000000000000000, -0.7499999999999996669 ) ) ;
#1874 = DIRECTION ( 'NONE',  ( -0.000000000000000000, -1.000000000000000000, 0.000000000000000000 ) ) ;
#1875 = DIRECTION ( 'NONE',  ( -0.000000000000000000, -1.000000000000000000, -0.000000000000000000 ) ) ;
#1876 = DIRECTION ( 'NONE',  ( 0.000000000000000000, 0.000000000000000000, -1.000000000000000000 ) ) ;
#1877 = DIRECTION ( 'NONE',  ( -0.7071067811865431318, 0.000000000000000000, -0.7071067811865520136 ) ) ;
#1878 = ORIENTED_EDGE ( 'NONE', *, *, #1270, .F. ) ;
#1879 = EDGE_CURVE ( 'NONE', #1079, #586, #2561, .T. ) ;
#1880 = CARTESIAN_POINT ( 'NONE',  ( -1.049999999999999822, -2.146981187374194189, -0.5250000000000001332 ) ) ;
#1881 = VERTEX_POINT ( 'NONE', #548 ) ;
#1882 = CARTESIAN_POINT ( 'NONE',  ( 1.376256313292352651, 0.2999999999999999889, -0.6500000000000003553 ) ) ;
#1883 = CARTESIAN_POINT ( 'NONE',  ( -1.499999999999997780, 0.2999999999999999889, 0.5262563132923540055 ) ) ;
#1884 = CLOSED_SHELL ( 'NONE', ( #340, #610, #796, #418, #1957, #294, #2306, #1205, #403, #1007, #2662, #2978, #53 ) ) ;
#1885 = ORIENTED_EDGE ( 'NONE', *, *, #1977, .T. ) ;
#1886 = ORIENTED_EDGE ( 'NONE', *, *, #1532, .T. ) ;
#1887 = ORIENTED_EDGE ( 'NONE', *, *, #1345, .T. ) ;
#1888 = CARTESIAN_POINT ( 'NONE',  ( 1.499999999999997780, 0.2999999999999999889, 0.5262563132923543385 ) ) ;
#1889 = CIRCLE ( 'NONE', #40, 0.3499999999999998668 ) ;
#1890 = VECTOR ( 'NONE', #724, 1000.000000000000000 ) ;
#1891 = LINE ( 'NONE', #345, #1120 ) ;
#1892 = FACE_OUTER_BOUND ( 'NONE', #2392, .T. ) ;
#1893 = CARTESIAN_POINT ( 'NONE',  ( 0.8499999999999992006, 0.2999999999999999889, -0.6500000000000001332 ) ) ;
#1894 = DIRECTION ( 'NONE',  ( 0.000000000000000000, 0.000000000000000000, -1.000000000000000000 ) ) ;
#1895 = SURFACE_SIDE_STYLE ('',( #2438 ) ) ;
#1896 = ORIENTED_EDGE ( 'NONE', *, *, #450, .T. ) ;
#1897 = LINE ( 'NONE', #2353, #58 ) ;
#1898 = EDGE_LOOP ( 'NONE', ( #3077, #1411, #2553, #3062 ) ) ;
#1899 = DIRECTION ( 'NONE',  ( 0.000000000000000000, -1.000000000000000000, 0.000000000000000000 ) ) ;
#1900 = LINE ( 'NONE', #1883, #205 ) ;
#1901 = ORIENTED_EDGE ( 'NONE', *, *, #579, .T. ) ;
#1902 = ORIENTED_EDGE ( 'NONE', *, *, #2528, .T. ) ;
#1903 = AXIS2_PLACEMENT_3D ( 'NONE', #2581, #31, #83 ) ;
#1904 = DIRECTION ( 'NONE',  ( -0.000000000000000000, -1.000000000000000000, -0.000000000000000000 ) ) ;
#1905 = EDGE_CURVE ( 'NONE', #2426, #1923, #293, .T. ) ;
#1906 = DIRECTION ( 'NONE',  ( -1.000000000000000000, 0.000000000000000000, -2.060216942011664715E-16 ) ) ;
#1907 = DIRECTION ( 'NONE',  ( -0.000000000000000000, -0.000000000000000000, 1.000000000000000000 ) ) ;
#1908 = COLOUR_RGB ( '',0.2509803921568627416, 0.2509803921568627416, 0.2509803921568627416 ) ;
#1909 = DIRECTION ( 'NONE',  ( -0.000000000000000000, 1.000000000000000000, -0.000000000000000000 ) ) ;
#1910 = EDGE_CURVE ( 'NONE', #2111, #2934, #2317, .T. ) ;
#1911 = LINE ( 'NONE', #1706, #2350 ) ;
#1912 = CIRCLE ( 'NONE', #1503, 0.1000000000000000472 ) ;
#1913 = ORIENTED_EDGE ( 'NONE', *, *, #2339, .F. ) ;
#1914 = VECTOR ( 'NONE', #3031, 1000.000000000000000 ) ;
#1915 = DIRECTION ( 'NONE',  ( 0.000000000000000000, 0.000000000000000000, 1.000000000000000000 ) ) ;
#1916 = DIRECTION ( 'NONE',  ( 0.7071067811865435759, 0.000000000000000000, -0.7071067811865515695 ) ) ;
#1917 = VERTEX_POINT ( 'NONE', #1788 ) ;
#1918 = VECTOR ( 'NONE', #2188, 1000.000000000000000 ) ;
#1919 = CARTESIAN_POINT ( 'NONE',  ( -1.451977851945612796, 0.2999999999999999889, -0.7257215386532593904 ) ) ;
#1920 = CARTESIAN_POINT ( 'NONE',  ( -1.498456843337575561, 0.8500000000000001998, 0.000000000000000000 ) ) ;
#1921 = ORIENTED_EDGE ( 'NONE', *, *, #2302, .T. ) ;
#1922 = ORIENTED_EDGE ( 'NONE', *, *, #1824, .T. ) ;
#1923 = VERTEX_POINT ( 'NONE', #1058 ) ;
#1924 = DIRECTION ( 'NONE',  ( 0.7071067811865536790, 0.000000000000000000, 0.7071067811865414665 ) ) ;
#1925 = CARTESIAN_POINT ( 'NONE',  ( -1.399999999999999467, 0.8325000000000000178, 0.2250000000000000611 ) ) ;
#1926 = AXIS2_PLACEMENT_3D ( 'NONE', #3219, #503, #980 ) ;
#1927 = CARTESIAN_POINT ( 'NONE',  ( -1.349999999999999645, 0.7499999999999997780, 0.2250000000000000888 ) ) ;
#1928 = DIRECTION ( 'NONE',  ( -0.000000000000000000, -1.000000000000000000, -0.000000000000000000 ) ) ;
#1929 = CARTESIAN_POINT ( 'NONE',  ( -1.376256313292352651, 0.2999999999999999889, 0.6500000000000001332 ) ) ;
#1930 = VECTOR ( 'NONE', #512, 1000.000000000000000 ) ;
#1931 = DIRECTION ( 'NONE',  ( 0.7071067811865414665, 0.000000000000000000, -0.7071067811865536790 ) ) ;
#1932 = EDGE_LOOP ( 'NONE', ( #2213, #1049, #63, #1130 ) ) ;
#1933 = DIRECTION ( 'NONE',  ( -1.000000000000000000, 0.000000000000000000, -5.421010862427525128E-16 ) ) ;
#1934 = DIRECTION ( 'NONE',  ( -0.000000000000000000, -1.000000000000000000, 0.000000000000000000 ) ) ;
#1935 = ORIENTED_EDGE ( 'NONE', *, *, #3224, .F. ) ;
#1936 = CARTESIAN_POINT ( 'NONE',  ( 1.349999999999999645, 0.7499999999999997780, 0.2250000000000000888 ) ) ;
#1937 = CARTESIAN_POINT ( 'NONE',  ( -1.349999999999999645, -2.146981187374194189, -0.2250000000000000888 ) ) ;
#1938 = ADVANCED_FACE ( 'NONE', ( #2279 ), #27, .F. ) ;
#1939 = VECTOR ( 'NONE', #2178, 1000.000000000000000 ) ;
#1940 = ORIENTED_EDGE ( 'NONE', *, *, #1311, .T. ) ;
#1941 = DIRECTION ( 'NONE',  ( -0.000000000000000000, -0.000000000000000000, 1.000000000000000000 ) ) ;
#1942 = DIRECTION ( 'NONE',  ( 1.000000000000000000, -0.000000000000000000, 0.000000000000000000 ) ) ;
#1943 = DIRECTION ( 'NONE',  ( 0.000000000000000000, 0.000000000000000000, -1.000000000000000000 ) ) ;
#1944 = EDGE_CURVE ( 'NONE', #853, #1665, #821, .T. ) ;
#1945 = AXIS2_PLACEMENT_3D ( 'NONE', #1102, #860, #1149 ) ;
#1946 = CARTESIAN_POINT ( 'NONE',  ( -0.8499999999999994227, 0.2999999999999999889, 0.4500000000000007883 ) ) ;
#1947 = FILL_AREA_STYLE_COLOUR ( '', #710 ) ;
#1948 = CYLINDRICAL_SURFACE ( 'NONE', #2670, 0.1000000000000000472 ) ;
#1949 = VERTEX_POINT ( 'NONE', #1778 ) ;
#1950 = CARTESIAN_POINT ( 'NONE',  ( 1.349999999999999645, 0.7499999999999997780, -0.2250000000000000888 ) ) ;
#1951 = DIRECTION ( 'NONE',  ( -0.000000000000000000, -0.000000000000000000, 1.000000000000000000 ) ) ;
#1952 = ORIENTED_EDGE ( 'NONE', *, *, #1973, .T. ) ;
#1953 = AXIS2_PLACEMENT_3D ( 'NONE', #2877, #1877, #625 ) ;
#1954 = CARTESIAN_POINT ( 'NONE',  ( -1.575721538653257925, 0.2999999999999999889, 0.6019778519456129295 ) ) ;
#1955 = CARTESIAN_POINT ( 'NONE',  ( -1.349999999999999645, 0.8325000000000000178, 0.2250000000000003109 ) ) ;
#1956 = CARTESIAN_POINT ( 'NONE',  ( -1.599999999999999645, 0.7500000000000000000, -0.7499999999999996669 ) ) ;
#1957 = ADVANCED_FACE ( 'NONE', ( #1826 ), #2769, .T. ) ;
#1958 = VERTEX_POINT ( 'NONE', #1813 ) ;
#1959 = ORIENTED_EDGE ( 'NONE', *, *, #1337, .T. ) ;
#1960 = MECHANICAL_DESIGN_GEOMETRIC_PRESENTATION_REPRESENTATION (  '', ( #236 ), #2341 ) ;
#1961 = FACE_OUTER_BOUND ( 'NONE', #1666, .T. ) ;
#1962 = VECTOR ( 'NONE', #1302, 1000.000000000000000 ) ;
#1963 = PLANE ( 'NONE',  #773 ) ;
#1964 = LINE ( 'NONE', #1211, #1043 ) ;
#1965 = FILL_AREA_STYLE ('',( #1947 ) ) ;
#1966 = ORIENTED_EDGE ( 'NONE', *, *, #891, .F. ) ;
#1967 = EDGE_CURVE ( 'NONE', #442, #52, #1478, .T. ) ;
#1968 = EDGE_CURVE ( 'NONE', #188, #570, #2574, .T. ) ;
#1969 = LINE ( 'NONE', #1695, #1306 ) ;
#1970 = CARTESIAN_POINT ( 'NONE',  ( 1.575721538653257925, 0.2999999999999999889, -0.6019778519456130406 ) ) ;
#1971 = VECTOR ( 'NONE', #3222, 1000.000000000000000 ) ;
#1972 = ORIENTED_EDGE ( 'NONE', *, *, #1475, .F. ) ;
#1973 = EDGE_CURVE ( 'NONE', #485, #429, #2594, .T. ) ;
#1974 = LINE ( 'NONE', #1181, #2329 ) ;
#1975 = DIRECTION ( 'NONE',  ( -0.000000000000000000, -1.000000000000000000, 0.000000000000000000 ) ) ;
#1976 = CARTESIAN_POINT ( 'NONE',  ( -1.451977851945612796, 0.2999999999999999889, 0.7257215386532593904 ) ) ;
#1977 = EDGE_CURVE ( 'NONE', #2751, #2508, #379, .T. ) ;
#1978 = VERTEX_POINT ( 'NONE', #1893 ) ;
#1979 = ORIENTED_EDGE ( 'NONE', *, *, #2947, .T. ) ;
#1980 = LINE ( 'NONE', #244, #3164 ) ;
#1981 = DIRECTION ( 'NONE',  ( 0.000000000000000000, -0.000000000000000000, -1.000000000000000000 ) ) ;
#1982 = DIRECTION ( 'NONE',  ( 0.000000000000000000, 0.000000000000000000, -1.000000000000000000 ) ) ;
#1983 = LINE ( 'NONE', #183, #3038 ) ;
#1984 = EDGE_CURVE ( 'NONE', #1017, #2359, #2893, .T. ) ;
#1985 = ORIENTED_EDGE ( 'NONE', *, *, #480, .F. ) ;
#1986 = PLANE ( 'NONE',  #2987 ) ;
#1987 = DIRECTION ( 'NONE',  ( 0.000000000000000000, 1.000000000000000000, 0.000000000000000000 ) ) ;
#1988 = ORIENTED_EDGE ( 'NONE', *, *, #1566, .F. ) ;
#1989 = EDGE_CURVE ( 'NONE', #1701, #392, #660, .T. ) ;
#1990 = DIRECTION ( 'NONE',  ( 0.000000000000000000, -1.000000000000000000, -0.000000000000000000 ) ) ;
#1991 = LINE ( 'NONE', #2257, #2308 ) ;
#1992 = ORIENTED_EDGE ( 'NONE', *, *, #1475, .T. ) ;
#1993 = ORIENTED_EDGE ( 'NONE', *, *, #2627, .T. ) ;
#1994 = AXIS2_PLACEMENT_3D ( 'NONE', #2312, #290, #36 ) ;
#1995 = AXIS2_PLACEMENT_3D ( 'NONE', #78, #1909, #1346 ) ;
#1996 = DIRECTION ( 'NONE',  ( 0.000000000000000000, -0.000000000000000000, -1.000000000000000000 ) ) ;
#1997 = CARTESIAN_POINT ( 'NONE',  ( 1.498456843337575561, 0.8500000000000001998, -0.2250000000000001721 ) ) ;
#1998 = TOROIDAL_SURFACE ( 'NONE', #2352, 0.4484568433375759056, 0.1000000000000000472 ) ;
#1999 = CYLINDRICAL_SURFACE ( 'NONE', #3, 0.1000000000000000472 ) ;
#2000 = DIRECTION ( 'NONE',  ( 0.000000000000000000, 1.000000000000000000, 0.000000000000000000 ) ) ;
#2001 = ORIENTED_EDGE ( 'NONE', *, *, #721, .F. ) ;
#2002 = PLANE ( 'NONE',  #679 ) ;
#2003 = DIRECTION ( 'NONE',  ( -0.000000000000000000, -0.000000000000000000, 1.000000000000000000 ) ) ;
#2004 = AXIS2_PLACEMENT_3D ( 'NONE', #2680, #1648, #2118 ) ;
#2005 = ORIENTED_EDGE ( 'NONE', *, *, #892, .T. ) ;
#2006 = LINE ( 'NONE', #2073, #2342 ) ;
#2007 = DIRECTION ( 'NONE',  ( 0.000000000000000000, 0.000000000000000000, -1.000000000000000000 ) ) ;
#2008 = EDGE_CURVE ( 'NONE', #2492, #797, #1134, .T. ) ;
#2009 = VERTEX_POINT ( 'NONE', #2348 ) ;
#2010 = ORIENTED_EDGE ( 'NONE', *, *, #925, .F. ) ;
#2011 = EDGE_CURVE ( 'NONE', #1122, #2524, #1889, .T. ) ;
#2012 = CARTESIAN_POINT ( 'NONE',  ( 1.600000000000000533, 0.7500000000000000000, 0.5999999999999998668 ) ) ;
#2013 = CARTESIAN_POINT ( 'NONE',  ( -1.599999999999999645, 0.000000000000000000, -0.7499999999999996669 ) ) ;
#2014 = CARTESIAN_POINT ( 'NONE',  ( -1.498456843337575561, 0.7500000000000000000, 0.2250000000000003109 ) ) ;
#2015 = EDGE_LOOP ( 'NONE', ( #2687, #1163, #792, #585, #2139, #2692 ) ) ;
#2016 = EDGE_CURVE ( 'NONE', #1622, #1314, #3131, .T. ) ;
#2017 = CIRCLE ( 'NONE', #755, 0.1500000000000000777 ) ;
#2018 = CARTESIAN_POINT ( 'NONE',  ( -1.049999999999999822, 0.9000000000000000222, 0.5250000000000000222 ) ) ;
#2019 =( NAMED_UNIT ( * ) SI_UNIT ( $, .STERADIAN. ) SOLID_ANGLE_UNIT ( ) );
#2020 = ORIENTED_EDGE ( 'NONE', *, *, #1531, .T. ) ;
#2021 = DIRECTION ( 'NONE',  ( 0.000000000000000000, -0.000000000000000000, 1.000000000000000000 ) ) ;
#2022 = SURFACE_STYLE_FILL_AREA ( #513 ) ;
#2023 = AXIS2_PLACEMENT_3D ( 'NONE', #966, #2198, #3187 ) ;
#2024 = AXIS2_PLACEMENT_3D ( 'NONE', #2166, #1448, #1182 ) ;
#2025 = AXIS2_PLACEMENT_3D ( 'NONE', #687, #704, #1215 ) ;
#2026 = VERTEX_POINT ( 'NONE', #1106 ) ;
#2027 = ORIENTED_EDGE ( 'NONE', *, *, #472, .T. ) ;
#2028 = CARTESIAN_POINT ( 'NONE',  ( 1.499999999999997780, 0.2999999999999999889, -0.5262563132923536724 ) ) ;
#2029 = CARTESIAN_POINT ( 'NONE',  ( 1.499999999999997780, 0.2999999999999999889, -0.5262563132923536724 ) ) ;
#2030 = DIRECTION ( 'NONE',  ( 0.000000000000000000, 0.000000000000000000, 1.000000000000000000 ) ) ;
#2031 =( LENGTH_UNIT ( ) NAMED_UNIT ( * ) SI_UNIT ( .MILLI., .METRE. ) );
#2032 = VERTEX_POINT ( 'NONE', #1090 ) ;
#2033 = AXIS2_PLACEMENT_3D ( 'NONE', #659, #2645, #862 ) ;
#2034 = CARTESIAN_POINT ( 'NONE',  ( -1.349999999999999645, 0.7499999999999997780, 0.000000000000000000 ) ) ;
#2035 = VERTEX_POINT ( 'NONE', #397 ) ;
#2036 = VERTEX_POINT ( 'NONE', #836 ) ;
#2037 = CARTESIAN_POINT ( 'NONE',  ( 1.575721538653257925, 0.000000000000000000, 0.6019778519456129295 ) ) ;
#2038 = FACE_OUTER_BOUND ( 'NONE', #3073, .T. ) ;
#2039 = CIRCLE ( 'NONE', #1621, 0.1000000000000000472 ) ;
#2040 = DIRECTION ( 'NONE',  ( 0.7071067811865450192, -0.000000000000000000, 0.7071067811865500152 ) ) ;
#2041 = APPLICATION_CONTEXT ( 'automotive_design' ) ;
#2042 = TOROIDAL_SURFACE ( 'NONE', #942, 0.4484568433375759056, 0.1000000000000000472 ) ;
#2043 = CARTESIAN_POINT ( 'NONE',  ( -0.6250000000000034417, 0.2999999999999999889, 0.2250000000000074163 ) ) ;
#2044 = ORIENTED_EDGE ( 'NONE', *, *, #1668, .T. ) ;
#2045 = AXIS2_PLACEMENT_3D ( 'NONE', #3053, #575, #806 ) ;
#2046 = DIRECTION ( 'NONE',  ( 0.000000000000000000, 1.000000000000000000, -0.000000000000000000 ) ) ;
#2047 = AXIS2_PLACEMENT_3D ( 'NONE', #938, #1941, #177 ) ;
#2048 = ADVANCED_FACE ( 'NONE', ( #2625 ), #301, .F. ) ;
#2049 = VERTEX_POINT ( 'NONE', #884 ) ;
#2050 = EDGE_CURVE ( 'NONE', #3109, #1657, #2841, .T. ) ;
#2051 = ORIENTED_EDGE ( 'NONE', *, *, #3008, .F. ) ;
#2052 = EDGE_CURVE ( 'NONE', #1592, #2602, #2039, .T. ) ;
#2053 = DIRECTION ( 'NONE',  ( 1.000000000000000000, 0.000000000000000000, -2.060216942011663975E-16 ) ) ;
#2054 = DIRECTION ( 'NONE',  ( 1.000000000000000000, -4.336808689942025625E-15, -0.000000000000000000 ) ) ;
#2055 = FACE_OUTER_BOUND ( 'NONE', #498, .T. ) ;
#2056 = DIRECTION ( 'NONE',  ( -0.000000000000000000, 0.000000000000000000, 1.000000000000000000 ) ) ;
#2057 = CARTESIAN_POINT ( 'NONE',  ( 1.399999999999999467, 0.8325000000000000178, -0.2250000000000000888 ) ) ;
#2058 = ORIENTED_EDGE ( 'NONE', *, *, #1811, .T. ) ;
#2059 = ADVANCED_FACE ( 'NONE', ( #1383 ), #1652, .F. ) ;
#2060 = AXIS2_PLACEMENT_3D ( 'NONE', #969, #2184, #458 ) ;
#2061 = PRODUCT_DEFINITION ( 'UNKNOWN', '', #652, #2580 ) ;
#2062 = LINE ( 'NONE', #1093, #2483 ) ;
#2063 = EDGE_CURVE ( 'NONE', #1958, #2465, #2396, .T. ) ;
#2064 = ORIENTED_EDGE ( 'NONE', *, *, #2495, .F. ) ;
#2065 = ORIENTED_EDGE ( 'NONE', *, *, #2302, .F. ) ;
#2066 = ADVANCED_FACE ( 'NONE', ( #3150 ), #2912, .F. ) ;
#2067 = VECTOR ( 'NONE', #451, 1000.000000000000000 ) ;
#2068 = EDGE_LOOP ( 'NONE', ( #484, #3048, #736, #1644 ) ) ;
#2069 = VERTEX_POINT ( 'NONE', #2857 ) ;
#2070 = FACE_OUTER_BOUND ( 'NONE', #616, .T. ) ;
#2071 = VECTOR ( 'NONE', #706, 1000.000000000000000 ) ;
#2072 = DIRECTION ( 'NONE',  ( 1.000000000000000000, 0.000000000000000000, -4.120433884023326472E-16 ) ) ;
#2073 = CARTESIAN_POINT ( 'NONE',  ( 1.049999999999999822, -2.146981187374194189, -0.5250000000000000222 ) ) ;
#2074 = DIRECTION ( 'NONE',  ( -0.7071067811865431318, 0.000000000000000000, 0.7071067811865520136 ) ) ;
#2075 = EDGE_CURVE ( 'NONE', #2751, #1622, #2608, .T. ) ;
#2076 = CARTESIAN_POINT ( 'NONE',  ( 1.499999999999997780, 0.2999999999999999889, -0.5262563132923536724 ) ) ;
#2077 = ORIENTED_EDGE ( 'NONE', *, *, #565, .T. ) ;
#2078 = DIRECTION ( 'NONE',  ( -0.000000000000000000, -1.000000000000000000, -0.000000000000000000 ) ) ;
#2079 = EDGE_LOOP ( 'NONE', ( #954, #2128, #711, #2027 ) ) ;
#2080 = DIRECTION ( 'NONE',  ( -1.000000000000000000, 4.336808689942025625E-15, 0.000000000000000000 ) ) ;
#2081 = LINE ( 'NONE', #3075, #2211 ) ;
#2082 = ADVANCED_FACE ( 'NONE', ( #2365 ), #363, .F. ) ;
#2083 = VECTOR ( 'NONE', #189, 1000.000000000000000 ) ;
#2084 = ORIENTED_EDGE ( 'NONE', *, *, #235, .F. ) ;
#2085 = ORIENTED_EDGE ( 'NONE', *, *, #472, .F. ) ;
#2086 = CARTESIAN_POINT ( 'NONE',  ( 1.376256313292352651, 0.2999999999999999889, -0.6500000000000003553 ) ) ;
#2087 = DIRECTION ( 'NONE',  ( 0.7071067811865515695, -0.000000000000000000, 0.7071067811865435759 ) ) ;
#2088 = EDGE_CURVE ( 'NONE', #1657, #2294, #863, .T. ) ;
#2089 = CARTESIAN_POINT ( 'NONE',  ( 1.049999999999999822, 0.7499999999999997780, 0.5250000000000001332 ) ) ;
#2090 = EDGE_CURVE ( 'NONE', #2602, #1339, #946, .T. ) ;
#2091 = CARTESIAN_POINT ( 'NONE',  ( -1.499999999999997780, 0.2999999999999999889, 0.5262563132923540055 ) ) ;
#2092 = CARTESIAN_POINT ( 'NONE',  ( 1.049999999999999822, 0.8500000000000001998, -0.2250000000000000888 ) ) ;
#2093 = VECTOR ( 'NONE', #1799, 1000.000000000000000 ) ;
#2094 = ORIENTED_EDGE ( 'NONE', *, *, #589, .T. ) ;
#2095 = COLOUR_RGB ( '',0.9686274509803921573, 0.8784313725490195957, 0.5999999999999999778 ) ;
#2096 = UNCERTAINTY_MEASURE_WITH_UNIT (LENGTH_MEASURE( 1.000000000000000082E-05 ), #1020, 'distance_accuracy_value', 'NONE');
#2097 = CARTESIAN_POINT ( 'NONE',  ( 1.049999999999999822, 0.9000000000000000222, 0.2250000000000000888 ) ) ;
#2098 = ORIENTED_EDGE ( 'NONE', *, *, #160, .T. ) ;
#2099 = DIRECTION ( 'NONE',  ( 1.000000000000000000, 0.000000000000000000, 1.548860246407864322E-16 ) ) ;
#2100 = DIRECTION ( 'NONE',  ( -0.000000000000000000, -0.000000000000000000, 1.000000000000000000 ) ) ;
#2101 = ORIENTED_EDGE ( 'NONE', *, *, #565, .F. ) ;
#2102 = ORIENTED_EDGE ( 'NONE', *, *, #1545, .F. ) ;
#2103 = DIRECTION ( 'NONE',  ( 0.000000000000000000, 0.000000000000000000, -1.000000000000000000 ) ) ;
#2104 = EDGE_CURVE ( 'NONE', #797, #2538, #964, .T. ) ;
#2105 = EDGE_CURVE ( 'NONE', #1225, #1494, #1964, .T. ) ;
#2106 = CARTESIAN_POINT ( 'NONE',  ( -1.349999999999999645, 0.8325000000000000178, 0.2250000000000002831 ) ) ;
#2107 = VECTOR ( 'NONE', #1674, 1000.000000000000000 ) ;
#2108 = CARTESIAN_POINT ( 'NONE',  ( -1.599999999999999645, 0.000000000000000000, -0.5999999999999996447 ) ) ;
#2109 = DIRECTION ( 'NONE',  ( -0.000000000000000000, -1.000000000000000000, 0.000000000000000000 ) ) ;
#2110 = CARTESIAN_POINT ( 'NONE',  ( -1.349999999999999645, 0.7499999999999997780, -0.2250000000000000888 ) ) ;
#2111 = VERTEX_POINT ( 'NONE', #2472 ) ;
#2112 = DIRECTION ( 'NONE',  ( 0.000000000000000000, 0.000000000000000000, 1.000000000000000000 ) ) ;
#2113 = ORIENTED_EDGE ( 'NONE', *, *, #95, .F. ) ;
#2114 = CARTESIAN_POINT ( 'NONE',  ( -1.499999999999997780, 0.2999999999999999889, 0.5262563132923540055 ) ) ;
#2115 = PLANE ( 'NONE',  #1210 ) ;
#2116 = VERTEX_POINT ( 'NONE', #1946 ) ;
#2117 = EDGE_LOOP ( 'NONE', ( #103, #3145, #960, #511 ) ) ;
#2118 = DIRECTION ( 'NONE',  ( 0.000000000000000000, -0.000000000000000000, -1.000000000000000000 ) ) ;
#2119 = AXIS2_PLACEMENT_3D ( 'NONE', #545, #2545, #291 ) ;
#2120 = DIRECTION ( 'NONE',  ( 0.000000000000000000, 0.000000000000000000, -1.000000000000000000 ) ) ;
#2121 = ADVANCED_FACE ( 'NONE', ( #2963 ), #1999, .F. ) ;
#2122 = DIRECTION ( 'NONE',  ( 0.000000000000000000, -0.000000000000000000, 1.000000000000000000 ) ) ;
#2123 = DIRECTION ( 'NONE',  ( 0.000000000000000000, 0.000000000000000000, -1.000000000000000000 ) ) ;
#2124 = LINE ( 'NONE', #2874, #3134 ) ;
#2125 = SURFACE_STYLE_USAGE ( .BOTH. , #1895 ) ;
#2126 = ORIENTED_EDGE ( 'NONE', *, *, #2889, .F. ) ;
#2127 = CARTESIAN_POINT ( 'NONE',  ( 1.499999999999997780, 0.000000000000000000, 0.5262563132923543385 ) ) ;
#2128 = ORIENTED_EDGE ( 'NONE', *, *, #783, .F. ) ;
#2129 = CARTESIAN_POINT ( 'NONE',  ( 1.499999999999997780, 0.000000000000000000, -0.5262563132923536724 ) ) ;
#2130 = ORIENTED_EDGE ( 'NONE', *, *, #1834, .T. ) ;
#2131 = ORIENTED_EDGE ( 'NONE', *, *, #1718, .T. ) ;
#2132 = ORIENTED_EDGE ( 'NONE', *, *, #1023, .F. ) ;
#2133 = CARTESIAN_POINT ( 'NONE',  ( -1.376256313292352429, 0.000000000000000000, -0.6500000000000001332 ) ) ;
#2134 = LINE ( 'NONE', #1561, #2802 ) ;
#2135 = FACE_OUTER_BOUND ( 'NONE', #15, .T. ) ;
#2136 = DIRECTION ( 'NONE',  ( -0.000000000000000000, -1.000000000000000000, -0.000000000000000000 ) ) ;
#2137 = PLANE ( 'NONE',  #1740 ) ;
#2138 = DIRECTION ( 'NONE',  ( -0.7071067811865536790, 0.000000000000000000, -0.7071067811865414665 ) ) ;
#2139 = ORIENTED_EDGE ( 'NONE', *, *, #1967, .F. ) ;
#2140 = CIRCLE ( 'NONE', #1297, 0.1500000000000000777 ) ;
#2141 = CARTESIAN_POINT ( 'NONE',  ( -1.376256313292352651, 0.2999999999999999889, 0.6500000000000001332 ) ) ;
#2142 = VECTOR ( 'NONE', #1928, 1000.000000000000000 ) ;
#2143 = ORIENTED_EDGE ( 'NONE', *, *, #1057, .T. ) ;
#2144 = CARTESIAN_POINT ( 'NONE',  ( 1.450000000000000622, 0.7500000000000000000, 0.7499999999999998890 ) ) ;
#2145 = VECTOR ( 'NONE', #707, 1000.000000000000000 ) ;
#2146 = EDGE_CURVE ( 'NONE', #2899, #1801, #682, .T. ) ;
#2147 = EDGE_CURVE ( 'NONE', #1664, #1949, #489, .T. ) ;
#2148 = ORIENTED_EDGE ( 'NONE', *, *, #943, .F. ) ;
#2149 = ORIENTED_EDGE ( 'NONE', *, *, #691, .T. ) ;
#2150 = EDGE_CURVE ( 'NONE', #1339, #1664, #219, .T. ) ;
#2151 = ORIENTED_EDGE ( 'NONE', *, *, #157, .F. ) ;
#2152 = CARTESIAN_POINT ( 'NONE',  ( 1.499999999999997780, 0.2999999999999999889, -0.5262563132923536724 ) ) ;
#2153 = AXIS2_PLACEMENT_3D ( 'NONE', #114, #1118, #1328 ) ;
#2154 = VECTOR ( 'NONE', #191, 1000.000000000000000 ) ;
#2155 = CARTESIAN_POINT ( 'NONE',  ( 1.049999999999999822, 0.9000000000000000222, -0.5250000000000000222 ) ) ;
#2156 = FACE_OUTER_BOUND ( 'NONE', #2785, .T. ) ;
#2157 = DIRECTION ( 'NONE',  ( -0.000000000000000000, -1.000000000000000000, 0.000000000000000000 ) ) ;
#2158 = CARTESIAN_POINT ( 'NONE',  ( 0.8499999999999992006, 0.000000000000000000, -0.6500000000000001332 ) ) ;
#2159 = ADVANCED_FACE ( 'NONE', ( #2931 ), #2664, .T. ) ;
#2160 = DIRECTION ( 'NONE',  ( -1.000000000000000000, 0.000000000000000000, 0.000000000000000000 ) ) ;
#2161 = ORIENTED_EDGE ( 'NONE', *, *, #2105, .T. ) ;
#2162 = LINE ( 'NONE', #889, #2900 ) ;
#2163 = ORIENTED_EDGE ( 'NONE', *, *, #12, .F. ) ;
#2164 = EDGE_CURVE ( 'NONE', #2968, #241, #2997, .T. ) ;
#2165 = DIRECTION ( 'NONE',  ( -0.000000000000000000, 1.000000000000000000, -0.000000000000000000 ) ) ;
#2166 = CARTESIAN_POINT ( 'NONE',  ( 0.000000000000000000, 0.000000000000000000, 0.000000000000000000 ) ) ;
#2167 = CARTESIAN_POINT ( 'NONE',  ( 1.451977851945612796, 0.2999999999999999889, -0.7257215386532593904 ) ) ;
#2168 = VERTEX_POINT ( 'NONE', #1418 ) ;
#2169 = ORIENTED_EDGE ( 'NONE', *, *, #1532, .F. ) ;
#2170 = AXIS2_PLACEMENT_3D ( 'NONE', #2141, #2917, #1369 ) ;
#2171 = ORIENTED_EDGE ( 'NONE', *, *, #3159, .T. ) ;
#2172 = CARTESIAN_POINT ( 'NONE',  ( -1.349999999999999645, 0.8325000000000000178, 0.000000000000000000 ) ) ;
#2173 = EDGE_CURVE ( 'NONE', #1230, #1125, #3186, .T. ) ;
#2174 = CARTESIAN_POINT ( 'NONE',  ( 0.8499999999999992006, 0.2999999999999999889, 0.6500000000000001332 ) ) ;
#2175 = LINE ( 'NONE', #2624, #2659 ) ;
#2176 = AXIS2_PLACEMENT_3D ( 'NONE', #818, #1823, #1360 ) ;
#2177 = CARTESIAN_POINT ( 'NONE',  ( 1.376256313292352651, 0.2999999999999999889, 0.6500000000000003553 ) ) ;
#2178 = DIRECTION ( 'NONE',  ( 1.000000000000000000, 0.000000000000000000, -0.000000000000000000 ) ) ;
#2179 = PRESENTATION_LAYER_ASSIGNMENT (  '', '', ( #3016 ) ) ;
#2180 = CIRCLE ( 'NONE', #1768, 0.1500000000000000777 ) ;
#2181 = CARTESIAN_POINT ( 'NONE',  ( -0.8499999999999994227, 0.2999999999999999889, -0.6500000000000000222 ) ) ;
#2182 = EDGE_CURVE ( 'NONE', #108, #134, #454, .T. ) ;
#2183 = ORIENTED_EDGE ( 'NONE', *, *, #2972, .F. ) ;
#2184 = DIRECTION ( 'NONE',  ( 0.000000000000000000, -1.000000000000000000, 0.000000000000000000 ) ) ;
#2185 = CARTESIAN_POINT ( 'NONE',  ( 1.499999999999997780, 0.000000000000000000, -0.5262563132923536724 ) ) ;
#2186 = EDGE_LOOP ( 'NONE', ( #866, #3006, #2408, #1373, #2143, #1147, #1158, #595 ) ) ;
#2187 = AXIS2_PLACEMENT_3D ( 'NONE', #2633, #1111, #3105 ) ;
#2188 = DIRECTION ( 'NONE',  ( 0.000000000000000000, 0.000000000000000000, -1.000000000000000000 ) ) ;
#2189 = DIRECTION ( 'NONE',  ( 6.505213034913026604E-15, 0.000000000000000000, 1.000000000000000000 ) ) ;
#2190 = EDGE_CURVE ( 'NONE', #2318, #1199, #697, .T. ) ;
#2191 = EDGE_LOOP ( 'NONE', ( #1850, #2887, #2311, #357 ) ) ;
#2192 = ORIENTED_EDGE ( 'NONE', *, *, #2052, .T. ) ;
#2193 = FACE_OUTER_BOUND ( 'NONE', #343, .T. ) ;
#2194 = LINE ( 'NONE', #2928, #651 ) ;
#2195 = CIRCLE ( 'NONE', #192, 0.1000000000000000472 ) ;
#2196 = DIRECTION ( 'NONE',  ( -0.000000000000000000, -1.000000000000000000, 0.000000000000000000 ) ) ;
#2197 = LINE ( 'NONE', #2249, #1786 ) ;
#2198 = DIRECTION ( 'NONE',  ( -4.336808689942025625E-15, 1.000000000000000000, 0.000000000000000000 ) ) ;
#2199 = VECTOR ( 'NONE', #590, 1000.000000000000000 ) ;
#2200 = EDGE_CURVE ( 'NONE', #1923, #1521, #2453, .T. ) ;
#2201 = EDGE_CURVE ( 'NONE', #134, #72, #1171, .T. ) ;
#2202 = CARTESIAN_POINT ( 'NONE',  ( -0.8499999999999994227, 0.2999999999999999889, 0.6500000000000000222 ) ) ;
#2203 = ORIENTED_EDGE ( 'NONE', *, *, #1033, .T. ) ;
#2204 = DIRECTION ( 'NONE',  ( 0.7071067811865514585, -0.000000000000000000, -0.7071067811865435759 ) ) ;
#2205 = DIRECTION ( 'NONE',  ( -1.000000000000000000, -0.000000000000000000, -4.120433884023326472E-16 ) ) ;
#2206 = VERTEX_POINT ( 'NONE', #1705 ) ;
#2207 = LINE ( 'NONE', #1954, #1518 ) ;
#2208 = CARTESIAN_POINT ( 'NONE',  ( -1.049999999999999822, -2.146981187374194189, 0.2250000000000000888 ) ) ;
#2209 = CARTESIAN_POINT ( 'NONE',  ( -1.399999999999999467, 0.7500000000000000000, 0.2250000000000002831 ) ) ;
#2210 = VECTOR ( 'NONE', #2736, 1000.000000000000000 ) ;
#2211 = VECTOR ( 'NONE', #1336, 1000.000000000000000 ) ;
#2212 = ORIENTED_EDGE ( 'NONE', *, *, #486, .F. ) ;
#2213 = ORIENTED_EDGE ( 'NONE', *, *, #2173, .T. ) ;
#2214 = FACE_OUTER_BOUND ( 'NONE', #491, .T. ) ;
#2215 = LINE ( 'NONE', #1223, #2400 ) ;
#2216 = VECTOR ( 'NONE', #1054, 1000.000000000000114 ) ;
#2217 = CARTESIAN_POINT ( 'NONE',  ( 0.000000000000000000, 0.000000000000000000, 0.000000000000000000 ) ) ;
#2218 = EDGE_CURVE ( 'NONE', #1110, #2602, #204, .T. ) ;
#2219 = CARTESIAN_POINT ( 'NONE',  ( -1.376256313292352429, 0.2999999999999999889, -0.6500000000000001332 ) ) ;
#2220 = ORIENTED_EDGE ( 'NONE', *, *, #2200, .T. ) ;
#2221 = ADVANCED_FACE ( 'NONE', ( #2234 ), #198, .F. ) ;
#2222 = PLANE ( 'NONE',  #2060 ) ;
#2223 = LINE ( 'NONE', #3226, #1329 ) ;
#2224 = ORIENTED_EDGE ( 'NONE', *, *, #556, .F. ) ;
#2225 = CARTESIAN_POINT ( 'NONE',  ( -1.599999999999999645, 0.000000000000000000, 0.7500000000000003331 ) ) ;
#2226 = APPLICATION_PROTOCOL_DEFINITION ( 'draft international standard', 'automotive_design', 1998, #1485 ) ;
#2227 = DIRECTION ( 'NONE',  ( 0.000000000000000000, 0.000000000000000000, -1.000000000000000000 ) ) ;
#2228 = CARTESIAN_POINT ( 'NONE',  ( -1.349999999999999645, 0.7499999999999997780, 0.000000000000000000 ) ) ;
#2229 = ORIENTED_EDGE ( 'NONE', *, *, #786, .F. ) ;
#2230 = VERTEX_POINT ( 'NONE', #2683 ) ;
#2231 = DIRECTION ( 'NONE',  ( -0.000000000000000000, -1.000000000000000000, -0.000000000000000000 ) ) ;
#2232 = VECTOR ( 'NONE', #2812, 1000.000000000000000 ) ;
#2233 = DIRECTION ( 'NONE',  ( -1.000000000000000000, -0.000000000000000000, -0.000000000000000000 ) ) ;
#2234 = FACE_OUTER_BOUND ( 'NONE', #693, .T. ) ;
#2235 = EDGE_CURVE ( 'NONE', #1251, #2745, #2197, .T. ) ;
#2236 =( NAMED_UNIT ( * ) PLANE_ANGLE_UNIT ( ) SI_UNIT ( $, .RADIAN. ) );
#2237 = ORIENTED_EDGE ( 'NONE', *, *, #1580, .T. ) ;
#2238 = DIRECTION ( 'NONE',  ( 0.000000000000000000, -1.000000000000000000, 0.000000000000000000 ) ) ;
#2239 = DIRECTION ( 'NONE',  ( -0.7071067811865505703, 0.000000000000000000, 0.7071067811865444641 ) ) ;
#2240 = AXIS2_PLACEMENT_3D ( 'NONE', #1416, #1207, #695 ) ;
#2241 = ORIENTED_EDGE ( 'NONE', *, *, #1867, .T. ) ;
#2242 = DIRECTION ( 'NONE',  ( 0.000000000000000000, 0.000000000000000000, 1.000000000000000000 ) ) ;
#2243 = LINE ( 'NONE', #2335, #170 ) ;
#2244 = VECTOR ( 'NONE', #1836, 1000.000000000000000 ) ;
#2245 = EDGE_LOOP ( 'NONE', ( #601, #260, #230, #2832 ) ) ;
#2246 = EDGE_LOOP ( 'NONE', ( #2498, #2696, #858, #612 ) ) ;
#2247 = CARTESIAN_POINT ( 'NONE',  ( -0.8499999999999994227, 0.2999999999999999889, 0.4499999999999999556 ) ) ;
#2248 = DIRECTION ( 'NONE',  ( 1.807003620809174632E-16, -0.000000000000000000, 1.000000000000000000 ) ) ;
#2249 = CARTESIAN_POINT ( 'NONE',  ( -1.049999999999999822, 0.7499999999999997780, 0.5250000000000001332 ) ) ;
#2250 = DIRECTION ( 'NONE',  ( 1.000000000000000000, -4.336808689942025625E-15, -0.000000000000000000 ) ) ;
#2251 = EDGE_LOOP ( 'NONE', ( #1753, #158, #1423, #2677, #2768, #609, #3024, #2598, #1716, #448 ) ) ;
#2252 = LINE ( 'NONE', #702, #641 ) ;
#2253 = AXIS2_PLACEMENT_3D ( 'NONE', #130, #1117, #396 ) ;
#2254 = DIRECTION ( 'NONE',  ( 0.000000000000000000, 0.000000000000000000, 1.000000000000000000 ) ) ;
#2255 = EDGE_LOOP ( 'NONE', ( #2439, #868, #1793, #823 ) ) ;
#2256 = CARTESIAN_POINT ( 'NONE',  ( 1.049999999999999822, 0.8325000000000000178, 0.5250000000000000222 ) ) ;
#2257 = CARTESIAN_POINT ( 'NONE',  ( 1.575721538653257925, 0.2999999999999999889, 0.6019778519456129295 ) ) ;
#2258 = ORIENTED_EDGE ( 'NONE', *, *, #2554, .F. ) ;
#2259 = EDGE_LOOP ( 'NONE', ( #2148, #1708, #464, #1972 ) ) ;
#2260 = VECTOR ( 'NONE', #2264, 1000.000000000000000 ) ;
#2261 = VECTOR ( 'NONE', #1982, 1000.000000000000000 ) ;
#2262 = EDGE_CURVE ( 'NONE', #840, #428, #1625, .T. ) ;
#2263 = DIRECTION ( 'NONE',  ( 0.000000000000000000, 0.000000000000000000, 1.000000000000000000 ) ) ;
#2264 = DIRECTION ( 'NONE',  ( 1.000000000000000000, -0.000000000000000000, -1.355252715606880543E-16 ) ) ;
#2265 = CIRCLE ( 'NONE', #530, 0.1000000000000000472 ) ;
#2266 = LINE ( 'NONE', #521, #2635 ) ;
#2267 = ORIENTED_EDGE ( 'NONE', *, *, #965, .T. ) ;
#2268 = CARTESIAN_POINT ( 'NONE',  ( 1.376256313292352651, 0.000000000000000000, 0.6500000000000003553 ) ) ;
#2269 = LINE ( 'NONE', #1567, #3166 ) ;
#2270 = ORIENTED_EDGE ( 'NONE', *, *, #2150, .T. ) ;
#2271 = CARTESIAN_POINT ( 'NONE',  ( -1.049999999999999822, 0.9000000000000000222, 0.5250000000000001332 ) ) ;
#2272 = LINE ( 'NONE', #2956, #1534 ) ;
#2273 = VERTEX_POINT ( 'NONE', #2749 ) ;
#2274 = VERTEX_POINT ( 'NONE', #2502 ) ;
#2275 = CARTESIAN_POINT ( 'NONE',  ( -1.575721538653257925, 0.000000000000000000, -0.6019778519456129295 ) ) ;
#2276 = DIRECTION ( 'NONE',  ( 0.000000000000000000, 0.000000000000000000, -1.000000000000000000 ) ) ;
#2277 =( NAMED_UNIT ( * ) PLANE_ANGLE_UNIT ( ) SI_UNIT ( $, .RADIAN. ) );
#2278 = ORIENTED_EDGE ( 'NONE', *, *, #1575, .T. ) ;
#2279 = FACE_OUTER_BOUND ( 'NONE', #3215, .T. ) ;
#2280 = DIRECTION ( 'NONE',  ( 0.000000000000000000, 0.000000000000000000, 1.000000000000000000 ) ) ;
#2281 = ORIENTED_EDGE ( 'NONE', *, *, #1640, .F. ) ;
#2282 = DIRECTION ( 'NONE',  ( -1.000000000000000000, 0.000000000000000000, -0.000000000000000000 ) ) ;
#2283 = VECTOR ( 'NONE', #2231, 1000.000000000000000 ) ;
#2284 = ORIENTED_EDGE ( 'NONE', *, *, #829, .F. ) ;
#2285 = ORIENTED_EDGE ( 'NONE', *, *, #3169, .T. ) ;
#2286 = FACE_OUTER_BOUND ( 'NONE', #1236, .T. ) ;
#2287 = CARTESIAN_POINT ( 'NONE',  ( 1.599999999999999645, 0.000000000000000000, -0.7499999999999996669 ) ) ;
#2288 = CARTESIAN_POINT ( 'NONE',  ( -1.575721538653257925, 0.000000000000000000, 0.6019778519456129295 ) ) ;
#2289 = DIRECTION ( 'NONE',  ( 0.000000000000000000, 0.000000000000000000, 1.000000000000000000 ) ) ;
#2290 = ADVANCED_FACE ( 'NONE', ( #505 ), #2042, .F. ) ;
#2291 = ORIENTED_EDGE ( 'NONE', *, *, #2104, .F. ) ;
#2292 = EDGE_CURVE ( 'NONE', #582, #654, #3086, .T. ) ;
#2293 = ORIENTED_EDGE ( 'NONE', *, *, #1311, .F. ) ;
#2294 = VERTEX_POINT ( 'NONE', #1091 ) ;
#2295 = PLANE ( 'NONE',  #1831 ) ;
#2296 = CIRCLE ( 'NONE', #365, 0.2999999999999999889 ) ;
#2297 = DIRECTION ( 'NONE',  ( 0.000000000000000000, 0.000000000000000000, -1.000000000000000000 ) ) ;
#2298 = VECTOR ( 'NONE', #2136, 1000.000000000000000 ) ;
#2299 = EDGE_CURVE ( 'NONE', #2934, #2168, #837, .T. ) ;
#2300 = CARTESIAN_POINT ( 'NONE',  ( 1.376256313292352651, 0.000000000000000000, -0.6500000000000003553 ) ) ;
#2301 = VECTOR ( 'NONE', #2842, 1000.000000000000000 ) ;
#2302 = EDGE_CURVE ( 'NONE', #2111, #473, #593, .T. ) ;
#2303 = CARTESIAN_POINT ( 'NONE',  ( -1.349999999999999645, 0.7499999999999997780, 0.2250000000000002831 ) ) ;
#2304 = LINE ( 'NONE', #1032, #2588 ) ;
#2305 = EDGE_LOOP ( 'NONE', ( #2001, #2629, #19, #1921 ) ) ;
#2306 = ADVANCED_FACE ( 'NONE', ( #1601 ), #1862, .F. ) ;
#2307 = LINE ( 'NONE', #297, #1962 ) ;
#2308 = VECTOR ( 'NONE', #211, 1000.000000000000000 ) ;
#2309 = ORIENTED_EDGE ( 'NONE', *, *, #829, .T. ) ;
#2310 = ORIENTED_EDGE ( 'NONE', *, *, #3019, .T. ) ;
#2311 = ORIENTED_EDGE ( 'NONE', *, *, #1563, .T. ) ;
#2312 = CARTESIAN_POINT ( 'NONE',  ( 1.049999999999999822, 0.8325000000000000178, -0.2250000000000000888 ) ) ;
#2313 = EDGE_CURVE ( 'NONE', #2273, #231, #1347, .T. ) ;
#2314 = CARTESIAN_POINT ( 'NONE',  ( 1.599999999999999645, 0.2999999999999999889, -0.7499999999999996669 ) ) ;
#2315 = EDGE_CURVE ( 'NONE', #2426, #1664, #99, .T. ) ;
#2316 = DIRECTION ( 'NONE',  ( 0.000000000000000000, 1.000000000000000000, -4.336808689942025625E-15 ) ) ;
#2317 = LINE ( 'NONE', #778, #2469 ) ;
#2318 = VERTEX_POINT ( 'NONE', #2110 ) ;
#2319 = AXIS2_PLACEMENT_3D ( 'NONE', #1544, #1816, #551 ) ;
#2320 = PLANE ( 'NONE',  #2427 ) ;
#2321 = ORIENTED_EDGE ( 'NONE', *, *, #235, .T. ) ;
#2322 = DIRECTION ( 'NONE',  ( -0.000000000000000000, 1.000000000000000000, 0.000000000000000000 ) ) ;
#2323 = AXIS2_PLACEMENT_3D ( 'NONE', #2362, #111, #861 ) ;
#2324 = CIRCLE ( 'NONE', #914, 0.3499999999999998668 ) ;
#2325 = ORIENTED_EDGE ( 'NONE', *, *, #3064, .F. ) ;
#2326 = ORIENTED_EDGE ( 'NONE', *, *, #2413, .T. ) ;
#2327 = CARTESIAN_POINT ( 'NONE',  ( -1.349999999999999645, -2.146981187374194189, 0.2250000000000000888 ) ) ;
#2328 = MECHANICAL_DESIGN_GEOMETRIC_PRESENTATION_REPRESENTATION (  '', ( #3016 ), #978 ) ;
#2329 = VECTOR ( 'NONE', #1447, 1000.000000000000000 ) ;
#2330 = DIRECTION ( 'NONE',  ( 0.000000000000000000, 1.000000000000000000, 0.000000000000000000 ) ) ;
#2331 = DIRECTION ( 'NONE',  ( -0.7071067811865501263, -0.000000000000000000, 0.7071067811865450192 ) ) ;
#2332 = CARTESIAN_POINT ( 'NONE',  ( 1.499999999999997780, 0.000000000000000000, 0.5262563132923543385 ) ) ;
#2333 = CARTESIAN_POINT ( 'NONE',  ( -1.599999999999999645, 0.2999999999999999889, 0.7499999999999996669 ) ) ;
#2334 = ORIENTED_EDGE ( 'NONE', *, *, #1023, .T. ) ;
#2335 = CARTESIAN_POINT ( 'NONE',  ( 1.499999999999997780, 0.2999999999999999889, -0.5262563132923536724 ) ) ;
#2336 = ORIENTED_EDGE ( 'NONE', *, *, #1374, .F. ) ;
#2337 = VECTOR ( 'NONE', #2470, 1000.000000000000000 ) ;
#2338 = LINE ( 'NONE', #337, #2779 ) ;
#2339 = EDGE_CURVE ( 'NONE', #949, #1110, #1046, .T. ) ;
#2340 = CARTESIAN_POINT ( 'NONE',  ( -1.451977851945612796, 0.2999999999999999889, 0.7257215386532593904 ) ) ;
#2341 =( GEOMETRIC_REPRESENTATION_CONTEXT ( 3 ) GLOBAL_UNCERTAINTY_ASSIGNED_CONTEXT ( ( #1571 ) ) GLOBAL_UNIT_ASSIGNED_CONTEXT ( ( #2417, #2895, #1656 ) ) REPRESENTATION_CONTEXT ( 'NONE', 'WORKASPACE' ) );
#2342 = VECTOR ( 'NONE', #1825, 1000.000000000000000 ) ;
#2343 = ORIENTED_EDGE ( 'NONE', *, *, #692, .F. ) ;
#2344 = ORIENTED_EDGE ( 'NONE', *, *, #2684, .F. ) ;
#2345 = DIRECTION ( 'NONE',  ( -0.000000000000000000, -1.000000000000000000, -0.000000000000000000 ) ) ;
#2346 = CARTESIAN_POINT ( 'NONE',  ( 1.600000000000000533, 0.7500000000000000000, -0.7500000000000001110 ) ) ;
#2347 = FACE_OUTER_BOUND ( 'NONE', #1011, .T. ) ;
#2348 = CARTESIAN_POINT ( 'NONE',  ( 1.349999999999999645, 0.7499999999999997780, 0.2250000000000001443 ) ) ;
#2349 = CARTESIAN_POINT ( 'NONE',  ( -1.575721538653257925, 0.2999999999999999889, -0.6019778519456129295 ) ) ;
#2350 = VECTOR ( 'NONE', #1438, 1000.000000000000000 ) ;
#2352 = AXIS2_PLACEMENT_3D ( 'NONE', #894, #388, #671 ) ;
#2351 =( GEOMETRIC_REPRESENTATION_CONTEXT ( 3 ) GLOBAL_UNCERTAINTY_ASSIGNED_CONTEXT ( ( #1832 ) ) GLOBAL_UNIT_ASSIGNED_CONTEXT ( ( #22, #3025, #1537 ) ) REPRESENTATION_CONTEXT ( 'NONE', 'WORKASPACE' ) );
#2353 = CARTESIAN_POINT ( 'NONE',  ( 1.600000000000000533, 0.000000000000000000, -0.7500000000000001110 ) ) ;
#2354 = EDGE_LOOP ( 'NONE', ( #1276, #2270, #2918, #1482 ) ) ;
#2355 = DIRECTION ( 'NONE',  ( -0.000000000000000000, -1.000000000000000000, -0.000000000000000000 ) ) ;
#2356 = DIRECTION ( 'NONE',  ( -1.000000000000000000, 0.000000000000000000, 0.000000000000000000 ) ) ;
#2357 = AXIS2_PLACEMENT_3D ( 'NONE', #394, #1904, #2103 ) ;
#2358 = ADVANCED_FACE ( 'NONE', ( #1583 ), #381, .F. ) ;
#2359 = VERTEX_POINT ( 'NONE', #850 ) ;
#2360 = ORIENTED_EDGE ( 'NONE', *, *, #2146, .F. ) ;
#2361 = FACE_OUTER_BOUND ( 'NONE', #1092, .T. ) ;
#2362 = CARTESIAN_POINT ( 'NONE',  ( -1.049999999999999822, 0.8325000000000000178, 0.2250000000000000888 ) ) ;
#2363 = AXIS2_PLACEMENT_3D ( 'NONE', #2970, #1975, #1729 ) ;
#2364 = FACE_OUTER_BOUND ( 'NONE', #3089, .T. ) ;
#2365 = FACE_OUTER_BOUND ( 'NONE', #2068, .T. ) ;
#2366 = CARTESIAN_POINT ( 'NONE',  ( -1.399999999999999467, 0.7500000000000000000, 0.2250000000000000611 ) ) ;
#2367 = DIRECTION ( 'NONE',  ( 0.000000000000000000, 0.000000000000000000, 1.000000000000000000 ) ) ;
#2368 = VERTEX_POINT ( 'NONE', #1654 ) ;
#2369 = PLANE ( 'NONE',  #1320 ) ;
#2370 = ORIENTED_EDGE ( 'NONE', *, *, #1031, .F. ) ;
#2371 = CIRCLE ( 'NONE', #968, 0.3499999999999998113 ) ;
#2372 = DIRECTION ( 'NONE',  ( 0.000000000000000000, 0.000000000000000000, -1.000000000000000000 ) ) ;
#2373 = FACE_OUTER_BOUND ( 'NONE', #1804, .T. ) ;
#2374 = ORIENTED_EDGE ( 'NONE', *, *, #2846, .F. ) ;
#2375 = VERTEX_POINT ( 'NONE', #62 ) ;
#2376 = DIRECTION ( 'NONE',  ( 0.000000000000000000, -0.000000000000000000, 1.000000000000000000 ) ) ;
#2377 = DIRECTION ( 'NONE',  ( 0.000000000000000000, -1.000000000000000000, 0.000000000000000000 ) ) ;
#2378 = CARTESIAN_POINT ( 'NONE',  ( -1.049999999999999822, -2.146981187374194189, 0.5250000000000000222 ) ) ;
#2379 = DIRECTION ( 'NONE',  ( 0.7071067811865521247, -0.000000000000000000, -0.7071067811865430208 ) ) ;
#2380 = DIRECTION ( 'NONE',  ( 0.000000000000000000, 0.000000000000000000, -1.000000000000000000 ) ) ;
#2381 = EDGE_CURVE ( 'NONE', #473, #2168, #329, .T. ) ;
#2382 = DIRECTION ( 'NONE',  ( 0.000000000000000000, 0.000000000000000000, 1.000000000000000000 ) ) ;
#2383 = EDGE_LOOP ( 'NONE', ( #342, #2278, #2044, #2399, #1647, #2651, #532, #2704, #1029, #2447 ) ) ;
#2384 = EDGE_CURVE ( 'NONE', #1494, #999, #1471, .T. ) ;
#2385 = LINE ( 'NONE', #2630, #116 ) ;
#2386 = EDGE_LOOP ( 'NONE', ( #2407, #1273, #1744, #2422, #888, #1512, #1702, #2907 ) ) ;
#2387 = CARTESIAN_POINT ( 'NONE',  ( -1.050000000000000711, 0.000000000000000000, 0.6500000000000000222 ) ) ;
#2388 = CARTESIAN_POINT ( 'NONE',  ( -1.349999999999999645, 0.8325000000000000178, 0.2250000000000000611 ) ) ;
#2389 = EDGE_CURVE ( 'NONE', #1522, #2481, #2513, .T. ) ;
#2390 = ORIENTED_EDGE ( 'NONE', *, *, #2972, .T. ) ;
#2391 = ORIENTED_EDGE ( 'NONE', *, *, #2147, .F. ) ;
#2392 = EDGE_LOOP ( 'NONE', ( #1266, #1546, #2636, #2847 ) ) ;
#2393 = CARTESIAN_POINT ( 'NONE',  ( -1.049999999999999822, 0.7500000000000000000, 0.5750000000000000666 ) ) ;
#2394 = LINE ( 'NONE', #1925, #335 ) ;
#2395 = DIRECTION ( 'NONE',  ( 0.000000000000000000, 0.000000000000000000, 1.000000000000000000 ) ) ;
#2396 = LINE ( 'NONE', #147, #1468 ) ;
#2397 = LINE ( 'NONE', #1929, #851 ) ;
#2398 = CARTESIAN_POINT ( 'NONE',  ( -0.8499999999999994227, 0.2999999999999999889, -0.6500000000000000222 ) ) ;
#2399 = ORIENTED_EDGE ( 'NONE', *, *, #2623, .T. ) ;
#2400 = VECTOR ( 'NONE', #1269, 1000.000000000000000 ) ;
#2401 = CARTESIAN_POINT ( 'NONE',  ( 1.451977851945612796, 0.2999999999999999889, -0.7257215386532593904 ) ) ;
#2402 = VECTOR ( 'NONE', #2753, 1000.000000000000000 ) ;
#2403 = ORIENTED_EDGE ( 'NONE', *, *, #2825, .T. ) ;
#2404 = DIRECTION ( 'NONE',  ( 0.000000000000000000, -0.000000000000000000, -1.000000000000000000 ) ) ;
#2405 = DIRECTION ( 'NONE',  ( 0.000000000000000000, 1.000000000000000000, 0.000000000000000000 ) ) ;
#2406 = EDGE_CURVE ( 'NONE', #797, #2751, #2609, .T. ) ;
#2407 = ORIENTED_EDGE ( 'NONE', *, *, #12, .T. ) ;
#2408 = ORIENTED_EDGE ( 'NONE', *, *, #216, .T. ) ;
#2409 = ORIENTED_EDGE ( 'NONE', *, *, #1787, .F. ) ;
#2410 = CARTESIAN_POINT ( 'NONE',  ( 0.8499999999999992006, 0.000000000000000000, 0.6500000000000001332 ) ) ;
#2411 = VECTOR ( 'NONE', #264, 1000.000000000000000 ) ;
#2412 = LINE ( 'NONE', #636, #1070 ) ;
#2413 = EDGE_CURVE ( 'NONE', #928, #88, #576, .T. ) ;
#2414 = CARTESIAN_POINT ( 'NONE',  ( -1.349999999999999645, 0.7499999999999998890, -0.2250000000000002831 ) ) ;
#2415 = CARTESIAN_POINT ( 'NONE',  ( -0.8499999999999994227, 0.000000000000000000, -0.6500000000000000222 ) ) ;
#2416 = DIRECTION ( 'NONE',  ( -1.000000000000000000, 0.000000000000000000, 4.120433884023326472E-16 ) ) ;
#2417 =( LENGTH_UNIT ( ) NAMED_UNIT ( * ) SI_UNIT ( .MILLI., .METRE. ) );
#2418 = ORIENTED_EDGE ( 'NONE', *, *, #2975, .F. ) ;
#2419 = CARTESIAN_POINT ( 'NONE',  ( 1.600000000000000533, 0.7500000000000000000, -0.7500000000000001110 ) ) ;
#2420 = EDGE_CURVE ( 'NONE', #1262, #442, #2124, .T. ) ;
#2421 = FACE_OUTER_BOUND ( 'NONE', #2079, .T. ) ;
#2422 = ORIENTED_EDGE ( 'NONE', *, *, #1879, .T. ) ;
#2423 = DIRECTION ( 'NONE',  ( 0.7071067811865435759, 0.000000000000000000, -0.7071067811865515695 ) ) ;
#2424 = LINE ( 'NONE', #172, #1303 ) ;
#2425 = ORIENTED_EDGE ( 'NONE', *, *, #892, .F. ) ;
#2426 = VERTEX_POINT ( 'NONE', #1073 ) ;
#2427 = AXIS2_PLACEMENT_3D ( 'NONE', #812, #2801, #2282 ) ;
#2428 = EDGE_LOOP ( 'NONE', ( #2403, #2922, #3227, #1021 ) ) ;
#2429 = CARTESIAN_POINT ( 'NONE',  ( 1.049999999999999378, 0.7499999999999997780, 0.5250000000000001332 ) ) ;
#2430 = ADVANCED_FACE ( 'NONE', ( #132 ), #2137, .F. ) ;
#2431 = ADVANCED_FACE ( 'NONE', ( #2575 ), #822, .F. ) ;
#2432 = DIRECTION ( 'NONE',  ( -0.000000000000000000, -1.000000000000000000, -0.000000000000000000 ) ) ;
#2433 = CARTESIAN_POINT ( 'NONE',  ( 1.049999999999999822, 0.7499999999999997780, -0.5250000000000000222 ) ) ;
#2434 = VECTOR ( 'NONE', #1272, 1000.000000000000000 ) ;
#2435 = DIRECTION ( 'NONE',  ( 1.000000000000000000, -0.000000000000000000, 2.060216942011664961E-16 ) ) ;
#2436 = FACE_OUTER_BOUND ( 'NONE', #1388, .T. ) ;
#2437 = VECTOR ( 'NONE', #196, 1000.000000000000000 ) ;
#2438 = SURFACE_STYLE_FILL_AREA ( #1121 ) ;
#2439 = ORIENTED_EDGE ( 'NONE', *, *, #2088, .T. ) ;
#2440 = DIRECTION ( 'NONE',  ( -0.000000000000000000, -0.000000000000000000, 1.000000000000000000 ) ) ;
#2441 = LINE ( 'NONE', #2938, #1026 ) ;
#2442 = ORIENTED_EDGE ( 'NONE', *, *, #2869, .T. ) ;
#2443 = CARTESIAN_POINT ( 'NONE',  ( 1.376256313292352651, 0.2999999999999999889, 0.6500000000000003553 ) ) ;
#2444 = DIRECTION ( 'NONE',  ( -0.000000000000000000, -1.000000000000000000, -0.000000000000000000 ) ) ;
#2445 = LINE ( 'NONE', #2209, #2831 ) ;
#2446 = EDGE_CURVE ( 'NONE', #121, #725, #1526, .T. ) ;
#2447 = ORIENTED_EDGE ( 'NONE', *, *, #2182, .T. ) ;
#2448 = ORIENTED_EDGE ( 'NONE', *, *, #87, .T. ) ;
#2449 = CARTESIAN_POINT ( 'NONE',  ( 1.349999999999999645, 0.8325000000000000178, -0.2250000000000000888 ) ) ;
#2450 = EDGE_CURVE ( 'NONE', #2672, #2273, #1911, .T. ) ;
#2451 = CIRCLE ( 'NONE', #1926, 0.3000000000000000444 ) ;
#2452 = CARTESIAN_POINT ( 'NONE',  ( -1.376256313292352651, 0.2999999999999999889, 0.6500000000000001332 ) ) ;
#2453 = LINE ( 'NONE', #1690, #262 ) ;
#2454 = DIRECTION ( 'NONE',  ( 1.000000000000000000, -0.000000000000000000, 0.000000000000000000 ) ) ;
#2455 = ORIENTED_EDGE ( 'NONE', *, *, #2774, .T. ) ;
#2456 = CARTESIAN_POINT ( 'NONE',  ( 1.599999999999999645, 0.2999999999999999889, -0.7499999999999996669 ) ) ;
#2457 = LINE ( 'NONE', #1426, #1806 ) ;
#2458 = EDGE_LOOP ( 'NONE', ( #249, #1790, #1896, #3104 ) ) ;
#2459 = DIRECTION ( 'NONE',  ( 0.000000000000000000, -1.000000000000000000, 0.000000000000000000 ) ) ;
#2460 = CARTESIAN_POINT ( 'NONE',  ( 1.049999999999999822, 0.7499999999999997780, 0.2250000000000000888 ) ) ;
#2461 = VECTOR ( 'NONE', #995, 1000.000000000000000 ) ;
#2462 = CARTESIAN_POINT ( 'NONE',  ( 1.049999999999999822, 0.8500000000000001998, 0.6734568433375760499 ) ) ;
#2463 = VECTOR ( 'NONE', #1107, 1000.000000000000000 ) ;
#2464 = CLOSED_SHELL ( 'NONE', ( #1003, #1506, #2865, #51, #71, #55, #200, #1123, #1776, #765 ) ) ;
#2465 = VERTEX_POINT ( 'NONE', #2473 ) ;
#2466 = ORIENTED_EDGE ( 'NONE', *, *, #1245, .T. ) ;
#2467 = EDGE_CURVE ( 'NONE', #725, #1949, #165, .T. ) ;
#2468 = DIRECTION ( 'NONE',  ( -1.000000000000000000, -0.000000000000000000, -0.000000000000000000 ) ) ;
#2469 = VECTOR ( 'NONE', #61, 1000.000000000000000 ) ;
#2470 = DIRECTION ( 'NONE',  ( -0.000000000000000000, -1.000000000000000000, -0.000000000000000000 ) ) ;
#2471 = CIRCLE ( 'NONE', #3198, 0.1500000000000000777 ) ;
#2472 = CARTESIAN_POINT ( 'NONE',  ( 1.499999999999997780, 0.2999999999999999889, -0.5262563132923536724 ) ) ;
#2473 = CARTESIAN_POINT ( 'NONE',  ( -1.376256313292352651, 0.000000000000000000, 0.6500000000000001332 ) ) ;
#2474 = ORIENTED_EDGE ( 'NONE', *, *, #129, .T. ) ;
#2475 = CYLINDRICAL_SURFACE ( 'NONE', #471, 0.1500000000000000777 ) ;
#2476 = DIRECTION ( 'NONE',  ( 0.000000000000000000, 0.000000000000000000, 1.000000000000000000 ) ) ;
#2477 = ORIENTED_EDGE ( 'NONE', *, *, #3072, .T. ) ;
#2478 = DIRECTION ( 'NONE',  ( 0.000000000000000000, -1.000000000000000000, 0.000000000000000000 ) ) ;
#2479 = DIRECTION ( 'NONE',  ( 4.336808689942025625E-15, 1.000000000000000000, 0.000000000000000000 ) ) ;
#2480 = ORIENTED_EDGE ( 'NONE', *, *, #2975, .T. ) ;
#2481 = VERTEX_POINT ( 'NONE', #2702 ) ;
#2482 = FACE_OUTER_BOUND ( 'NONE', #748, .T. ) ;
#2483 = VECTOR ( 'NONE', #2078, 1000.000000000000000 ) ;
#2484 = FACE_OUTER_BOUND ( 'NONE', #299, .T. ) ;
#2485 = DIRECTION ( 'NONE',  ( 0.000000000000000000, 1.000000000000000000, 0.000000000000000000 ) ) ;
#2486 = EDGE_LOOP ( 'NONE', ( #2656, #733, #2455, #2991 ) ) ;
#2487 = VECTOR ( 'NONE', #558, 1000.000000000000000 ) ;
#2488 = DIRECTION ( 'NONE',  ( 0.000000000000000000, -1.000000000000000000, 0.000000000000000000 ) ) ;
#2489 = DIRECTION ( 'NONE',  ( -0.7071067811865501263, -0.000000000000000000, 0.7071067811865450192 ) ) ;
#2490 = AXIS2_PLACEMENT_3D ( 'NONE', #2174, #713, #921 ) ;
#2491 = ADVANCED_FACE ( 'NONE', ( #1212 ), #947, .F. ) ;
#2492 = VERTEX_POINT ( 'NONE', #924 ) ;
#2493 = VECTOR ( 'NONE', #2003, 1000.000000000000000 ) ;
#2494 = PLANE ( 'NONE',  #1343 ) ;
#2495 = EDGE_CURVE ( 'NONE', #918, #1754, #1692, .T. ) ;
#2496 = AXIS2_PLACEMENT_3D ( 'NONE', #461, #1161, #1728 ) ;
#2497 = EDGE_LOOP ( 'NONE', ( #1854, #1396, #1782, #2867 ) ) ;
#2498 = ORIENTED_EDGE ( 'NONE', *, *, #1905, .T. ) ;
#2499 = DIRECTION ( 'NONE',  ( -0.000000000000000000, -0.000000000000000000, 1.000000000000000000 ) ) ;
#2500 = PLANE ( 'NONE',  #2821 ) ;
#2501 = DIRECTION ( 'NONE',  ( 0.000000000000000000, 0.000000000000000000, 1.000000000000000000 ) ) ;
#2502 = CARTESIAN_POINT ( 'NONE',  ( -1.399999999999999467, 0.8325000000000000178, 0.000000000000000000 ) ) ;
#2503 = DIRECTION ( 'NONE',  ( 0.000000000000000000, 1.000000000000000000, 0.000000000000000000 ) ) ;
#2504 = VECTOR ( 'NONE', #1907, 1000.000000000000000 ) ;
#2505 = ORIENTED_EDGE ( 'NONE', *, *, #1489, .T. ) ;
#2506 = DIRECTION ( 'NONE',  ( -0.000000000000000000, -0.000000000000000000, 1.000000000000000000 ) ) ;
#2507 = AXIS2_PLACEMENT_3D ( 'NONE', #3066, #1843, #2021 ) ;
#2508 = VERTEX_POINT ( 'NONE', #1743 ) ;
#2509 = DIRECTION ( 'NONE',  ( -1.000000000000000000, 0.000000000000000000, 0.000000000000000000 ) ) ;
#2510 = DIRECTION ( 'NONE',  ( 0.000000000000000000, -1.000000000000000000, 0.000000000000000000 ) ) ;
#2511 = EDGE_LOOP ( 'NONE', ( #2943, #1216, #916, #911 ) ) ;
#2512 = ORIENTED_EDGE ( 'NONE', *, *, #1834, .F. ) ;
#2513 = CIRCLE ( 'NONE', #1096, 0.1500000000000000777 ) ;
#2514 = PRESENTATION_LAYER_ASSIGNMENT (  '', '', ( #681 ) ) ;
#2515 = SURFACE_STYLE_FILL_AREA ( #518 ) ;
#2516 = PLANE ( 'NONE',  #872 ) ;
#2517 = EDGE_CURVE ( 'NONE', #2712, #478, #1983, .T. ) ;
#2518 = SURFACE_SIDE_STYLE ('',( #1493 ) ) ;
#2519 = ORIENTED_EDGE ( 'NONE', *, *, #2384, .T. ) ;
#2520 = LINE ( 'NONE', #536, #1568 ) ;
#2521 = ORIENTED_EDGE ( 'NONE', *, *, #1497, .F. ) ;
#2522 = EDGE_CURVE ( 'NONE', #1430, #1453, #2397, .T. ) ;
#2523 = CARTESIAN_POINT ( 'NONE',  ( -1.599999999999999645, 0.2999999999999999889, -0.7499999999999996669 ) ) ;
#2524 = VERTEX_POINT ( 'NONE', #1457 ) ;
#2525 = ORIENTED_EDGE ( 'NONE', *, *, #263, .T. ) ;
#2526 = FACE_OUTER_BOUND ( 'NONE', #2973, .T. ) ;
#2527 = LINE ( 'NONE', #1538, #3128 ) ;
#2528 = EDGE_CURVE ( 'NONE', #226, #918, #910, .T. ) ;
#2529 = EDGE_CURVE ( 'NONE', #2009, #2712, #3204, .T. ) ;
#2530 = DIRECTION ( 'NONE',  ( 0.000000000000000000, 0.000000000000000000, -1.000000000000000000 ) ) ;
#2531 = EDGE_CURVE ( 'NONE', #2968, #1657, #148, .T. ) ;
#2532 = LINE ( 'NONE', #1529, #1829 ) ;
#2533 = ORIENTED_EDGE ( 'NONE', *, *, #2299, .T. ) ;
#2534 = DIRECTION ( 'NONE',  ( 0.000000000000000000, 0.000000000000000000, -1.000000000000000000 ) ) ;
#2535 = AXIS2_PLACEMENT_3D ( 'NONE', #2314, #2592, #588 ) ;
#2536 = VERTEX_POINT ( 'NONE', #982 ) ;
#2537 = AXIS2_PLACEMENT_3D ( 'NONE', #985, #477, #459 ) ;
#2538 = VERTEX_POINT ( 'NONE', #2158 ) ;
#2539 = ORIENTED_EDGE ( 'NONE', *, *, #3214, .T. ) ;
#2540 = EDGE_CURVE ( 'NONE', #977, #32, #731, .T. ) ;
#2541 = PLANE ( 'NONE',  #5 ) ;
#2542 = EDGE_CURVE ( 'NONE', #1610, #1221, #3151, .T. ) ;
#2543 = LINE ( 'NONE', #2028, #2216 ) ;
#2544 = ADVANCED_FACE ( 'NONE', ( #2436 ), #2914, .F. ) ;
#2545 = DIRECTION ( 'NONE',  ( 0.000000000000000000, -1.000000000000000000, 0.000000000000000000 ) ) ;
#2546 = MANIFOLD_SOLID_BREP ( 'Sweep1', #945 ) ;
#2547 = LINE ( 'NONE', #2268, #201 ) ;
#2548 = LINE ( 'NONE', #2810, #1914 ) ;
#2549 = ORIENTED_EDGE ( 'NONE', *, *, #2825, .F. ) ;
#2550 =( NAMED_UNIT ( * ) SI_UNIT ( $, .STERADIAN. ) SOLID_ANGLE_UNIT ( ) );
#2551 = ORIENTED_EDGE ( 'NONE', *, *, #1055, .T. ) ;
#2552 = EDGE_CURVE ( 'NONE', #688, #425, #2665, .T. ) ;
#2553 = ORIENTED_EDGE ( 'NONE', *, *, #2930, .F. ) ;
#2554 = EDGE_CURVE ( 'NONE', #88, #2032, #1510, .T. ) ;
#2555 = DIRECTION ( 'NONE',  ( 0.000000000000000000, 0.000000000000000000, -1.000000000000000000 ) ) ;
#2556 = VECTOR ( 'NONE', #1208, 1000.000000000000000 ) ;
#2557 = DIRECTION ( 'NONE',  ( -1.000000000000000000, 0.000000000000000000, 0.000000000000000000 ) ) ;
#2558 = VECTOR ( 'NONE', #2979, 1000.000000000000000 ) ;
#2559 = DIRECTION ( 'NONE',  ( 0.000000000000000000, 0.000000000000000000, 1.000000000000000000 ) ) ;
#2560 = CARTESIAN_POINT ( 'NONE',  ( 0.000000000000000000, 0.7500000000000000000, 0.000000000000000000 ) ) ;
#2561 = LINE ( 'NONE', #764, #1682 ) ;
#2562 = DIRECTION ( 'NONE',  ( 0.000000000000000000, -1.000000000000000000, 0.000000000000000000 ) ) ;
#2563 = EDGE_LOOP ( 'NONE', ( #1141, #1878, #1569, #3100 ) ) ;
#2564 = PLANE ( 'NONE',  #2319 ) ;
#2565 = VECTOR ( 'NONE', #618, 1000.000000000000000 ) ;
#2566 = EDGE_LOOP ( 'NONE', ( #1074, #3136, #1467, #2334 ) ) ;
#2567 = EDGE_LOOP ( 'NONE', ( #1769, #563, #322, #3119 ) ) ;
#2568 = ORIENTED_EDGE ( 'NONE', *, *, #1285, .T. ) ;
#2569 = ORIENTED_EDGE ( 'NONE', *, *, #1353, .F. ) ;
#2570 = LINE ( 'NONE', #543, #1409 ) ;
#2571 = CARTESIAN_POINT ( 'NONE',  ( 1.376256313292352651, 0.2999999999999999889, -0.6500000000000003553 ) ) ;
#2572 = ADVANCED_FACE ( 'NONE', ( #45 ), #255, .F. ) ;
#2573 = CARTESIAN_POINT ( 'NONE',  ( 1.349999999999999645, 0.8325000000000000178, -0.2250000000000001443 ) ) ;
#2574 = LINE ( 'NONE', #3015, #1206 ) ;
#2575 = FACE_OUTER_BOUND ( 'NONE', #2818, .T. ) ;
#2576 = EDGE_CURVE ( 'NONE', #2368, #2866, #501, .T. ) ;
#2577 = ORIENTED_EDGE ( 'NONE', *, *, #112, .F. ) ;
#2578 = AXIS2_PLACEMENT_3D ( 'NONE', #2419, #423, #1175 ) ;
#2579 = MANIFOLD_SOLID_BREP ( 'Chamfer2', #93 ) ;
#2580 = PRODUCT_DEFINITION_CONTEXT ( 'detailed design', #1485, 'design' ) ;
#2581 = CARTESIAN_POINT ( 'NONE',  ( 1.499999999999997780, 0.2999999999999999889, -0.5262563132923536724 ) ) ;
#2582 = VERTEX_POINT ( 'NONE', #2288 ) ;
#2583 = CARTESIAN_POINT ( 'NONE',  ( 1.600000000000000533, 0.000000000000000000, -0.7500000000000001110 ) ) ;
#2584 = CARTESIAN_POINT ( 'NONE',  ( 1.575721538653257925, 0.000000000000000000, -0.6019778519456130406 ) ) ;
#2585 = VECTOR ( 'NONE', #2087, 999.9999999999998863 ) ;
#2586 = EDGE_CURVE ( 'NONE', #81, #375, #2266, .T. ) ;
#2587 = VECTOR ( 'NONE', #1693, 1000.000000000000000 ) ;
#2588 = VECTOR ( 'NONE', #2784, 1000.000000000000000 ) ;
#2589 = ORIENTED_EDGE ( 'NONE', *, *, #1128, .F. ) ;
#2590 = ORIENTED_EDGE ( 'NONE', *, *, #2517, .T. ) ;
#2591 = CARTESIAN_POINT ( 'NONE',  ( -1.049999999999999822, 0.7499999999999997780, 0.2250000000000000888 ) ) ;
#2592 = DIRECTION ( 'NONE',  ( 0.000000000000000000, -1.000000000000000000, 0.000000000000000000 ) ) ;
#2593 = LINE ( 'NONE', #346, #82 ) ;
#2594 = LINE ( 'NONE', #2091, #3035 ) ;
#2595 = CARTESIAN_POINT ( 'NONE',  ( -1.376256313292352429, 0.2999999999999999889, -0.6500000000000001332 ) ) ;
#2596 = ORIENTED_EDGE ( 'NONE', *, *, #1984, .T. ) ;
#2597 = DIRECTION ( 'NONE',  ( 0.000000000000000000, -1.000000000000000000, 0.000000000000000000 ) ) ;
#2598 = ORIENTED_EDGE ( 'NONE', *, *, #2164, .T. ) ;
#2599 = VECTOR ( 'NONE', #2911, 999.9999999999998863 ) ;
#2600 = CARTESIAN_POINT ( 'NONE',  ( 1.049999999999999822, 0.7500000000000000000, 0.2250000000000000888 ) ) ;
#2601 = FACE_OUTER_BOUND ( 'NONE', #2772, .T. ) ;
#2602 = VERTEX_POINT ( 'NONE', #2014 ) ;
#2603 = ORIENTED_EDGE ( 'NONE', *, *, #2690, .F. ) ;
#2604 = CARTESIAN_POINT ( 'NONE',  ( -0.8499999999999994227, 0.000000000000000000, 0.4499999999999999556 ) ) ;
#2605 = LINE ( 'NONE', #1325, #2800 ) ;
#2606 = CARTESIAN_POINT ( 'NONE',  ( -1.376256313292352651, 0.2999999999999999889, 0.6500000000000001332 ) ) ;
#2607 = VECTOR ( 'NONE', #1274, 1000.000000000000000 ) ;
#2608 = LINE ( 'NONE', #328, #3140 ) ;
#2609 = LINE ( 'NONE', #398, #527 ) ;
#2610 = VECTOR ( 'NONE', #1845, 1000.000000000000000 ) ;
#2611 = AXIS2_PLACEMENT_3D ( 'NONE', #1837, #2356, #1574 ) ;
#2612 = DIRECTION ( 'NONE',  ( -0.000000000000000000, 0.000000000000000000, 1.000000000000000000 ) ) ;
#2613 = ORIENTED_EDGE ( 'NONE', *, *, #317, .T. ) ;
#2614 = CARTESIAN_POINT ( 'NONE',  ( 1.376256313292352651, 0.2999999999999999889, 0.6500000000000003553 ) ) ;
#2615 = EDGE_LOOP ( 'NONE', ( #214, #2101, #1114, #430 ) ) ;
#2616 = FACE_OUTER_BOUND ( 'NONE', #1082, .T. ) ;
#2617 = DIRECTION ( 'NONE',  ( -0.7071067811865431318, 0.000000000000000000, 0.7071067811865520136 ) ) ;
#2618 = VECTOR ( 'NONE', #1632, 1000.000000000000000 ) ;
#2619 = ORIENTED_EDGE ( 'NONE', *, *, #925, .T. ) ;
#2620 = ORIENTED_EDGE ( 'NONE', *, *, #544, .F. ) ;
#2621 = PLANE ( 'NONE',  #3043 ) ;
#2622 = CARTESIAN_POINT ( 'NONE',  ( 1.349999999999999645, 0.8325000000000000178, 0.2250000000000001443 ) ) ;
#2623 = EDGE_CURVE ( 'NONE', #32, #425, #2750, .T. ) ;
#2624 = CARTESIAN_POINT ( 'NONE',  ( -1.049999999999999822, 0.8325000000000000178, -0.5750000000000000666 ) ) ;
#2625 = FACE_OUTER_BOUND ( 'NONE', #1237, .T. ) ;
#2626 = CARTESIAN_POINT ( 'NONE',  ( 1.499999999999997780, 0.2999999999999999889, 0.5262563132923543385 ) ) ;
#2627 = EDGE_CURVE ( 'NONE', #3162, #375, #1243, .T. ) ;
#2628 = FACE_OUTER_BOUND ( 'NONE', #3223, .T. ) ;
#2629 = ORIENTED_EDGE ( 'NONE', *, *, #411, .F. ) ;
#2630 = CARTESIAN_POINT ( 'NONE',  ( 0.8499999999999992006, 0.2999999999999999889, 0.6500000000000001332 ) ) ;
#2631 = ORIENTED_EDGE ( 'NONE', *, *, #1419, .F. ) ;
#2632 = VECTOR ( 'NONE', #3154, 1000.000000000000000 ) ;
#2633 = CARTESIAN_POINT ( 'NONE',  ( -1.399999999999999467, 0.8325000000000000178, 0.000000000000000000 ) ) ;
#2634 = LINE ( 'NONE', #1162, #3135 ) ;
#2635 = VECTOR ( 'NONE', #2000, 1000.000000000000000 ) ;
#2636 = ORIENTED_EDGE ( 'NONE', *, *, #1018, .T. ) ;
#2637 = EDGE_CURVE ( 'NONE', #1949, #2318, #1295, .T. ) ;
#2638 = ORIENTED_EDGE ( 'NONE', *, *, #2540, .T. ) ;
#2639 = ORIENTED_EDGE ( 'NONE', *, *, #1631, .F. ) ;
#2640 = LINE ( 'NONE', #2172, #533 ) ;
#2641 = PRODUCT_RELATED_PRODUCT_CATEGORY ( 'part', '', ( #1009 ) ) ;
#2642 = VECTOR ( 'NONE', #2468, 1000.000000000000000 ) ;
#2643 = LINE ( 'NONE', #395, #2067 ) ;
#2644 = EDGE_CURVE ( 'NONE', #1010, #442, #24, .T. ) ;
#2645 = DIRECTION ( 'NONE',  ( 0.000000000000000000, 0.000000000000000000, -1.000000000000000000 ) ) ;
#2646 = AXIS2_PLACEMENT_3D ( 'NONE', #1882, #2883, #1391 ) ;
#2647 = DIRECTION ( 'NONE',  ( 0.000000000000000000, -1.000000000000000000, 0.000000000000000000 ) ) ;
#2648 = CARTESIAN_POINT ( 'NONE',  ( 1.049999999999999822, 0.8325000000000000178, 0.5250000000000000222 ) ) ;
#2649 = ORIENTED_EDGE ( 'NONE', *, *, #1345, .F. ) ;
#2650 = CARTESIAN_POINT ( 'NONE',  ( -1.599999999999999645, 0.2999999999999999889, 0.7499999999999996669 ) ) ;
#2651 = ORIENTED_EDGE ( 'NONE', *, *, #721, .T. ) ;
#2652 = LINE ( 'NONE', #387, #393 ) ;
#2653 = FACE_OUTER_BOUND ( 'NONE', #2255, .T. ) ;
#2654 = ADVANCED_FACE ( 'NONE', ( #2055 ), #1785, .F. ) ;
#2655 = EDGE_LOOP ( 'NONE', ( #1530, #798, #1289, #3125 ) ) ;
#2656 = ORIENTED_EDGE ( 'NONE', *, *, #2201, .F. ) ;
#2657 = ORIENTED_EDGE ( 'NONE', *, *, #1057, .F. ) ;
#2658 = DIRECTION ( 'NONE',  ( 0.000000000000000000, 0.000000000000000000, 1.000000000000000000 ) ) ;
#2659 = VECTOR ( 'NONE', #3113, 1000.000000000000000 ) ;
#2660 = DIRECTION ( 'NONE',  ( 0.000000000000000000, -0.000000000000000000, 1.000000000000000000 ) ) ;
#2661 = PLANE ( 'NONE',  #2253 ) ;
#2662 = ADVANCED_FACE ( 'NONE', ( #1286 ), #2797, .F. ) ;
#2663 = AXIS2_PLACEMENT_3D ( 'NONE', #663, #2160, #2367 ) ;
#2664 = PLANE ( 'NONE',  #732 ) ;
#2665 = LINE ( 'NONE', #1525, #1177 ) ;
#2666 = FACE_OUTER_BOUND ( 'NONE', #2191, .T. ) ;
#2667 = ORIENTED_EDGE ( 'NONE', *, *, #2011, .F. ) ;
#2668 = CARTESIAN_POINT ( 'NONE',  ( -1.599999999999999645, 0.000000000000000000, -0.7499999999999996669 ) ) ;
#2669 = AXIS2_PLACEMENT_3D ( 'NONE', #1071, #1030, #2030 ) ;
#2670 = AXIS2_PLACEMENT_3D ( 'NONE', #1253, #1808, #1283 ) ;
#2671 = LINE ( 'NONE', #2706, #179 ) ;
#2672 = VERTEX_POINT ( 'NONE', #1634 ) ;
#2673 = FACE_OUTER_BOUND ( 'NONE', #3231, .T. ) ;
#2674 = CARTESIAN_POINT ( 'NONE',  ( -1.499999999999997780, 0.2999999999999999889, 0.5262563132923540055 ) ) ;
#2675 = EDGE_CURVE ( 'NONE', #522, #1262, #1766, .T. ) ;
#2676 = EDGE_CURVE ( 'NONE', #1917, #408, #620, .T. ) ;
#2677 = ORIENTED_EDGE ( 'NONE', *, *, #2075, .T. ) ;
#2678 = ORIENTED_EDGE ( 'NONE', *, *, #1631, .T. ) ;
#2679 = EDGE_LOOP ( 'NONE', ( #41, #2126, #2505, #2590 ) ) ;
#2680 = CARTESIAN_POINT ( 'NONE',  ( 1.599999999999999645, 0.2999999999999999889, 0.7499999999999996669 ) ) ;
#2681 = DIRECTION ( 'NONE',  ( 0.000000000000000000, 0.000000000000000000, 1.000000000000000000 ) ) ;
#2682 = CARTESIAN_POINT ( 'NONE',  ( 1.399999999999999467, 0.8325000000000000178, -0.2250000000000001166 ) ) ;
#2683 = CARTESIAN_POINT ( 'NONE',  ( 0.8499999999999992006, 0.2999999999999999889, 0.6500000000000001332 ) ) ;
#2684 = EDGE_CURVE ( 'NONE', #428, #1122, #2134, .T. ) ;
#2685 = CARTESIAN_POINT ( 'NONE',  ( 1.376256313292352651, 0.2999999999999999889, -0.6500000000000003553 ) ) ;
#2686 = CARTESIAN_POINT ( 'NONE',  ( -1.049999999999999822, 0.7499999999999998890, 0.5250000000000000222 ) ) ;
#2687 = ORIENTED_EDGE ( 'NONE', *, *, #1014, .T. ) ;
#2688 = EDGE_CURVE ( 'NONE', #1978, #977, #3082, .T. ) ;
#2689 = PLANE ( 'NONE',  #874 ) ;
#2690 = EDGE_CURVE ( 'NONE', #1923, #126, #1379, .T. ) ;
#2691 = DIRECTION ( 'NONE',  ( 0.000000000000000000, 1.000000000000000000, 0.000000000000000000 ) ) ;
#2692 = ORIENTED_EDGE ( 'NONE', *, *, #2644, .F. ) ;
#2693 = CARTESIAN_POINT ( 'NONE',  ( -1.376256313292352429, 0.2999999999999999889, -0.6500000000000001332 ) ) ;
#2694 = DIRECTION ( 'NONE',  ( 0.7071067811865414665, 0.000000000000000000, -0.7071067811865536790 ) ) ;
#2695 = DIRECTION ( 'NONE',  ( 1.000000000000000000, 0.000000000000000000, 0.000000000000000000 ) ) ;
#2696 = ORIENTED_EDGE ( 'NONE', *, *, #3072, .F. ) ;
#2697 = ORIENTED_EDGE ( 'NONE', *, *, #592, .F. ) ;
#2698 = DIRECTION ( 'NONE',  ( 0.000000000000000000, 0.000000000000000000, -1.000000000000000000 ) ) ;
#2699 = CARTESIAN_POINT ( 'NONE',  ( 1.049999999999999822, 0.7500000000000000000, 0.6734568433375760499 ) ) ;
#2700 = VECTOR ( 'NONE', #2964, 1000.000000000000000 ) ;
#2701 = CARTESIAN_POINT ( 'NONE',  ( -1.399999999999999467, 0.7500000000000000000, 0.000000000000000000 ) ) ;
#2702 = CARTESIAN_POINT ( 'NONE',  ( 1.451977851945612796, 0.2999999999999999889, 0.7257215386532593904 ) ) ;
#2703 = CARTESIAN_POINT ( 'NONE',  ( 1.049999999999999822, 0.7499999999999997780, -0.5250000000000001332 ) ) ;
#2704 = ORIENTED_EDGE ( 'NONE', *, *, #486, .T. ) ;
#2705 = CARTESIAN_POINT ( 'NONE',  ( -1.349999999999999645, 0.7499999999999997780, 0.000000000000000000 ) ) ;
#2706 = CARTESIAN_POINT ( 'NONE',  ( 1.049999999999999822, 0.7499999999999997780, 0.5250000000000000222 ) ) ;
#2707 = VERTEX_POINT ( 'NONE', #3095 ) ;
#2708 = EDGE_CURVE ( 'NONE', #756, #356, #604, .T. ) ;
#2709 = PLANE ( 'NONE',  #1332 ) ;
#2710 = DIRECTION ( 'NONE',  ( 0.000000000000000000, 1.000000000000000000, 0.000000000000000000 ) ) ;
#2711 = DIRECTION ( 'NONE',  ( 1.000000000000000000, 0.000000000000000000, -0.000000000000000000 ) ) ;
#2712 = VERTEX_POINT ( 'NONE', #2622 ) ;
#2713 = ORIENTED_EDGE ( 'NONE', *, *, #2989, .T. ) ;
#2714 = LINE ( 'NONE', #1688, #2642 ) ;
#2715 = DIRECTION ( 'NONE',  ( -1.000000000000000000, 0.000000000000000000, 0.000000000000000000 ) ) ;
#2716 = DIRECTION ( 'NONE',  ( 1.000000000000000000, 0.000000000000000000, -0.000000000000000000 ) ) ;
#2717 = ORIENTED_EDGE ( 'NONE', *, *, #2675, .F. ) ;
#2718 = LINE ( 'NONE', #1950, #3009 ) ;
#2719 = DIRECTION ( 'NONE',  ( -1.000000000000000000, 0.000000000000000000, 1.807003620809174878E-16 ) ) ;
#2720 = ORIENTED_EDGE ( 'NONE', *, *, #1380, .F. ) ;
#2721 = AXIS2_PLACEMENT_3D ( 'NONE', #2287, #1784, #1040 ) ;
#2722 = DIRECTION ( 'NONE',  ( -1.000000000000000000, 0.000000000000000000, 0.000000000000000000 ) ) ;
#2723 = CARTESIAN_POINT ( 'NONE',  ( -1.599999999999999645, 0.7500000000000000000, -0.5999999999999996447 ) ) ;
#2724 = VECTOR ( 'NONE', #1400, 1000.000000000000000 ) ;
#2725 = LINE ( 'NONE', #3005, #1359 ) ;
#2726 = AXIS2_PLACEMENT_3D ( 'NONE', #1637, #1119, #642 ) ;
#2727 = VECTOR ( 'NONE', #1392, 1000.000000000000000 ) ;
#2728 = ORIENTED_EDGE ( 'NONE', *, *, #1968, .T. ) ;
#2729 = ORIENTED_EDGE ( 'NONE', *, *, #749, .T. ) ;
#2730 = DIRECTION ( 'NONE',  ( 0.000000000000000000, -1.000000000000000000, 0.000000000000000000 ) ) ;
#2731 = VECTOR ( 'NONE', #2440, 1000.000000000000000 ) ;
#2732 = CARTESIAN_POINT ( 'NONE',  ( -1.049999999999999822, -2.146981187374194189, -0.2250000000000000888 ) ) ;
#2733 = CIRCLE ( 'NONE', #2942, 0.3499999999999998668 ) ;
#2734 = ADVANCED_FACE ( 'NONE', ( #3065 ), #1596, .F. ) ;
#2735 = DIRECTION ( 'NONE',  ( 0.7071067811865536790, 0.000000000000000000, 0.7071067811865414665 ) ) ;
#2736 = DIRECTION ( 'NONE',  ( 0.7071067811865521247, -0.000000000000000000, -0.7071067811865430208 ) ) ;
#2737 = ADVANCED_FACE ( 'NONE', ( #377 ), #2838, .F. ) ;
#2738 = ORIENTED_EDGE ( 'NONE', *, *, #2531, .F. ) ;
#2739 = EDGE_CURVE ( 'NONE', #1758, #422, #1842, .T. ) ;
#2740 = CARTESIAN_POINT ( 'NONE',  ( -1.499999999999997780, 0.000000000000000000, -0.5262563132923540055 ) ) ;
#2741 = DIRECTION ( 'NONE',  ( -0.000000000000000000, -1.000000000000000000, -0.000000000000000000 ) ) ;
#2742 = ORIENTED_EDGE ( 'NONE', *, *, #2552, .T. ) ;
#2743 = CARTESIAN_POINT ( 'NONE',  ( -1.599999999999999645, 0.7500000000000000000, -0.5999999999999996447 ) ) ;
#2744 = ORIENTED_EDGE ( 'NONE', *, *, #97, .T. ) ;
#2745 = VERTEX_POINT ( 'NONE', #572 ) ;
#2746 = LINE ( 'NONE', #1507, #504 ) ;
#2747 = VECTOR ( 'NONE', #102, 1000.000000000000000 ) ;
#2748 = DIRECTION ( 'NONE',  ( 0.000000000000000000, 1.000000000000000000, 0.000000000000000000 ) ) ;
#2749 = CARTESIAN_POINT ( 'NONE',  ( -1.575721538653257925, 0.2999999999999999889, -0.6019778519456129295 ) ) ;
#2750 = LINE ( 'NONE', #2300, #1324 ) ;
#2751 = VERTEX_POINT ( 'NONE', #2571 ) ;
#2752 = AXIS2_PLACEMENT_3D ( 'NONE', #2029, #2040, #762 ) ;
#2753 = DIRECTION ( 'NONE',  ( 0.000000000000000000, 0.000000000000000000, -1.000000000000000000 ) ) ;
#2754 = EDGE_CURVE ( 'NONE', #2582, #1701, #3127, .T. ) ;
#2755 = AXIS2_PLACEMENT_3D ( 'NONE', #441, #2691, #1696 ) ;
#2756 = ORIENTED_EDGE ( 'NONE', *, *, #468, .T. ) ;
#2757 = LINE ( 'NONE', #1764, #253 ) ;
#2758 = PLANE ( 'NONE',  #1792 ) ;
#2759 = AXIS2_PLACEMENT_3D ( 'NONE', #1698, #1428, #934 ) ;
#2760 = ORIENTED_EDGE ( 'NONE', *, *, #468, .F. ) ;
#2761 = ADVANCED_FACE ( 'NONE', ( #307 ), #1087, .F. ) ;
#2762 = ORIENTED_EDGE ( 'NONE', *, *, #1520, .F. ) ;
#2763 = FILL_AREA_STYLE_COLOUR ( '', #2095 ) ;
#2764 = CYLINDRICAL_SURFACE ( 'NONE', #1144, 0.3000000000000000444 ) ;
#2765 = VECTOR ( 'NONE', #1362, 1000.000000000000000 ) ;
#2766 = EDGE_CURVE ( 'NONE', #1815, #1262, #1891, .T. ) ;
#2767 = ADVANCED_BREP_SHAPE_REPRESENTATION ( 'XTAL_3215-2P', ( #330, #2546, #2579, #1451, #432, #2024 ), #28 ) ;
#2768 = ORIENTED_EDGE ( 'NONE', *, *, #2016, .T. ) ;
#2769 = PLANE ( 'NONE',  #2045 ) ;
#2770 = AXIS2_PLACEMENT_3D ( 'NONE', #722, #2722, #479 ) ;
#2771 = LINE ( 'NONE', #283, #760 ) ;
#2772 = EDGE_LOOP ( 'NONE', ( #89, #1988, #647, #2916 ) ) ;
#2773 = DIRECTION ( 'NONE',  ( -0.000000000000000000, -1.000000000000000000, 0.000000000000000000 ) ) ;
#2774 = EDGE_CURVE ( 'NONE', #2069, #2230, #1068, .T. ) ;
#2775 = EDGE_CURVE ( 'NONE', #3205, #1125, #1342, .T. ) ;
#2776 = EDGE_LOOP ( 'NONE', ( #1694, #2258, #1367, #2852 ) ) ;
#2777 = VERTEX_POINT ( 'NONE', #1858 ) ;
#2778 = AXIS2_PLACEMENT_3D ( 'NONE', #2217, #2485, #1242 ) ;
#2779 = VECTOR ( 'NONE', #353, 1000.000000000000000 ) ;
#2780 = DIRECTION ( 'NONE',  ( -0.7071067811865521247, 0.000000000000000000, -0.7071067811865430208 ) ) ;
#2781 = CARTESIAN_POINT ( 'NONE',  ( -1.349999999999999645, 0.9000000000000000222, 0.2250000000000000888 ) ) ;
#2782 = VECTOR ( 'NONE', #1924, 1000.000000000000000 ) ;
#2783 = CARTESIAN_POINT ( 'NONE',  ( 1.399999999999999467, 0.7500000000000000000, 0.2250000000000001443 ) ) ;
#2784 = DIRECTION ( 'NONE',  ( -1.000000000000000000, 0.000000000000000000, 2.060216942011663975E-16 ) ) ;
#2785 = EDGE_LOOP ( 'NONE', ( #447, #1444, #3180, #2285 ) ) ;
#2786 = EDGE_CURVE ( 'NONE', #1881, #526, #2855, .T. ) ;
#2787 = CARTESIAN_POINT ( 'NONE',  ( -1.049999999999999822, 0.8325000000000000178, -0.5749999999999999556 ) ) ;
#2788 = EDGE_CURVE ( 'NONE', #3078, #222, #2605, .T. ) ;
#2789 = EDGE_LOOP ( 'NONE', ( #1101, #2981, #73, #2551 ) ) ;
#2790 = AXIS2_PLACEMENT_3D ( 'NONE', #643, #865, #2612 ) ;
#2791 = EDGE_LOOP ( 'NONE', ( #877, #1486, #1466, #213, #2860, #1356, #1213, #1370, #986, #561 ) ) ;
#2792 = ORIENTED_EDGE ( 'NONE', *, *, #1760, .T. ) ;
#2793 = EDGE_CURVE ( 'NONE', #1665, #126, #64, .T. ) ;
#2794 = PRESENTATION_STYLE_ASSIGNMENT (( #774 ) ) ;
#2795 = DIRECTION ( 'NONE',  ( 0.000000000000000000, -1.000000000000000000, 0.000000000000000000 ) ) ;
#2796 = CIRCLE ( 'NONE', #1543, 0.1500000000000000777 ) ;
#2797 = PLANE ( 'NONE',  #2119 ) ;
#2798 = LINE ( 'NONE', #3030, #739 ) ;
#2799 = ORIENTED_EDGE ( 'NONE', *, *, #1643, .F. ) ;
#2800 = VECTOR ( 'NONE', #361, 1000.000000000000000 ) ;
#2801 = DIRECTION ( 'NONE',  ( 0.000000000000000000, 0.000000000000000000, -1.000000000000000000 ) ) ;
#2802 = VECTOR ( 'NONE', #1116, 1000.000000000000000 ) ;
#2803 = ADVANCED_FACE ( 'NONE', ( #2870 ), #2944, .F. ) ;
#2804 = ORIENTED_EDGE ( 'NONE', *, *, #3033, .T. ) ;
#2805 = DIRECTION ( 'NONE',  ( 0.000000000000000000, 1.000000000000000000, 0.000000000000000000 ) ) ;
#2806 = CARTESIAN_POINT ( 'NONE',  ( -1.499999999999997780, 0.2999999999999999889, -0.5262563132923540055 ) ) ;
#2807 = CYLINDRICAL_SURFACE ( 'NONE', #1197, 0.1500000000000000777 ) ;
#2808 = CARTESIAN_POINT ( 'NONE',  ( -1.599999999999999645, 0.2999999999999999889, -0.7499999999999996669 ) ) ;
#2809 = DIRECTION ( 'NONE',  ( -0.7071067811865514585, -0.000000000000000000, 0.7071067811865435759 ) ) ;
#2810 = CARTESIAN_POINT ( 'NONE',  ( 1.349999999999999645, 0.7499999999999997780, 0.2250000000000001443 ) ) ;
#2811 = VERTEX_POINT ( 'NONE', #215 ) ;
#2812 = DIRECTION ( 'NONE',  ( -0.000000000000000000, -0.000000000000000000, 1.000000000000000000 ) ) ;
#2813 = ORIENTED_EDGE ( 'NONE', *, *, #808, .T. ) ;
#2814 = CARTESIAN_POINT ( 'NONE',  ( 1.049999999999999822, -2.146981187374194189, 0.2250000000000000888 ) ) ;
#2815 = EDGE_CURVE ( 'NONE', #386, #853, #1434, .T. ) ;
#2816 = ORIENTED_EDGE ( 'NONE', *, *, #3224, .T. ) ;
#2817 = CIRCLE ( 'NONE', #413, 0.1500000000000000777 ) ;
#2818 = EDGE_LOOP ( 'NONE', ( #1724, #457, #1375, #2370, #1901, #1462, #720, #664, #374, #1146, #694, #1603, #1178, #3194, #2284, #2169, #460 ) ) ;
#2819 = CARTESIAN_POINT ( 'NONE',  ( -0.8499999999999994227, 0.000000000000000000, -0.6500000000000000222 ) ) ;
#2820 = AXIS2_PLACEMENT_3D ( 'NONE', #37, #2074, #271 ) ;
#2821 = AXIS2_PLACEMENT_3D ( 'NONE', #2202, #699, #2053 ) ;
#2822 = DIRECTION ( 'NONE',  ( 0.000000000000000000, 0.000000000000000000, -1.000000000000000000 ) ) ;
#2823 = AXIS2_PLACEMENT_3D ( 'NONE', #3122, #338, #1607 ) ;
#2824 = LINE ( 'NONE', #559, #520 ) ;
#2825 = EDGE_CURVE ( 'NONE', #1122, #409, #1150, .T. ) ;
#2826 = DIRECTION ( 'NONE',  ( 0.7071067811865515695, -0.000000000000000000, 0.7071067811865435759 ) ) ;
#2827 = DIRECTION ( 'NONE',  ( 0.000000000000000000, 1.000000000000000000, 0.000000000000000000 ) ) ;
#2828 = ORIENTED_EDGE ( 'NONE', *, *, #1151, .F. ) ;
#2829 = ADVANCED_FACE ( 'NONE', ( #1649 ), #1703, .F. ) ;
#2830 = CARTESIAN_POINT ( 'NONE',  ( 1.349999999999999645, -2.146981187374194189, -0.2250000000000000888 ) ) ;
#2831 = VECTOR ( 'NONE', #2711, 1000.000000000000000 ) ;
#2832 = ORIENTED_EDGE ( 'NONE', *, *, #1944, .T. ) ;
#2833 = CARTESIAN_POINT ( 'NONE',  ( 1.399999999999999467, 0.8325000000000000178, 0.2250000000000001443 ) ) ;
#2834 = DIRECTION ( 'NONE',  ( 0.000000000000000000, 0.000000000000000000, 1.000000000000000000 ) ) ;
#2835 = ORIENTED_EDGE ( 'NONE', *, *, #480, .T. ) ;
#2836 = ORIENTED_EDGE ( 'NONE', *, *, #3159, .F. ) ;
#2837 = DIRECTION ( 'NONE',  ( 1.000000000000000000, -0.000000000000000000, 0.000000000000000000 ) ) ;
#2838 = CYLINDRICAL_SURFACE ( 'NONE', #1711, 0.1000000000000000472 ) ;
#2839 = EDGE_CURVE ( 'NONE', #1314, #52, #1669, .T. ) ;
#2840 = DIRECTION ( 'NONE',  ( 0.000000000000000000, 1.000000000000000000, 0.000000000000000000 ) ) ;
#2841 = LINE ( 'NONE', #622, #1736 ) ;
#2842 = DIRECTION ( 'NONE',  ( 0.000000000000000000, -1.000000000000000000, 0.000000000000000000 ) ) ;
#2843 = ORIENTED_EDGE ( 'NONE', *, *, #1419, .T. ) ;
#2844 = CIRCLE ( 'NONE', #497, 0.3000000000000000444 ) ;
#2846 = EDGE_CURVE ( 'NONE', #409, #499, #2643, .T. ) ;
#2845 = FACE_OUTER_BOUND ( 'NONE', #1129, .T. ) ;
#2847 = ORIENTED_EDGE ( 'NONE', *, *, #2846, .T. ) ;
#2848 = CARTESIAN_POINT ( 'NONE',  ( -1.349999999999999645, 0.7499999999999997780, 0.2250000000000000611 ) ) ;
#2849 = DIRECTION ( 'NONE',  ( -0.7071067811865462405, -0.000000000000000000, -0.7071067811865489050 ) ) ;
#2850 = STYLED_ITEM ( 'NONE', ( #3012 ), #2579 ) ;
#2851 = AXIS2_PLACEMENT_3D ( 'NONE', #931, #1934, #259 ) ;
#2852 = ORIENTED_EDGE ( 'NONE', *, *, #1361, .T. ) ;
#2853 = ORIENTED_EDGE ( 'NONE', *, *, #1245, .F. ) ;
#2854 = CARTESIAN_POINT ( 'NONE',  ( -1.349999999999999645, 0.8325000000000000178, -0.2250000000000000888 ) ) ;
#2855 = LINE ( 'NONE', #1614, #1502 ) ;
#2856 = PLANE ( 'NONE',  #2507 ) ;
#2857 = CARTESIAN_POINT ( 'NONE',  ( 1.376256313292352651, 0.2999999999999999889, 0.6500000000000003553 ) ) ;
#2858 = DIRECTION ( 'NONE',  ( -0.000000000000000000, -0.000000000000000000, 1.000000000000000000 ) ) ;
#2859 = FACE_OUTER_BOUND ( 'NONE', #400, .T. ) ;
#2860 = ORIENTED_EDGE ( 'NONE', *, *, #1910, .F. ) ;
#2861 = PLANE ( 'NONE',  #3052 ) ;
#2862 = ORIENTED_EDGE ( 'NONE', *, *, #3083, .F. ) ;
#2863 = CARTESIAN_POINT ( 'NONE',  ( 1.450000000000000622, 0.7500000000000000000, -0.7500000000000001110 ) ) ;
#2864 = CARTESIAN_POINT ( 'NONE',  ( 1.376256313292352651, 0.2999999999999999889, 0.6500000000000003553 ) ) ;
#2865 = ADVANCED_FACE ( 'NONE', ( #3165 ), #1398, .T. ) ;
#2866 = VERTEX_POINT ( 'NONE', #2155 ) ;
#2867 = ORIENTED_EDGE ( 'NONE', *, *, #900, .F. ) ;
#2868 = DIRECTION ( 'NONE',  ( 0.000000000000000000, 0.000000000000000000, -1.000000000000000000 ) ) ;
#2869 = EDGE_CURVE ( 'NONE', #478, #2707, #1912, .T. ) ;
#2870 = FACE_OUTER_BOUND ( 'NONE', #1932, .T. ) ;
#2871 = DIRECTION ( 'NONE',  ( 0.000000000000000000, 1.000000000000000000, -0.000000000000000000 ) ) ;
#2872 = VECTOR ( 'NONE', #98, 1000.000000000000000 ) ;
#2873 = DIRECTION ( 'NONE',  ( 0.000000000000000000, 0.000000000000000000, -1.000000000000000000 ) ) ;
#2874 = CARTESIAN_POINT ( 'NONE',  ( 1.600000000000000533, 0.7500000000000000000, -0.6000000000000000888 ) ) ;
#2875 = VECTOR ( 'NONE', #2858, 1000.000000000000000 ) ;
#2876 = VECTOR ( 'NONE', #614, 999.9999999999998863 ) ;
#2877 = CARTESIAN_POINT ( 'NONE',  ( -1.499999999999997780, 0.2999999999999999889, 0.5262563132923540055 ) ) ;
#2878 = ORIENTED_EDGE ( 'NONE', *, *, #701, .F. ) ;
#2879 = LINE ( 'NONE', #2898, #2632 ) ;
#2880 = EDGE_LOOP ( 'NONE', ( #1685, #632, #1062, #741 ) ) ;
#2881 = ADVANCED_FACE ( 'NONE', ( #2214 ), #143, .F. ) ;
#2882 = VECTOR ( 'NONE', #1016, 1000.000000000000000 ) ;
#2883 = DIRECTION ( 'NONE',  ( -0.7071067811865431318, 0.000000000000000000, -0.7071067811865520136 ) ) ;
#2884 = DIRECTION ( 'NONE',  ( -0.000000000000000000, -1.000000000000000000, -0.000000000000000000 ) ) ;
#2885 = AXIS2_PLACEMENT_3D ( 'NONE', #2086, #57, #1066 ) ;
#2886 = EDGE_CURVE ( 'NONE', #284, #1665, #2714, .T. ) ;
#2887 = ORIENTED_EDGE ( 'NONE', *, *, #263, .F. ) ;
#2888 = ORIENTED_EDGE ( 'NONE', *, *, #1014, .F. ) ;
#2889 = EDGE_CURVE ( 'NONE', #1187, #917, #901, .T. ) ;
#2890 = DIRECTION ( 'NONE',  ( 0.7071067811865444641, 0.000000000000000000, 0.7071067811865505703 ) ) ;
#2891 = CARTESIAN_POINT ( 'NONE',  ( 1.376256313292352651, 0.2999999999999999889, 0.6500000000000003553 ) ) ;
#2892 = CARTESIAN_POINT ( 'NONE',  ( 0.8499999999999992006, 0.2999999999999999889, -0.6500000000000001332 ) ) ;
#2893 = LINE ( 'NONE', #3085, #2872 ) ;
#2894 = DIRECTION ( 'NONE',  ( -0.000000000000000000, 1.000000000000000000, -0.000000000000000000 ) ) ;
#2895 =( NAMED_UNIT ( * ) PLANE_ANGLE_UNIT ( ) SI_UNIT ( $, .RADIAN. ) );
#2896 = ORIENTED_EDGE ( 'NONE', *, *, #1968, .F. ) ;
#2897 = ADVANCED_FACE ( 'NONE', ( #3148 ), #962, .F. ) ;
#2898 = CARTESIAN_POINT ( 'NONE',  ( 1.376256313292352651, 0.2999999999999999889, 0.6500000000000003553 ) ) ;
#2899 = VERTEX_POINT ( 'NONE', #2891 ) ;
#2900 = VECTOR ( 'NONE', #351, 1000.000000000000000 ) ;
#2901 = EDGE_CURVE ( 'NONE', #1839, #875, #2412, .T. ) ;
#2902 = CARTESIAN_POINT ( 'NONE',  ( 1.499999999999997780, 0.000000000000000000, 0.5262563132923543385 ) ) ;
#2903 = CARTESIAN_POINT ( 'NONE',  ( 1.451977851945612796, 0.000000000000000000, -0.7257215386532593904 ) ) ;
#2904 = AXIS2_PLACEMENT_3D ( 'NONE', #2346, #2330, #2559 ) ;
#2905 = ORIENTED_EDGE ( 'NONE', *, *, #2815, .F. ) ;
#2906 = ORIENTED_EDGE ( 'NONE', *, *, #1135, .F. ) ;
#2907 = ORIENTED_EDGE ( 'NONE', *, *, #873, .T. ) ;
#2908 = LINE ( 'NONE', #2410, #2565 ) ;
#2909 = AXIS2_PLACEMENT_3D ( 'NONE', #3201, #1190, #2681 ) ;
#2910 = DIRECTION ( 'NONE',  ( -1.000000000000000000, 0.000000000000000000, 0.000000000000000000 ) ) ;
#2911 = DIRECTION ( 'NONE',  ( 0.7071067811865489050, -0.000000000000000000, -0.7071067811865462405 ) ) ;
#2912 = PLANE ( 'NONE',  #566 ) ;
#2913 = AXIS2_PLACEMENT_3D ( 'NONE', #2693, #2423, #2940 ) ;
#2914 = PLANE ( 'NONE',  #2023 ) ;
#2915 = PLANE ( 'NONE',  #1953 ) ;
#2916 = ORIENTED_EDGE ( 'NONE', *, *, #1841, .T. ) ;
#2917 = DIRECTION ( 'NONE',  ( 0.7071067811865444641, -0.000000000000000000, 0.7071067811865505703 ) ) ;
#2918 = ORIENTED_EDGE ( 'NONE', *, *, #2315, .F. ) ;
#2919 = DIRECTION ( 'NONE',  ( -0.000000000000000000, 1.000000000000000000, -0.000000000000000000 ) ) ;
#2920 = CARTESIAN_POINT ( 'NONE',  ( -1.599999999999999645, 0.7500000000000000000, 0.6000000000000003109 ) ) ;
#2921 = VECTOR ( 'NONE', #902, 1000.000000000000000 ) ;
#2922 = ORIENTED_EDGE ( 'NONE', *, *, #1018, .F. ) ;
#2923 = ORIENTED_EDGE ( 'NONE', *, *, #833, .F. ) ;
#2924 = ORIENTED_EDGE ( 'NONE', *, *, #1031, .T. ) ;
#2925 = LINE ( 'NONE', #3126, #787 ) ;
#2926 = ADVANCED_FACE ( 'NONE', ( #1961 ), #162, .F. ) ;
#2927 = AXIS2_PLACEMENT_3D ( 'NONE', #1515, #753, #1326 ) ;
#2928 = CARTESIAN_POINT ( 'NONE',  ( 1.575721538653257925, 0.2999999999999999889, 0.6019778519456129295 ) ) ;
#2929 = PLANE ( 'NONE',  #2033 ) ;
#2930 = EDGE_CURVE ( 'NONE', #1592, #2274, #2394, .T. ) ;
#2931 = FACE_OUTER_BOUND ( 'NONE', #1100, .T. ) ;
#2932 = CARTESIAN_POINT ( 'NONE',  ( 1.349999999999999645, 0.8325000000000000178, 0.2250000000000001443 ) ) ;
#2933 = DIRECTION ( 'NONE',  ( 2.060216942011664715E-16, 0.000000000000000000, -1.000000000000000000 ) ) ;
#2934 = VERTEX_POINT ( 'NONE', #1719 ) ;
#2935 = LINE ( 'NONE', #224, #1802 ) ;
#2936 = AXIS2_PLACEMENT_3D ( 'NONE', #1330, #2827, #199 ) ;
#2937 = AXIS2_PLACEMENT_3D ( 'NONE', #1559, #278, #2555 ) ;
#2938 = CARTESIAN_POINT ( 'NONE',  ( -0.8499999999999994227, 0.000000000000000000, 0.6500000000000000222 ) ) ;
#2939 = ORIENTED_EDGE ( 'NONE', *, *, #871, .T. ) ;
#2940 = DIRECTION ( 'NONE',  ( -0.7071067811865515695, 0.000000000000000000, -0.7071067811865435759 ) ) ;
#2941 = DIRECTION ( 'NONE',  ( 0.000000000000000000, 0.000000000000000000, 1.000000000000000000 ) ) ;
#2942 = AXIS2_PLACEMENT_3D ( 'NONE', #988, #1730, #228 ) ;
#2943 = ORIENTED_EDGE ( 'NONE', *, *, #908, .F. ) ;
#2944 = PLANE ( 'NONE',  #1595 ) ;
#2945 = LINE ( 'NONE', #696, #348 ) ;
#2946 = DIRECTION ( 'NONE',  ( 0.000000000000000000, 1.000000000000000000, 0.000000000000000000 ) ) ;
#2947 = EDGE_CURVE ( 'NONE', #241, #2294, #2194, .T. ) ;
#2948 = CARTESIAN_POINT ( 'NONE',  ( -1.499999999999997780, 0.000000000000000000, 0.5262563132923540055 ) ) ;
#2949 = DIRECTION ( 'NONE',  ( 1.000000000000000000, 0.000000000000000000, -2.060216942011663975E-16 ) ) ;
#2950 = ORIENTED_EDGE ( 'NONE', *, *, #3029, .T. ) ;
#2951 = DIRECTION ( 'NONE',  ( 0.000000000000000000, -1.000000000000000000, 0.000000000000000000 ) ) ;
#2952 = DIRECTION ( 'NONE',  ( -0.000000000000000000, -1.000000000000000000, 0.000000000000000000 ) ) ;
#2953 = ORIENTED_EDGE ( 'NONE', *, *, #3017, .F. ) ;
#2954 = PLANE ( 'NONE',  #1075 ) ;
#2955 = LINE ( 'NONE', #2144, #2145 ) ;
#2956 = CARTESIAN_POINT ( 'NONE',  ( -1.049999999999999822, 0.7500000000000000000, -0.6734568433375761609 ) ) ;
#2957 = VECTOR ( 'NONE', #1290, 1000.000000000000000 ) ;
#2958 = ORIENTED_EDGE ( 'NONE', *, *, #1989, .T. ) ;
#2959 = EDGE_LOOP ( 'NONE', ( #1783, #3046, #402, #1593 ) ) ;
#2960 = DIRECTION ( 'NONE',  ( -0.000000000000000000, 1.000000000000000000, 4.336808689942025625E-15 ) ) ;
#2961 = FACE_OUTER_BOUND ( 'NONE', #813, .T. ) ;
#2962 = VECTOR ( 'NONE', #94, 1000.000000000000000 ) ;
#2963 = FACE_OUTER_BOUND ( 'NONE', #2458, .T. ) ;
#2964 = DIRECTION ( 'NONE',  ( 0.000000000000000000, -1.000000000000000000, 0.000000000000000000 ) ) ;
#2965 = ORIENTED_EDGE ( 'NONE', *, *, #2292, .T. ) ;
#2966 = LINE ( 'NONE', #2705, #2402 ) ;
#2967 = DIRECTION ( 'NONE',  ( 0.000000000000000000, -1.000000000000000000, 0.000000000000000000 ) ) ;
#2968 = VERTEX_POINT ( 'NONE', #180 ) ;
#2969 = CARTESIAN_POINT ( 'NONE',  ( -1.050000000000000711, 0.2999999999999999889, 0.6500000000000000222 ) ) ;
#2970 = CARTESIAN_POINT ( 'NONE',  ( -1.049999999999999822, 0.7499999999999997780, -0.2250000000000000888 ) ) ;
#2971 = CARTESIAN_POINT ( 'NONE',  ( -1.376256313292352651, 0.2999999999999999889, 0.6500000000000001332 ) ) ;
#2972 = EDGE_CURVE ( 'NONE', #515, #949, #2976, .T. ) ;
#2973 = EDGE_LOOP ( 'NONE', ( #1935, #3199, #1440, #33 ) ) ;
#2974 = ORIENTED_EDGE ( 'NONE', *, *, #1734, .F. ) ;
#2975 = EDGE_CURVE ( 'NONE', #949, #1592, #2324, .T. ) ;
#2976 = LINE ( 'NONE', #1737, #1184 ) ;
#2977 = DIRECTION ( 'NONE',  ( -1.000000000000000000, 0.000000000000000000, 2.710505431213759606E-16 ) ) ;
#2978 = ADVANCED_FACE ( 'NONE', ( #2482 ), #743, .T. ) ;
#2979 = DIRECTION ( 'NONE',  ( 0.7071067811865536790, 0.000000000000000000, 0.7071067811865414665 ) ) ;
#2980 = DIRECTION ( 'NONE',  ( -0.000000000000000000, -1.000000000000000000, -0.000000000000000000 ) ) ;
#2981 = ORIENTED_EDGE ( 'NONE', *, *, #2517, .F. ) ;
#2982 = DIRECTION ( 'NONE',  ( 0.000000000000000000, -1.000000000000000000, 0.000000000000000000 ) ) ;
#2983 = CARTESIAN_POINT ( 'NONE',  ( 1.499999999999997780, 0.2999999999999999889, -0.5262563132923536724 ) ) ;
#2984 = ORIENTED_EDGE ( 'NONE', *, *, #833, .T. ) ;
#2985 = CIRCLE ( 'NONE', #1565, 0.2999999999999999334 ) ;
#2986 = CARTESIAN_POINT ( 'NONE',  ( -0.8499999999999994227, 0.2999999999999999889, -0.6500000000000000222 ) ) ;
#2987 = AXIS2_PLACEMENT_3D ( 'NONE', #1441, #2982, #243 ) ;
#2988 = DIRECTION ( 'NONE',  ( -1.000000000000000000, 4.336808689942025625E-15, 0.000000000000000000 ) ) ;
#2989 = EDGE_CURVE ( 'NONE', #30, #1244, #233, .T. ) ;
#2990 = AXIS2_PLACEMENT_3D ( 'NONE', #2864, #2617, #371 ) ;
#2991 = ORIENTED_EDGE ( 'NONE', *, *, #1643, .T. ) ;
#2992 = ORIENTED_EDGE ( 'NONE', *, *, #3044, .F. ) ;
#2993 = DIRECTION ( 'NONE',  ( 0.000000000000000000, 0.000000000000000000, 1.000000000000000000 ) ) ;
#2994 = CARTESIAN_POINT ( 'NONE',  ( -1.349999999999999645, 0.8325000000000000178, 0.000000000000000000 ) ) ;
#2995 = EDGE_CURVE ( 'NONE', #88, #485, #1327, .T. ) ;
#2996 = AXIS2_PLACEMENT_3D ( 'NONE', #431, #1131, #2658 ) ;
#2997 = LINE ( 'NONE', #417, #2558 ) ;
#2998 = DIRECTION ( 'NONE',  ( 0.000000000000000000, 0.000000000000000000, 1.000000000000000000 ) ) ;
#2999 = ORIENTED_EDGE ( 'NONE', *, *, #2052, .F. ) ;
#3000 = DIRECTION ( 'NONE',  ( 0.000000000000000000, -1.000000000000000000, 0.000000000000000000 ) ) ;
#3001 = SURFACE_SIDE_STYLE ('',( #1002 ) ) ;
#3002 = ORIENTED_EDGE ( 'NONE', *, *, #1691, .T. ) ;
#3003 = CARTESIAN_POINT ( 'NONE',  ( -1.376256313292352429, 0.2999999999999999889, -0.6500000000000001332 ) ) ;
#3004 = EDGE_CURVE ( 'NONE', #2524, #1113, #2746, .T. ) ;
#3005 = CARTESIAN_POINT ( 'NONE',  ( 1.600000000000000533, 0.7500000000000000000, -0.7500000000000001110 ) ) ;
#3006 = ORIENTED_EDGE ( 'NONE', *, *, #2016, .F. ) ;
#3007 = EDGE_LOOP ( 'NONE', ( #2183, #717, #700, #2792 ) ) ;
#3008 = EDGE_CURVE ( 'NONE', #2899, #2492, #1980, .T. ) ;
#3009 = VECTOR ( 'NONE', #2506, 1000.000000000000000 ) ;
#3010 = CARTESIAN_POINT ( 'NONE',  ( 1.399999999999999467, 0.7500000000000000000, -0.2250000000000000888 ) ) ;
#3011 = DIRECTION ( 'NONE',  ( 0.000000000000000000, -1.000000000000000000, -0.000000000000000000 ) ) ;
#3012 = PRESENTATION_STYLE_ASSIGNMENT (( #1256 ) ) ;
#3013 = ORIENTED_EDGE ( 'NONE', *, *, #1563, .F. ) ;
#3014 = VECTOR ( 'NONE', #75, 1000.000000000000000 ) ;
#3015 = CARTESIAN_POINT ( 'NONE',  ( 1.600000000000000533, 0.7500000000000000000, 0.7499999999999998890 ) ) ;
#3016 = STYLED_ITEM ( 'NONE', ( #751 ), #2767 ) ;
#3017 = EDGE_CURVE ( 'NONE', #2035, #2026, #2180, .T. ) ;
#3018 = AXIS2_PLACEMENT_3D ( 'NONE', #992, #500, #2993 ) ;
#3019 = EDGE_CURVE ( 'NONE', #2582, #937, #389, .T. ) ;
#3020 = EDGE_LOOP ( 'NONE', ( #2631, #166, #2813, #1547 ) ) ;
#3021 = DIRECTION ( 'NONE',  ( 0.000000000000000000, 0.000000000000000000, -1.000000000000000000 ) ) ;
#3022 = CARTESIAN_POINT ( 'NONE',  ( -1.376256313292352651, 0.2999999999999999889, 0.6500000000000001332 ) ) ;
#3023 = ORIENTED_EDGE ( 'NONE', *, *, #3103, .F. ) ;
#3024 = ORIENTED_EDGE ( 'NONE', *, *, #1492, .T. ) ;
#3025 =( NAMED_UNIT ( * ) PLANE_ANGLE_UNIT ( ) SI_UNIT ( $, .RADIAN. ) );
#3026 = CARTESIAN_POINT ( 'NONE',  ( 1.049999999999999822, 0.7499999999999997780, 0.2250000000000000888 ) ) ;
#3027 = CARTESIAN_POINT ( 'NONE',  ( 1.049999999999999822, 0.9000000000000000222, -0.2250000000000000888 ) ) ;
#3028 = AXIS2_PLACEMENT_3D ( 'NONE', #1689, #1417, #163 ) ;
#3029 = EDGE_CURVE ( 'NONE', #375, #1870, #1599, .T. ) ;
#3030 = CARTESIAN_POINT ( 'NONE',  ( -1.376256313292352429, 0.000000000000000000, -0.6500000000000001332 ) ) ;
#3031 = DIRECTION ( 'NONE',  ( -1.000000000000000000, -4.336808689942025625E-15, 0.000000000000000000 ) ) ;
#3032 = ORIENTED_EDGE ( 'NONE', *, *, #786, .T. ) ;
#3033 = EDGE_CURVE ( 'NONE', #2206, #853, #1198, .T. ) ;
#3034 = DIRECTION ( 'NONE',  ( -0.000000000000000000, 1.000000000000000000, -0.000000000000000000 ) ) ;
#3035 = VECTOR ( 'NONE', #2379, 1000.000000000000000 ) ;
#3036 = ORIENTED_EDGE ( 'NONE', *, *, #3212, .T. ) ;
#3037 = ORIENTED_EDGE ( 'NONE', *, *, #1232, .F. ) ;
#3038 = VECTOR ( 'NONE', #2454, 1000.000000000000000 ) ;
#3039 = VECTOR ( 'NONE', #3196, 1000.000000000000000 ) ;
#3040 = CARTESIAN_POINT ( 'NONE',  ( -1.499999999999997780, 0.000000000000000000, -0.5262563132923540055 ) ) ;
#3041 = CARTESIAN_POINT ( 'NONE',  ( -1.599999999999999645, 0.7500000000000000000, 0.7500000000000003331 ) ) ;
#3042 =( NAMED_UNIT ( * ) SI_UNIT ( $, .STERADIAN. ) SOLID_ANGLE_UNIT ( ) );
#3043 = AXIS2_PLACEMENT_3D ( 'NONE', #109, #376, #2376 ) ;
#3044 = EDGE_CURVE ( 'NONE', #2036, #386, #2671, .T. ) ;
#3045 = LINE ( 'NONE', #791, #2093 ) ;
#3046 = ORIENTED_EDGE ( 'NONE', *, *, #2739, .F. ) ;
#3047 = DIRECTION ( 'NONE',  ( 0.000000000000000000, 0.000000000000000000, -1.000000000000000000 ) ) ;
#3048 = ORIENTED_EDGE ( 'NONE', *, *, #2467, .F. ) ;
#3049 = ORIENTED_EDGE ( 'NONE', *, *, #1337, .F. ) ;
#3050 = CARTESIAN_POINT ( 'NONE',  ( -1.376256313292352429, 0.000000000000000000, -0.6500000000000001332 ) ) ;
#3051 = FACE_OUTER_BOUND ( 'NONE', #537, .T. ) ;
#3052 = AXIS2_PLACEMENT_3D ( 'NONE', #3138, #867, #909 ) ;
#3053 = CARTESIAN_POINT ( 'NONE',  ( -1.499999999999997780, 0.2999999999999999889, 0.5262563132923540055 ) ) ;
#3054 = ORIENTED_EDGE ( 'NONE', *, *, #34, .T. ) ;
#3055 = FACE_OUTER_BOUND ( 'NONE', #3092, .T. ) ;
#3056 = VECTOR ( 'NONE', #168, 1000.000000000000000 ) ;
#3057 = ORIENTED_EDGE ( 'NONE', *, *, #640, .T. ) ;
#3058 = DIRECTION ( 'NONE',  ( -0.000000000000000000, -1.000000000000000000, -0.000000000000000000 ) ) ;
#3059 = AXIS2_PLACEMENT_3D ( 'NONE', #2600, #869, #2099 ) ;
#3060 = ADVANCED_FACE ( 'NONE', ( #225 ), #1655, .F. ) ;
#3061 = ORIENTED_EDGE ( 'NONE', *, *, #579, .F. ) ;
#3062 = ORIENTED_EDGE ( 'NONE', *, *, #1076, .F. ) ;
#3063 = CARTESIAN_POINT ( 'NONE',  ( -1.499999999999997780, 0.000000000000000000, -0.5262563132923540055 ) ) ;
#3064 = EDGE_CURVE ( 'NONE', #763, #937, #952, .T. ) ;
#3065 = FACE_OUTER_BOUND ( 'NONE', #569, .T. ) ;
#3066 = CARTESIAN_POINT ( 'NONE',  ( 0.000000000000000000, 0.7500000000000000000, 0.000000000000000000 ) ) ;
#3067 = CARTESIAN_POINT ( 'NONE',  ( -1.049999999999999822, 0.8325000000000000178, 0.5250000000000001332 ) ) ;
#3068 = DIRECTION ( 'NONE',  ( 0.000000000000000000, 0.000000000000000000, -1.000000000000000000 ) ) ;
#3069 = ORIENTED_EDGE ( 'NONE', *, *, #993, .F. ) ;
#3070 = VECTOR ( 'NONE', #16, 1000.000000000000000 ) ;
#3071 = DIRECTION ( 'NONE',  ( 0.000000000000000000, -1.000000000000000000, 0.000000000000000000 ) ) ;
#3072 = EDGE_CURVE ( 'NONE', #853, #1923, #1027, .T. ) ;
#3073 = EDGE_LOOP ( 'NONE', ( #246, #1349, #296, #2577 ) ) ;
#3074 = PLANE ( 'NONE',  #2187 ) ;
#3075 = CARTESIAN_POINT ( 'NONE',  ( 1.376256313292352651, 0.2999999999999999889, -0.6500000000000003553 ) ) ;
#3076 = EDGE_CURVE ( 'NONE', #3087, #2111, #1710, .T. ) ;
#3077 = ORIENTED_EDGE ( 'NONE', *, *, #223, .T. ) ;
#3078 = VERTEX_POINT ( 'NONE', #1176 ) ;
#3079 = LINE ( 'NONE', #1323, #996 ) ;
#3080 = VECTOR ( 'NONE', #2946, 1000.000000000000000 ) ;
#3081 = AXIS2_PLACEMENT_3D ( 'NONE', #2114, #1588, #1624 ) ;
#3082 = LINE ( 'NONE', #3112, #234 ) ;
#3083 = EDGE_CURVE ( 'NONE', #1453, #226, #2457, .T. ) ;
#3084 = LINE ( 'NONE', #2256, #3183 ) ;
#3085 = CARTESIAN_POINT ( 'NONE',  ( -1.499999999999997780, 0.2999999999999999889, 0.5262563132923540055 ) ) ;
#3086 = LINE ( 'NONE', #2595, #619 ) ;
#3087 = VERTEX_POINT ( 'NONE', #1970 ) ;
#3088 = CARTESIAN_POINT ( 'NONE',  ( -0.8499999999999994227, 0.000000000000000000, -0.6500000000000000222 ) ) ;
#3089 = EDGE_LOOP ( 'NONE', ( #507, #136, #1452, #3002 ) ) ;
#3090 = DIRECTION ( 'NONE',  ( 0.000000000000000000, 0.000000000000000000, -1.000000000000000000 ) ) ;
#3091 = ORIENTED_EDGE ( 'NONE', *, *, #1099, .F. ) ;
#3092 = EDGE_LOOP ( 'NONE', ( #838, #540, #831, #2729 ) ) ;
#3093 = CARTESIAN_POINT ( 'NONE',  ( -1.049999999999999822, 0.9000000000000000222, 0.2250000000000000888 ) ) ;
#3094 = EDGE_CURVE ( 'NONE', #1125, #2777, #2441, .T. ) ;
#3095 = CARTESIAN_POINT ( 'NONE',  ( 1.498456843337575561, 0.7500000000000000000, 0.2250000000000001443 ) ) ;
#3096 = DIRECTION ( 'NONE',  ( 0.000000000000000000, -0.000000000000000000, 1.000000000000000000 ) ) ;
#3097 = DIRECTION ( 'NONE',  ( 0.000000000000000000, 0.000000000000000000, -1.000000000000000000 ) ) ;
#3098 = CARTESIAN_POINT ( 'NONE',  ( 1.599999999999999645, 0.2999999999999999889, 0.7499999999999996669 ) ) ;
#3099 = PLANE ( 'NONE',  #1180 ) ;
#3100 = ORIENTED_EDGE ( 'NONE', *, *, #1378, .T. ) ;
#3101 = EDGE_CURVE ( 'NONE', #725, #999, #1072, .T. ) ;
#3102 = CARTESIAN_POINT ( 'NONE',  ( -1.399999999999999467, 0.8325000000000000178, -0.2250000000000002831 ) ) ;
#3103 = EDGE_CURVE ( 'NONE', #141, #937, #207, .T. ) ;
#3104 = ORIENTED_EDGE ( 'NONE', *, *, #2446, .T. ) ;
#3105 = DIRECTION ( 'NONE',  ( 0.000000000000000000, 0.000000000000000000, -1.000000000000000000 ) ) ;
#3106 = CARTESIAN_POINT ( 'NONE',  ( -0.8499999999999994227, 0.2999999999999999889, 0.4499999999999999556 ) ) ;
#3107 = EDGE_CURVE ( 'NONE', #1555, #2524, #2223, .T. ) ;
#3108 = AXIS2_PLACEMENT_3D ( 'NONE', #3027, #997, #2530 ) ;
#3109 = VERTEX_POINT ( 'NONE', #2185 ) ;
#3110 = ORIENTED_EDGE ( 'NONE', *, *, #3228, .F. ) ;
#3111 = CARTESIAN_POINT ( 'NONE',  ( -1.376256313292352429, 0.2999999999999999889, -0.6500000000000001332 ) ) ;
#3112 = CARTESIAN_POINT ( 'NONE',  ( 0.8499999999999992006, 0.2999999999999999889, -0.6500000000000001332 ) ) ;
#3113 = DIRECTION ( 'NONE',  ( 1.000000000000000000, 0.000000000000000000, 0.000000000000000000 ) ) ;
#3114 = CARTESIAN_POINT ( 'NONE',  ( 1.376256313292352651, 0.2999999999999999889, -0.6500000000000003553 ) ) ;
#3115 = DIRECTION ( 'NONE',  ( 0.000000000000000000, -1.000000000000000000, 0.000000000000000000 ) ) ;
#3116 = ORIENTED_EDGE ( 'NONE', *, *, #777, .T. ) ;
#3117 = ADVANCED_FACE ( 'NONE', ( #719 ), #1726, .F. ) ;
#3118 = DIRECTION ( 'NONE',  ( -1.000000000000000000, 0.000000000000000000, 1.355252715606880543E-16 ) ) ;
#3119 = ORIENTED_EDGE ( 'NONE', *, *, #411, .T. ) ;
#3120 = EDGE_CURVE ( 'NONE', #2465, #2032, #667, .T. ) ;
#3121 = DIRECTION ( 'NONE',  ( 0.000000000000000000, -0.000000000000000000, 1.000000000000000000 ) ) ;
#3122 = CARTESIAN_POINT ( 'NONE',  ( -1.049999999999999822, -2.146981187374194189, 0.5250000000000001332 ) ) ;
#3123 = ORIENTED_EDGE ( 'NONE', *, *, #2450, .T. ) ;
#3124 = EDGE_LOOP ( 'NONE', ( #757, #3110, #3054, #1528, #2728, #2853, #1770, #2717 ) ) ;
#3125 = ORIENTED_EDGE ( 'NONE', *, *, #1566, .T. ) ;
#3126 = CARTESIAN_POINT ( 'NONE',  ( -1.498456843337575561, 0.7500000000000000000, 0.000000000000000000 ) ) ;
#3127 = LINE ( 'NONE', #882, #2487 ) ;
#3128 = VECTOR ( 'NONE', #535, 1000.000000000000000 ) ;
#3129 = ADVANCED_FACE ( 'NONE', ( #2421 ), #3175, .F. ) ;
#3130 = LINE ( 'NONE', #1381, #1673 ) ;
#3131 = CIRCLE ( 'NONE', #1995, 0.1500000000000000777 ) ;
#3132 = CARTESIAN_POINT ( 'NONE',  ( -1.498456843337575561, 0.8500000000000001998, 0.2250000000000002831 ) ) ;
#3133 = DIRECTION ( 'NONE',  ( 1.000000000000000000, -0.000000000000000000, 0.000000000000000000 ) ) ;
#3134 = VECTOR ( 'NONE', #1401, 1000.000000000000000 ) ;
#3135 = VECTOR ( 'NONE', #406, 1000.000000000000000 ) ;
#3136 = ORIENTED_EDGE ( 'NONE', *, *, #232, .F. ) ;
#3137 = EDGE_CURVE ( 'NONE', #2712, #284, #178, .T. ) ;
#3138 = CARTESIAN_POINT ( 'NONE',  ( -1.399999999999999467, 0.7500000000000000000, 0.000000000000000000 ) ) ;
#3139 = ORIENTED_EDGE ( 'NONE', *, *, #2075, .F. ) ;
#3140 = VECTOR ( 'NONE', #1600, 1000.000000000000000 ) ;
#3141 = FACE_OUTER_BOUND ( 'NONE', #2563, .T. ) ;
#3142 = PLANE ( 'NONE',  #568 ) ;
#3143 = CIRCLE ( 'NONE', #1156, 0.2999999999999999889 ) ;
#3144 = EDGE_LOOP ( 'NONE', ( #1886, #3176, #1308, #628 ) ) ;
#3145 = ORIENTED_EDGE ( 'NONE', *, *, #2313, .F. ) ;
#3146 = EDGE_LOOP ( 'NONE', ( #1717, #1993, #2950, #541, #1820, #2130, #1678, #2131 ) ) ;
#3147 = DIRECTION ( 'NONE',  ( 0.000000000000000000, 0.000000000000000000, -1.000000000000000000 ) ) ;
#3148 = FACE_OUTER_BOUND ( 'NONE', #843, .T. ) ;
#3149 = CARTESIAN_POINT ( 'NONE',  ( -1.499999999999997780, 0.2999999999999999889, -0.5262563132923540055 ) ) ;
#3150 = FACE_OUTER_BOUND ( 'NONE', #2015, .T. ) ;
#3151 = LINE ( 'NONE', #2219, #547 ) ;
#3152 = PLANE ( 'NONE',  #265 ) ;
#3153 = ORIENTED_EDGE ( 'NONE', *, *, #1232, .T. ) ;
#3154 = DIRECTION ( 'NONE',  ( -0.7071067811865521247, -0.000000000000000000, -0.7071067811865430208 ) ) ;
#3155 = ORIENTED_EDGE ( 'NONE', *, *, #2869, .F. ) ;
#3156 = VECTOR ( 'NONE', #1124, 1000.000000000000000 ) ;
#3157 = CARTESIAN_POINT ( 'NONE',  ( -1.451977851945612796, 0.2999999999999999889, -0.7257215386532593904 ) ) ;
#3158 = CARTESIAN_POINT ( 'NONE',  ( 1.451977851945612796, 0.000000000000000000, 0.7257215386532593904 ) ) ;
#3159 = EDGE_CURVE ( 'NONE', #1113, #2009, #2548, .T. ) ;
#3160 = EDGE_LOOP ( 'NONE', ( #2163, #1504, #8, #276 ) ) ;
#3161 = ORIENTED_EDGE ( 'NONE', *, *, #1280, .F. ) ;
#3162 = VERTEX_POINT ( 'NONE', #1275 ) ;
#3163 = CARTESIAN_POINT ( 'NONE',  ( -1.399999999999999467, 0.8325000000000000178, -0.2250000000000000888 ) ) ;
#3164 = VECTOR ( 'NONE', #2205, 1000.000000000000000 ) ;
#3165 = FACE_OUTER_BOUND ( 'NONE', #2259, .T. ) ;
#3166 = VECTOR ( 'NONE', #1554, 1000.000000000000000 ) ;
#3167 = CARTESIAN_POINT ( 'NONE',  ( -1.399999999999999467, 0.7500000000000000000, 0.2250000000000000611 ) ) ;
#3168 = CARTESIAN_POINT ( 'NONE',  ( 0.8499999999999992006, 0.000000000000000000, 0.6500000000000001332 ) ) ;
#3169 = EDGE_CURVE ( 'NONE', #499, #840, #2269, .T. ) ;
#3170 = CIRCLE ( 'NONE', #656, 0.1500000000000000777 ) ;
#3171 = DIRECTION ( 'NONE',  ( -4.120433884023326472E-16, 0.000000000000000000, -1.000000000000000000 ) ) ;
#3172 = DIRECTION ( 'NONE',  ( 0.000000000000000000, 1.000000000000000000, 0.000000000000000000 ) ) ;
#3173 = EDGE_LOOP ( 'NONE', ( #175, #2799, #2203, #25 ) ) ;
#3174 = CARTESIAN_POINT ( 'NONE',  ( -1.499999999999997780, 0.000000000000000000, 0.5262563132923540055 ) ) ;
#3175 = PLANE ( 'NONE',  #1238 ) ;
#3176 = ORIENTED_EDGE ( 'NONE', *, *, #1977, .F. ) ;
#3177 = CARTESIAN_POINT ( 'NONE',  ( -1.599999999999999645, 0.2999999999999999889, -0.7499999999999996669 ) ) ;
#3178 = CARTESIAN_POINT ( 'NONE',  ( 1.376256313292352651, 0.000000000000000000, 0.6500000000000003553 ) ) ;
#3179 = AXIS2_PLACEMENT_3D ( 'NONE', #3167, #1152, #2122 ) ;
#3180 = ORIENTED_EDGE ( 'NONE', *, *, #1807, .T. ) ;
#3181 = ORIENTED_EDGE ( 'NONE', *, *, #2930, .T. ) ;
#3182 = CYLINDRICAL_SURFACE ( 'NONE', #2047, 0.1000000000000000472 ) ;
#3183 = VECTOR ( 'NONE', #2840, 1000.000000000000000 ) ;
#3184 = DIRECTION ( 'NONE',  ( 0.000000000000000000, -4.336808689942025625E-15, 1.000000000000000000 ) ) ;
#3185 = DIRECTION ( 'NONE',  ( -1.000000000000000000, 0.000000000000000000, -6.324512672832110842E-16 ) ) ;
#3186 = LINE ( 'NONE', #2415, #1257 ) ;
#3187 = DIRECTION ( 'NONE',  ( -1.000000000000000000, -4.336808689942025625E-15, 0.000000000000000000 ) ) ;
#3188 = CARTESIAN_POINT ( 'NONE',  ( 1.451977851945612796, 0.000000000000000000, -0.7257215386532593904 ) ) ;
#3189 = ORIENTED_EDGE ( 'NONE', *, *, #3019, .F. ) ;
#3190 = CARTESIAN_POINT ( 'NONE',  ( -1.049999999999999822, 0.9000000000000000222, -0.5250000000000001332 ) ) ;
#3191 = AXIS2_PLACEMENT_3D ( 'NONE', #490, #683, #698 ) ;
#3192 = VECTOR ( 'NONE', #2100, 1000.000000000000000 ) ;
#3193 = CARTESIAN_POINT ( 'NONE',  ( 1.600000000000000533, 0.000000000000000000, 0.7499999999999998890 ) ) ;
#3194 = ORIENTED_EDGE ( 'NONE', *, *, #433, .F. ) ;
#3195 = CARTESIAN_POINT ( 'NONE',  ( 1.451977851945612796, 0.2999999999999999889, 0.7257215386532593904 ) ) ;
#3196 = DIRECTION ( 'NONE',  ( -0.000000000000000000, -1.000000000000000000, -0.000000000000000000 ) ) ;
#3197 = LINE ( 'NONE', #3022, #1890 ) ;
#3198 = AXIS2_PLACEMENT_3D ( 'NONE', #1465, #463, #1233 ) ;
#3199 = ORIENTED_EDGE ( 'NONE', *, *, #2788, .T. ) ;
#3200 = ORIENTED_EDGE ( 'NONE', *, *, #3107, .F. ) ;
#3201 = CARTESIAN_POINT ( 'NONE',  ( 1.049999999999999822, -2.146981187374194189, -0.2250000000000000888 ) ) ;
#3202 = DIRECTION ( 'NONE',  ( 0.000000000000000000, 0.000000000000000000, -1.000000000000000000 ) ) ;
#3203 = CARTESIAN_POINT ( 'NONE',  ( 1.049999999999999822, 0.8500000000000001998, -0.6734568433375761609 ) ) ;
#3204 = LINE ( 'NONE', #2932, #1971 ) ;
#3205 = VERTEX_POINT ( 'NONE', #1814 ) ;
#3206 = DIRECTION ( 'NONE',  ( -1.000000000000000000, -0.000000000000000000, -0.000000000000000000 ) ) ;
#3207 = DIRECTION ( 'NONE',  ( 0.000000000000000000, 0.000000000000000000, 1.000000000000000000 ) ) ;
#3208 = ORIENTED_EDGE ( 'NONE', *, *, #223, .F. ) ;
#3209 = PLANE ( 'NONE',  #2759 ) ;
#3210 = PRODUCT_CONTEXT ( 'NONE', #2041, 'mechanical' ) ;
#3211 = CARTESIAN_POINT ( 'NONE',  ( -1.376256313292352429, 0.2999999999999999889, -0.6500000000000001332 ) ) ;
#3212 = EDGE_CURVE ( 'NONE', #602, #30, #1789, .T. ) ;
#3213 = CARTESIAN_POINT ( 'NONE',  ( 1.600000000000000533, 0.7500000000000000000, -0.7500000000000001110 ) ) ;
#3214 = EDGE_CURVE ( 'NONE', #1174, #2538, #2771, .T. ) ;
#3215 = EDGE_LOOP ( 'NONE', ( #2760, #2343, #3153, #2077 ) ) ;
#3216 = ORIENTED_EDGE ( 'NONE', *, *, #2739, .T. ) ;
#3217 = CARTESIAN_POINT ( 'NONE',  ( 1.399999999999999467, 0.8325000000000000178, -0.2250000000000001443 ) ) ;
#3218 = AXIS2_PLACEMENT_3D ( 'NONE', #804, #2503, #2998 ) ;
#3219 = CARTESIAN_POINT ( 'NONE',  ( 1.049999999999999822, 0.7499999999999997780, -0.2250000000000000888 ) ) ;
#3220 = AXIS2_PLACEMENT_3D ( 'NONE', #1747, #2741, #2254 ) ;
#3221 = CARTESIAN_POINT ( 'NONE',  ( -1.050000000000000711, 0.2999999999999999889, 0.6500000000000000222 ) ) ;
#3222 = DIRECTION ( 'NONE',  ( 0.000000000000000000, 1.000000000000000000, 0.000000000000000000 ) ) ;
#3223 = EDGE_LOOP ( 'NONE', ( #2212, #1675, #2568, #809 ) ) ;
#3224 = EDGE_CURVE ( 'NONE', #3078, #1453, #2304, .T. ) ;
#3225 = FACE_OUTER_BOUND ( 'NONE', #626, .T. ) ;
#3226 = CARTESIAN_POINT ( 'NONE',  ( 1.399999999999999467, 0.7500000000000000000, -0.2250000000000001443 ) ) ;
#3227 = ORIENTED_EDGE ( 'NONE', *, *, #2786, .F. ) ;
#3228 = EDGE_CURVE ( 'NONE', #250, #756, #240, .T. ) ;
#3229 = CARTESIAN_POINT ( 'NONE',  ( -1.449999999999999734, 0.7500000000000000000, 0.7500000000000003331 ) ) ;
#3230 = DIRECTION ( 'NONE',  ( 0.000000000000000000, -1.000000000000000000, 0.000000000000000000 ) ) ;
#3231 = EDGE_LOOP ( 'NONE', ( #7, #1395, #1499, #2638 ) ) ;
#3232 = VERTEX_POINT ( 'NONE', #1761 ) ;
#3233 = DIRECTION ( 'NONE',  ( 0.000000000000000000, -1.000000000000000000, 0.000000000000000000 ) ) ;
#3234 = LINE ( 'NONE', #1490, #2260 ) ;
#3235 = DIRECTION ( 'NONE',  ( -1.000000000000000000, 0.000000000000000000, 0.000000000000000000 ) ) ;
#3236 = FILL_AREA_STYLE ('',( #1798 ) ) ;
#3237 = ADVANCED_FACE ( 'NONE', ( #295 ), #1288, .F. ) ;
#3238 = ORIENTED_EDGE ( 'NONE', *, *, #3101, .F. ) ;
#3239 = FACE_OUTER_BOUND ( 'NONE', #3146, .T. ) ;
#3240 = CARTESIAN_POINT ( 'NONE',  ( -1.376256313292352429, 0.2999999999999999889, -0.6500000000000001332 ) ) ;
#3241 = EDGE_LOOP ( 'NONE', ( #971, #685, #151, #2525 ) ) ;
ENDSEC;
END-ISO-10303-21;
